[{"idx": "400", "arch": "(3, 1, 0, 0, 1, 1)", "epe_nas": {"score": 0.019582502821322123, "time": 1.9876522971317172}, "val_accuracy": 92.33678436279297}, {"idx": "401", "arch": "(3, 1, 2, 0, 2, 0)", "epe_nas": {"score": 1.478159239520977, "time": 2.250299367122352}, "val_accuracy": 89.93331909179688}, {"idx": "402", "arch": "(3, 2, 0, 3, 3, 2)", "epe_nas": {"score": 0.0, "time": 3.134894363116473}, "val_accuracy": 91.84912872314453}, {"idx": "403", "arch": "(3, 3, 3, 1, 0, 1)", "epe_nas": {"score": 0, "time": 2.6978740580379963}, "val_accuracy": 92.51094818115234}, {"idx": "404", "arch": "(1, 0, 1, 2, 3, 0)", "epe_nas": {"score": 0.0, "time": 2.047374427318573}, "val_accuracy": 92.46118927001953}, {"idx": "405", "arch": "(2, 1, 1, 0, 3, 1)", "epe_nas": {"score": 0, "time": 2.0613157800398767}, "val_accuracy": 91.88395690917969}, {"idx": "406", "arch": "(1, 1, 3, 3, 2, 3)", "epe_nas": {"score": 0.0, "time": 3.084854729939252}, "val_accuracy": 93.29717254638672}, {"idx": "407", "arch": "(2, 3, 2, 3, 2, 2)", "epe_nas": {"score": 0, "time": 2.9529828620143235}, "val_accuracy": 89.96815490722656}, {"idx": "408", "arch": "(3, 1, 0, 3, 0, 3)", "epe_nas": {"score": 0, "time": 2.727589842863381}, "val_accuracy": 88.70919799804688}, {"idx": "409", "arch": "(3, 1, 2, 0, 3, 1)", "epe_nas": {"score": 0, "time": 2.5072170859202743}, "val_accuracy": 93.37181854248047}, {"idx": "410", "arch": "(1, 2, 0, 3, 2, 3)", "epe_nas": {"score": 0.0, "time": 2.6922569195739925}, "val_accuracy": 94.21278381347656}, {"idx": "411", "arch": "(3, 3, 3, 1, 1, 2)", "epe_nas": {"score": 0.0, "time": 2.912313655950129}, "val_accuracy": 92.55573272705078}, {"idx": "412", "arch": "(1, 3, 2, 2, 3, 0)", "epe_nas": {"score": 0, "time": 2.669447428546846}, "val_accuracy": 92.00338745117188}, {"idx": "413", "arch": "(3, 0, 1, 0, 3, 2)", "epe_nas": {"score": 0.0, "time": 2.3838288211263716}, "val_accuracy": 74.49243927001953}, {"idx": "414", "arch": "(1, 0, 1, 0, 3, 0)", "epe_nas": {"score": 1.4566059316352398, "time": 1.8841607910580933}, "val_accuracy": 91.01313781738281}, {"idx": "415", "arch": "(3, 0, 3, 2, 2, 1)", "epe_nas": {"score": 0, "time": 2.584969296120107}, "val_accuracy": 92.8841552734375}, {"idx": "416", "arch": "(0, 0, 2, 1, 3, 3)", "epe_nas": {"score": 0.0, "time": 2.4964043060317636}, "val_accuracy": 66.75955200195312}, {"idx": "417", "arch": "(0, 0, 0, 1, 1, 2)", "epe_nas": {"score": 0.0, "time": 1.5915136029943824}, "val_accuracy": 64.9034652709961}, {"idx": "418", "arch": "(2, 1, 1, 3, 3, 3)", "epe_nas": {"score": 0, "time": 2.9611447281204164}, "val_accuracy": 91.86405181884766}, {"idx": "419", "arch": "(0, 0, 1, 0, 3, 2)", "epe_nas": {"score": -100000000.0, "time": 1.5620298460125923}, "val_accuracy": 0.04976114630699158}, {"idx": "420", "arch": "(2, 0, 3, 3, 0, 1)", "epe_nas": {"score": 0, "time": 2.401468339841813}, "val_accuracy": 93.80474090576172}, {"idx": "421", "arch": "(2, 2, 3, 0, 1, 2)", "epe_nas": {"score": 0, "time": 2.350762713700533}, "val_accuracy": 87.10688781738281}, {"idx": "422", "arch": "(2, 1, 0, 2, 3, 2)", "epe_nas": {"score": 0.0, "time": 2.442022849805653}, "val_accuracy": 90.01791381835938}, {"idx": "423", "arch": "(1, 1, 1, 0, 1, 3)", "epe_nas": {"score": 8.009916938244814, "time": 2.077746600843966}, "val_accuracy": 92.23725891113281}, {"idx": "424", "arch": "(3, 3, 1, 0, 3, 1)", "epe_nas": {"score": 0, "time": 2.6503193639218807}, "val_accuracy": 87.90306854248047}, {"idx": "425", "arch": "(3, 1, 1, 2, 3, 3)", "epe_nas": {"score": 0, "time": 3.0093525177799165}, "val_accuracy": 94.76512908935547}, {"idx": "426", "arch": "(0, 1, 2, 3, 2, 2)", "epe_nas": {"score": 0, "time": 2.3978420067578554}, "val_accuracy": 90.92356872558594}, {"idx": "427", "arch": "(3, 1, 2, 3, 3, 2)", "epe_nas": {"score": 0, "time": 3.1131858360022306}, "val_accuracy": 93.64550018310547}, {"idx": "428", "arch": "(3, 3, 0, 0, 2, 2)", "epe_nas": {"score": 0, "time": 2.53980676503852}, "val_accuracy": 91.94367218017578}, {"idx": "429", "arch": "(0, 1, 1, 3, 2, 1)", "epe_nas": {"score": 0, "time": 1.9932571379467845}, "val_accuracy": 93.82464599609375}, {"idx": "430", "arch": "(0, 3, 1, 0, 3, 2)", "epe_nas": {"score": 0, "time": 2.3505417318083346}, "val_accuracy": 87.5845947265625}, {"idx": "431", "arch": "(1, 0, 2, 2, 0, 2)", "epe_nas": {"score": 0.0, "time": 2.0037752487696707}, "val_accuracy": 71.66600799560547}, {"idx": "432", "arch": "(1, 0, 0, 1, 1, 2)", "epe_nas": {"score": 0, "time": 1.7087581870146096}, "val_accuracy": 65.95342254638672}, {"idx": "433", "arch": "(1, 2, 1, 2, 0, 3)", "epe_nas": {"score": 0.0, "time": 2.3029288770630956}, "val_accuracy": 90.51055145263672}, {"idx": "434", "arch": "(1, 2, 3, 2, 1, 2)", "epe_nas": {"score": 0.0, "time": 2.491873811930418}, "val_accuracy": 91.75955200195312}, {"idx": "435", "arch": "(3, 1, 3, 1, 1, 1)", "epe_nas": {"score": 0, "time": 2.4317252528853714}, "val_accuracy": 91.58041381835938}, {"idx": "436", "arch": "(2, 1, 1, 2, 0, 1)", "epe_nas": {"score": 0.0, "time": 1.8049441617913544}, "val_accuracy": 79.93630981445312}, {"idx": "437", "arch": "(1, 0, 1, 3, 3, 1)", "epe_nas": {"score": 0, "time": 2.277910882141441}, "val_accuracy": 91.35649108886719}, {"idx": "438", "arch": "(0, 1, 3, 0, 1, 3)", "epe_nas": {"score": 0, "time": 2.359017750248313}, "val_accuracy": 87.82344818115234}, {"idx": "439", "arch": "(0, 2, 0, 0, 3, 3)", "epe_nas": {"score": 0, "time": 2.504510967992246}, "val_accuracy": 70.5662841796875}, {"idx": "440", "arch": "(0, 1, 2, 3, 3, 3)", "epe_nas": {"score": 0, "time": 2.9473807527683675}, "val_accuracy": 92.92396545410156}, {"idx": "441", "arch": "(0, 3, 2, 1, 0, 1)", "epe_nas": {"score": 0, "time": 2.033541267272085}, "val_accuracy": 94.13316345214844}, {"idx": "442", "arch": "(1, 2, 3, 2, 2, 3)", "epe_nas": {"score": 0, "time": 2.975268048699945}, "val_accuracy": 90.39610290527344}, {"idx": "443", "arch": "(0, 3, 0, 3, 1, 1)", "epe_nas": {"score": 0, "time": 2.180997649207711}, "val_accuracy": 92.76970672607422}, {"idx": "444", "arch": "(2, 1, 0, 1, 0, 1)", "epe_nas": {"score": 0.0, "time": 1.7583441347815096}, "val_accuracy": 62.077030181884766}, {"idx": "445", "arch": "(1, 2, 2, 1, 2, 2)", "epe_nas": {"score": 0, "time": 2.27615784201771}, "val_accuracy": 77.81150817871094}, {"idx": "446", "arch": "(3, 1, 1, 1, 0, 1)", "epe_nas": {"score": 0.0, "time": 1.923558703623712}, "val_accuracy": 89.83877563476562}, {"idx": "447", "arch": "(3, 0, 1, 2, 0, 2)", "epe_nas": {"score": 0.0, "time": 2.1357842260040343}, "val_accuracy": 93.2822494506836}, {"idx": "448", "arch": "(1, 3, 2, 3, 3, 1)", "epe_nas": {"score": 1.4079489748187062, "time": 2.923844543751329}, "val_accuracy": 91.00816345214844}, {"idx": "449", "arch": "(2, 1, 1, 2, 1, 2)", "epe_nas": {"score": 0.0, "time": 2.062179930973798}, "val_accuracy": 72.65127563476562}, {"idx": "450", "arch": "(1, 3, 1, 3, 3, 0)", "epe_nas": {"score": 0.0, "time": 2.8030938636511564}, "val_accuracy": 91.31170654296875}, {"idx": "451", "arch": "(2, 1, 2, 1, 2, 0)", "epe_nas": {"score": 0.0, "time": 2.1368154250085354}, "val_accuracy": 77.51791381835938}, {"idx": "452", "arch": "(0, 3, 3, 1, 2, 0)", "epe_nas": {"score": 0.6789657611503301, "time": 2.538171292282641}, "val_accuracy": 67.41142272949219}, {"idx": "453", "arch": "(1, 1, 1, 2, 2, 0)", "epe_nas": {"score": 0, "time": 1.9181819981895387}, "val_accuracy": 72.53682708740234}, {"idx": "454", "arch": "(3, 3, 1, 3, 3, 3)", "epe_nas": {"score": 0.0, "time": 3.5626995670609176}, "val_accuracy": 83.27030181884766}, {"idx": "455", "arch": "(0, 3, 0, 3, 2, 2)", "epe_nas": {"score": 0.0, "time": 2.545027227140963}, "val_accuracy": 94.3371810913086}, {"idx": "456", "arch": "(1, 0, 0, 1, 2, 2)", "epe_nas": {"score": 0, "time": 1.9045441998168826}, "val_accuracy": 77.1496810913086}, {"idx": "457", "arch": "(1, 1, 0, 3, 0, 1)", "epe_nas": {"score": 0, "time": 1.9232932678423822}, "val_accuracy": 93.15287017822266}, {"idx": "458", "arch": "(3, 1, 3, 1, 2, 1)", "epe_nas": {"score": 1.64616502461361, "time": 2.556724654044956}, "val_accuracy": 93.51114654541016}, {"idx": "459", "arch": "(1, 2, 2, 1, 3, 3)", "epe_nas": {"score": 0, "time": 2.8541497960686684}, "val_accuracy": 90.81409454345703}, {"idx": "460", "arch": "(1, 3, 3, 0, 2, 2)", "epe_nas": {"score": 1.6217273159759467, "time": 2.7235068632289767}, "val_accuracy": 92.93889617919922}, {"idx": "461", "arch": "(0, 0, 1, 2, 0, 3)", "epe_nas": {"score": 0, "time": 1.951833297032863}, "val_accuracy": 11.12161636352539}, {"idx": "462", "arch": "(0, 2, 1, 0, 0, 2)", "epe_nas": {"score": 0, "time": 1.6804982251487672}, "val_accuracy": 9.957205772399902}, {"idx": "463", "arch": "(2, 1, 3, 1, 3, 2)", "epe_nas": {"score": 0, "time": 2.874525171238929}, "val_accuracy": 91.53065490722656}, {"idx": "464", "arch": "(0, 3, 1, 3, 3, 3)", "epe_nas": {"score": 0.0, "time": 3.0499744871631265}, "val_accuracy": 92.42137908935547}, {"idx": "465", "arch": "(2, 2, 0, 2, 2, 1)", "epe_nas": {"score": 0, "time": 2.089590069837868}, "val_accuracy": 13.1867036819458}, {"idx": "466", "arch": "(2, 1, 2, 1, 3, 1)", "epe_nas": {"score": 0, "time": 2.474970415700227}, "val_accuracy": 93.01353454589844}, {"idx": "467", "arch": "(3, 3, 1, 2, 0, 2)", "epe_nas": {"score": 0, "time": 2.598012058995664}, "val_accuracy": 91.88395690917969}, {"idx": "468", "arch": "(0, 1, 3, 1, 2, 1)", "epe_nas": {"score": 0, "time": 2.189273113850504}, "val_accuracy": 64.15704345703125}, {"idx": "469", "arch": "(0, 1, 1, 2, 3, 0)", "epe_nas": {"score": 0.0, "time": 2.0516581083647907}, "val_accuracy": 11.863057136535645}, {"idx": "470", "arch": "(2, 3, 0, 0, 3, 1)", "epe_nas": {"score": 0, "time": 2.455219255294651}, "val_accuracy": 89.89350891113281}, {"idx": "471", "arch": "(2, 2, 1, 2, 3, 2)", "epe_nas": {"score": 0.0, "time": 2.5380995171144605}, "val_accuracy": 85.44984436035156}, {"idx": "472", "arch": "(2, 0, 2, 0, 0, 3)", "epe_nas": {"score": 0.0, "time": 2.1786434911191463}, "val_accuracy": 54.17496109008789}, {"idx": "473", "arch": "(0, 0, 3, 2, 2, 3)", "epe_nas": {"score": 0, "time": 2.6300767729990184}, "val_accuracy": 10.887739181518555}, {"idx": "474", "arch": "(2, 1, 3, 0, 0, 1)", "epe_nas": {"score": 0, "time": 2.0684069842100143}, "val_accuracy": 91.65505981445312}, {"idx": "475", "arch": "(2, 3, 1, 1, 0, 0)", "epe_nas": {"score": 0, "time": 2.020494371186942}, "val_accuracy": 69.31230163574219}, {"idx": "476", "arch": "(1, 1, 0, 3, 1, 1)", "epe_nas": {"score": 0, "time": 1.9134250390343368}, "val_accuracy": 93.34693908691406}, {"idx": "477", "arch": "(1, 2, 0, 1, 1, 0)", "epe_nas": {"score": 0, "time": 1.7420705719850957}, "val_accuracy": 64.79896545410156}, {"idx": "478", "arch": "(3, 0, 0, 2, 3, 2)", "epe_nas": {"score": 0, "time": 2.6447570510208607}, "val_accuracy": 90.18212890625}, {"idx": "479", "arch": "(1, 1, 3, 2, 0, 2)", "epe_nas": {"score": 2.128393565758227, "time": 2.3994186823256314}, "val_accuracy": 92.5855941772461}, {"idx": "480", "arch": "(3, 3, 2, 2, 1, 2)", "epe_nas": {"score": 0, "time": 2.7534356941469014}, "val_accuracy": 94.91441345214844}, {"idx": "481", "arch": "(3, 2, 0, 2, 2, 2)", "epe_nas": {"score": 0.0, "time": 2.530476007144898}, "val_accuracy": 92.48606872558594}, {"idx": "482", "arch": "(2, 0, 3, 0, 3, 1)", "epe_nas": {"score": 0, "time": 2.497127342969179}, "val_accuracy": 66.68988800048828}, {"idx": "483", "arch": "(3, 3, 0, 2, 0, 3)", "epe_nas": {"score": 0, "time": 2.880144039168954}, "val_accuracy": 91.47093963623047}, {"idx": "484", "arch": "(0, 3, 1, 2, 0, 1)", "epe_nas": {"score": 0.6952100920961355, "time": 1.978802985046059}, "val_accuracy": 91.98348236083984}, {"idx": "485", "arch": "(1, 0, 3, 0, 2, 2)", "epe_nas": {"score": 0.0, "time": 2.2580372956581414}, "val_accuracy": 93.52607727050781}, {"idx": "486", "arch": "(1, 1, 1, 3, 2, 2)", "epe_nas": {"score": 0, "time": 2.3341481210663915}, "val_accuracy": 93.68531036376953}, {"idx": "487", "arch": "(1, 3, 3, 1, 3, 0)", "epe_nas": {"score": 0, "time": 2.936475169379264}, "val_accuracy": 90.3463363647461}, {"idx": "488", "arch": "(2, 2, 2, 3, 2, 0)", "epe_nas": {"score": 0.0, "time": 2.499211432877928}, "val_accuracy": 91.67993927001953}, {"idx": "489", "arch": "(1, 2, 1, 1, 2, 1)", "epe_nas": {"score": 0, "time": 1.9689243519678712}, "val_accuracy": 77.04020690917969}, {"idx": "490", "arch": "(3, 1, 0, 0, 3, 0)", "epe_nas": {"score": 0.711595083042929, "time": 2.374202618841082}, "val_accuracy": 81.26493072509766}, {"idx": "491", "arch": "(3, 1, 0, 1, 0, 0)", "epe_nas": {"score": 0.0, "time": 1.9793131137266755}, "val_accuracy": 69.05354309082031}, {"idx": "492", "arch": "(0, 2, 1, 3, 0, 3)", "epe_nas": {"score": 0, "time": 2.3840615819208324}, "val_accuracy": 89.89350891113281}, {"idx": "493", "arch": "(0, 2, 2, 3, 2, 0)", "epe_nas": {"score": 0, "time": 2.3020660830661654}, "val_accuracy": 94.6407241821289}, {"idx": "494", "arch": "(0, 2, 0, 2, 0, 2)", "epe_nas": {"score": 0, "time": 1.8909734589979053}, "val_accuracy": 10.957405090332031}, {"idx": "495", "arch": "(0, 3, 2, 2, 1, 3)", "epe_nas": {"score": 0, "time": 2.631316005717963}, "val_accuracy": 93.44148254394531}, {"idx": "496", "arch": "(2, 1, 2, 2, 3, 3)", "epe_nas": {"score": 0, "time": 2.999584435019642}, "val_accuracy": 88.55493927001953}, {"idx": "497", "arch": "(2, 1, 3, 0, 1, 1)", "epe_nas": {"score": 0, "time": 2.028509872034192}, "val_accuracy": 93.24243927001953}, {"idx": "498", "arch": "(0, 3, 3, 2, 2, 1)", "epe_nas": {"score": 7.632806121926806, "time": 2.5844890102744102}, "val_accuracy": 93.4166030883789}, {"idx": "499", "arch": "(1, 1, 1, 3, 3, 3)", "epe_nas": {"score": 0.0, "time": 2.8539959718473256}, "val_accuracy": 91.94864654541016}, {"idx": "500", "arch": "(2, 3, 2, 0, 1, 3)", "epe_nas": {"score": 0.0, "time": 2.589162277057767}, "val_accuracy": 93.54100799560547}, {"idx": "501", "arch": "(0, 0, 2, 0, 1, 2)", "epe_nas": {"score": -100000000.0, "time": 1.4302168539725244}, "val_accuracy": 0.04976114630699158}, {"idx": "502", "arch": "(3, 0, 2, 3, 2, 1)", "epe_nas": {"score": 0, "time": 2.6273968596942723}, "val_accuracy": 92.61544799804688}, {"idx": "503", "arch": "(3, 1, 3, 2, 3, 3)", "epe_nas": {"score": 0, "time": 3.473414061125368}, "val_accuracy": 91.35151672363281}, {"idx": "504", "arch": "(2, 2, 1, 1, 1, 1)", "epe_nas": {"score": 0, "time": 1.7798988320864737}, "val_accuracy": 79.83678436279297}, {"idx": "505", "arch": "(3, 2, 3, 1, 1, 2)", "epe_nas": {"score": 0, "time": 2.689149926882237}, "val_accuracy": 92.19745635986328}, {"idx": "506", "arch": "(0, 2, 0, 2, 1, 3)", "epe_nas": {"score": 0, "time": 2.1646422469057143}, "val_accuracy": 84.7730941772461}, {"idx": "507", "arch": "(3, 2, 2, 1, 1, 1)", "epe_nas": {"score": 0, "time": 2.204550617840141}, "val_accuracy": 93.57086181640625}, {"idx": "508", "arch": "(0, 0, 2, 0, 2, 3)", "epe_nas": {"score": -100000000.0, "time": 1.7771362788043916}, "val_accuracy": 0.04976114630699158}, {"idx": "509", "arch": "(2, 3, 2, 2, 1, 1)", "epe_nas": {"score": 0.0, "time": 2.377225559204817}, "val_accuracy": 92.00836181640625}, {"idx": "510", "arch": "(1, 0, 1, 2, 1, 1)", "epe_nas": {"score": 0.0, "time": 1.599139061756432}, "val_accuracy": 78.9659652709961}, {"idx": "511", "arch": "(3, 3, 3, 0, 0, 1)", "epe_nas": {"score": 0, "time": 2.690564000979066}, "val_accuracy": 90.51055145263672}, {"idx": "512", "arch": "(1, 2, 0, 2, 1, 2)", "epe_nas": {"score": 0.0, "time": 1.9707648800686002}, "val_accuracy": 78.82662963867188}, {"idx": "513", "arch": "(0, 1, 2, 2, 1, 3)", "epe_nas": {"score": 0, "time": 2.2975584138184786}, "val_accuracy": 87.90306854248047}, {"idx": "514", "arch": "(2, 0, 3, 3, 3, 2)", "epe_nas": {"score": 0, "time": 3.1316354433074594}, "val_accuracy": 92.05812072753906}, {"idx": "515", "arch": "(2, 1, 3, 3, 1, 3)", "epe_nas": {"score": 0, "time": 3.03677266696468}, "val_accuracy": 93.21755981445312}, {"idx": "516", "arch": "(1, 0, 3, 3, 2, 3)", "epe_nas": {"score": 0.0, "time": 2.9814156470820308}, "val_accuracy": 91.70481872558594}, {"idx": "517", "arch": "(2, 2, 3, 0, 3, 1)", "epe_nas": {"score": 0.0, "time": 2.623717992566526}, "val_accuracy": 84.40983581542969}, {"idx": "518", "arch": "(2, 3, 3, 0, 2, 3)", "epe_nas": {"score": 0, "time": 3.144403339829296}, "val_accuracy": 87.39550018310547}, {"idx": "519", "arch": "(3, 2, 3, 1, 2, 3)", "epe_nas": {"score": 0, "time": 3.2203314946964383}, "val_accuracy": 92.04817199707031}, {"idx": "520", "arch": "(1, 0, 2, 2, 2, 2)", "epe_nas": {"score": 0.0, "time": 2.2044089469127357}, "val_accuracy": 72.90505981445312}, {"idx": "521", "arch": "(3, 2, 1, 3, 3, 3)", "epe_nas": {"score": 0, "time": 3.285576689057052}, "val_accuracy": 90.80413818359375}, {"idx": "522", "arch": "(1, 0, 1, 0, 2, 3)", "epe_nas": {"score": 1.820466529001055, "time": 2.0947371986694634}, "val_accuracy": 92.1029052734375}, {"idx": "523", "arch": "(3, 1, 2, 0, 2, 3)", "epe_nas": {"score": 0, "time": 2.6674479390494525}, "val_accuracy": 88.16182708740234}, {"idx": "524", "arch": "(0, 0, 1, 1, 2, 0)", "epe_nas": {"score": 0.0, "time": 1.6091903587803245}, "val_accuracy": 64.9034652709961}, {"idx": "525", "arch": "(1, 0, 2, 2, 3, 3)", "epe_nas": {"score": 0, "time": 2.7184845888987184}, "val_accuracy": 93.25736236572266}, {"idx": "526", "arch": "(3, 1, 2, 2, 2, 2)", "epe_nas": {"score": 0.0, "time": 2.634096683934331}, "val_accuracy": 93.137939453125}, {"idx": "527", "arch": "(1, 2, 1, 2, 2, 2)", "epe_nas": {"score": 0, "time": 2.1943722129799426}, "val_accuracy": 75.07464599609375}, {"idx": "528", "arch": "(3, 1, 0, 2, 0, 1)", "epe_nas": {"score": 0.0, "time": 2.024753460660577}, "val_accuracy": 80.36923217773438}, {"idx": "529", "arch": "(3, 0, 3, 1, 2, 0)", "epe_nas": {"score": 0, "time": 2.5231415377929807}, "val_accuracy": 94.30235290527344}, {"idx": "530", "arch": "(1, 3, 2, 2, 2, 2)", "epe_nas": {"score": 0, "time": 2.6667517507448792}, "val_accuracy": 91.06787872314453}, {"idx": "531", "arch": "(2, 0, 3, 2, 0, 0)", "epe_nas": {"score": 0, "time": 2.2221165117807686}, "val_accuracy": 16.635150909423828}, {"idx": "532", "arch": "(3, 3, 3, 3, 0, 2)", "epe_nas": {"score": 0.0, "time": 3.23118313588202}, "val_accuracy": 93.92416381835938}, {"idx": "533", "arch": "(2, 1, 0, 1, 3, 2)", "epe_nas": {"score": 0, "time": 2.3549964069388807}, "val_accuracy": 91.71476745605469}, {"idx": "534", "arch": "(1, 0, 2, 0, 3, 3)", "epe_nas": {"score": 0, "time": 2.5990577931515872}, "val_accuracy": 88.9779052734375}, {"idx": "535", "arch": "(0, 3, 1, 1, 2, 0)", "epe_nas": {"score": 0, "time": 1.9839146910235286}, "val_accuracy": 66.62519836425781}, {"idx": "536", "arch": "(2, 1, 1, 2, 3, 1)", "epe_nas": {"score": 0.3767719567180636, "time": 2.3924658042378724}, "val_accuracy": 91.56050872802734}, {"idx": "537", "arch": "(0, 3, 2, 1, 3, 1)", "epe_nas": {"score": 0, "time": 2.511079554911703}, "val_accuracy": 93.09315490722656}, {"idx": "538", "arch": "(1, 2, 3, 1, 1, 1)", "epe_nas": {"score": 0, "time": 2.194452801719308}, "val_accuracy": 92.62042236328125}, {"idx": "539", "arch": "(3, 1, 1, 1, 3, 1)", "epe_nas": {"score": 0.0, "time": 2.427472140174359}, "val_accuracy": 94.26254272460938}, {"idx": "540", "arch": "(2, 2, 0, 0, 1, 2)", "epe_nas": {"score": 0, "time": 1.9217751338146627}, "val_accuracy": 9.93232536315918}, {"idx": "541", "arch": "(2, 2, 2, 2, 0, 1)", "epe_nas": {"score": 0, "time": 2.0747721707448363}, "val_accuracy": 10.932523727416992}, {"idx": "542", "arch": "(1, 2, 3, 1, 2, 2)", "epe_nas": {"score": 0.0, "time": 2.5229094680398703}, "val_accuracy": 93.8097152709961}, {"idx": "543", "arch": "(0, 3, 0, 2, 1, 0)", "epe_nas": {"score": 0.0, "time": 1.9094767705537379}, "val_accuracy": 11.514729499816895}, {"idx": "544", "arch": "(1, 0, 0, 0, 1, 0)", "epe_nas": {"score": 0, "time": 1.4394811079837382}, "val_accuracy": 65.47571563720703}, {"idx": "545", "arch": "(2, 1, 0, 0, 0, 0)", "epe_nas": {"score": 0, "time": 1.6259851232171059}, "val_accuracy": 0.04976114630699158}, {"idx": "546", "arch": "(1, 2, 2, 0, 2, 1)", "epe_nas": {"score": 0, "time": 1.9594585979357362}, "val_accuracy": 73.74601745605469}, {"idx": "547", "arch": "(2, 2, 3, 2, 1, 2)", "epe_nas": {"score": 0, "time": 2.5250998162664473}, "val_accuracy": 85.31549072265625}, {"idx": "548", "arch": "(3, 1, 1, 0, 0, 0)", "epe_nas": {"score": 0, "time": 1.8485780009068549}, "val_accuracy": 0.04976114630699158}, {"idx": "549", "arch": "(1, 3, 0, 2, 1, 0)", "epe_nas": {"score": 0.0, "time": 1.985451579093933}, "val_accuracy": 75.35828399658203}, {"idx": "550", "arch": "(3, 3, 1, 2, 3, 2)", "epe_nas": {"score": 0.0, "time": 2.985496492125094}, "val_accuracy": 91.52069854736328}, {"idx": "551", "arch": "(2, 1, 2, 0, 2, 0)", "epe_nas": {"score": 0.0, "time": 2.0236511840485036}, "val_accuracy": 10.90764331817627}, {"idx": "552", "arch": "(0, 3, 0, 2, 2, 1)", "epe_nas": {"score": 0, "time": 2.1252701357007027}, "val_accuracy": 93.17774963378906}, {"idx": "553", "arch": "(1, 0, 0, 0, 2, 1)", "epe_nas": {"score": 0.0, "time": 1.6227883761748672}, "val_accuracy": 69.90943908691406}, {"idx": "554", "arch": "(3, 1, 3, 0, 2, 0)", "epe_nas": {"score": 0, "time": 2.497175061609596}, "val_accuracy": 89.83380126953125}, {"idx": "555", "arch": "(1, 2, 2, 0, 3, 2)", "epe_nas": {"score": 0, "time": 2.4881924567744136}, "val_accuracy": 85.36027526855469}, {"idx": "556", "arch": "(2, 0, 2, 1, 0, 2)", "epe_nas": {"score": 0, "time": 2.0370176061987877}, "val_accuracy": 75.77130126953125}, {"idx": "557", "arch": "(1, 1, 3, 2, 3, 3)", "epe_nas": {"score": 0.0, "time": 3.157743043266237}, "val_accuracy": 94.59593963623047}, {"idx": "558", "arch": "(1, 1, 1, 2, 1, 2)", "epe_nas": {"score": 0, "time": 1.9078063857741654}, "val_accuracy": 75.64192199707031}, {"idx": "559", "arch": "(3, 0, 2, 2, 1, 2)", "epe_nas": {"score": 0, "time": 2.34725557686761}, "val_accuracy": 92.9438705444336}, {"idx": "560", "arch": "(2, 1, 3, 0, 3, 1)", "epe_nas": {"score": 2.5055852090878155, "time": 2.5608852403238416}, "val_accuracy": 93.3917236328125}, {"idx": "561", "arch": "(3, 3, 0, 2, 2, 2)", "epe_nas": {"score": 0.0, "time": 2.819739774800837}, "val_accuracy": 92.76970672607422}, {"idx": "562", "arch": "(2, 2, 0, 1, 2, 0)", "epe_nas": {"score": 0, "time": 2.0128204822540283}, "val_accuracy": 79.56309509277344}, {"idx": "563", "arch": "(0, 3, 2, 0, 1, 0)", "epe_nas": {"score": -100000000.0, "time": 1.8851567753590643}, "val_accuracy": 0.04976114630699158}, {"idx": "564", "arch": "(3, 2, 0, 1, 0, 0)", "epe_nas": {"score": 0, "time": 2.122948497068137}, "val_accuracy": 69.31230163574219}, {"idx": "565", "arch": "(1, 2, 2, 3, 1, 2)", "epe_nas": {"score": 0.7858838943013469, "time": 2.3763287239708006}, "val_accuracy": 93.41162872314453}, {"idx": "566", "arch": "(2, 1, 2, 1, 2, 3)", "epe_nas": {"score": 0.0, "time": 2.555325080640614}, "val_accuracy": 92.76970672607422}, {"idx": "567", "arch": "(0, 1, 1, 2, 2, 2)", "epe_nas": {"score": 0.0, "time": 1.985307710710913}, "val_accuracy": 73.268310546875}, {"idx": "568", "arch": "(2, 3, 0, 0, 2, 3)", "epe_nas": {"score": 0, "time": 2.5522353178821504}, "val_accuracy": 90.5652847290039}, {"idx": "569", "arch": "(0, 3, 1, 2, 3, 1)", "epe_nas": {"score": 0, "time": 2.349984879139811}, "val_accuracy": 93.4962158203125}, {"idx": "570", "arch": "(2, 0, 0, 3, 2, 0)", "epe_nas": {"score": 0.0, "time": 2.128734653349966}, "val_accuracy": 89.94824981689453}, {"idx": "571", "arch": "(0, 3, 3, 3, 1, 0)", "epe_nas": {"score": 0, "time": 2.707434975076467}, "val_accuracy": 92.09295654296875}, {"idx": "572", "arch": "(1, 0, 0, 3, 1, 1)", "epe_nas": {"score": 0, "time": 1.87014823500067}, "val_accuracy": 93.85449981689453}, {"idx": "573", "arch": "(1, 0, 3, 1, 1, 0)", "epe_nas": {"score": 0.3586750774556724, "time": 1.9878712138161063}, "val_accuracy": 65.11743927001953}, {"idx": "574", "arch": "(2, 1, 0, 3, 0, 1)", "epe_nas": {"score": 0, "time": 2.1170345288701355}, "val_accuracy": 91.55553436279297}, {"idx": "575", "arch": "(3, 1, 1, 3, 0, 1)", "epe_nas": {"score": 0.0, "time": 2.3348602829501033}, "val_accuracy": 93.6405258178711}, {"idx": "576", "arch": "(3, 2, 0, 1, 1, 1)", "epe_nas": {"score": 0, "time": 2.065295700915158}, "val_accuracy": 93.77986145019531}, {"idx": "577", "arch": "(3, 3, 1, 1, 0, 0)", "epe_nas": {"score": 0, "time": 2.2559525882825255}, "val_accuracy": 67.47113800048828}, {"idx": "578", "arch": "(3, 3, 2, 1, 0, 1)", "epe_nas": {"score": 0, "time": 2.4654777660034597}, "val_accuracy": 93.64550018310547}, {"idx": "579", "arch": "(2, 1, 1, 1, 0, 2)", "epe_nas": {"score": 0.0, "time": 1.9231403232552111}, "val_accuracy": 73.77587890625}, {"idx": "580", "arch": "(0, 3, 2, 3, 0, 0)", "epe_nas": {"score": 0.0, "time": 2.375422810204327}, "val_accuracy": 91.8242416381836}, {"idx": "581", "arch": "(2, 2, 1, 2, 0, 0)", "epe_nas": {"score": 1.5022295752780246, "time": 1.930064958985895}, "val_accuracy": 11.027070045471191}, {"idx": "582", "arch": "(0, 0, 3, 1, 2, 1)", "epe_nas": {"score": 0.0, "time": 2.0707500521093607}, "val_accuracy": 65.82404327392578}, {"idx": "583", "arch": "(0, 1, 1, 2, 3, 3)", "epe_nas": {"score": 0, "time": 2.600437335204333}, "val_accuracy": 88.0324478149414}, {"idx": "584", "arch": "(2, 1, 2, 3, 2, 1)", "epe_nas": {"score": 0.0, "time": 2.4393918737769127}, "val_accuracy": 93.25238800048828}, {"idx": "585", "arch": "(2, 3, 2, 1, 0, 1)", "epe_nas": {"score": 0, "time": 2.237347804941237}, "val_accuracy": 93.0284652709961}, {"idx": "586", "arch": "(1, 0, 0, 3, 2, 2)", "epe_nas": {"score": 0.0, "time": 2.237288573756814}, "val_accuracy": 92.81946563720703}, {"idx": "587", "arch": "(3, 1, 3, 3, 2, 1)", "epe_nas": {"score": 0, "time": 2.9620016599074006}, "val_accuracy": 93.07324981689453}, {"idx": "588", "arch": "(3, 2, 1, 0, 1, 2)", "epe_nas": {"score": 0, "time": 2.1489217639900744}, "val_accuracy": 93.07324981689453}, {"idx": "589", "arch": "(2, 2, 3, 3, 1, 3)", "epe_nas": {"score": 0.0, "time": 3.0834267176687717}, "val_accuracy": 91.74960327148438}, {"idx": "590", "arch": "(1, 3, 0, 3, 1, 1)", "epe_nas": {"score": 0, "time": 2.272806519176811}, "val_accuracy": 94.34215545654297}, {"idx": "591", "arch": "(2, 3, 3, 1, 1, 2)", "epe_nas": {"score": 0.0, "time": 2.7138506080955267}, "val_accuracy": 93.98885345458984}, {"idx": "592", "arch": "(2, 3, 1, 1, 0, 3)", "epe_nas": {"score": 0, "time": 2.430401479359716}, "val_accuracy": 92.32683563232422}, {"idx": "593", "arch": "(0, 2, 0, 1, 0, 1)", "epe_nas": {"score": 0, "time": 1.602482405025512}, "val_accuracy": 77.7070083618164}, {"idx": "594", "arch": "(1, 2, 1, 1, 1, 3)", "epe_nas": {"score": 0, "time": 2.093074108939618}, "val_accuracy": 92.91899108886719}, {"idx": "595", "arch": "(3, 1, 2, 1, 0, 1)", "epe_nas": {"score": 0, "time": 2.079497348051518}, "val_accuracy": 93.90425872802734}, {"idx": "596", "arch": "(3, 2, 3, 2, 0, 0)", "epe_nas": {"score": 0, "time": 2.5662231729365885}, "val_accuracy": 10.569267272949219}, {"idx": "597", "arch": "(0, 1, 3, 3, 2, 1)", "epe_nas": {"score": 0.0, "time": 2.3725011609494686}, "val_accuracy": 94.31727600097656}, {"idx": "598", "arch": "(2, 3, 1, 3, 3, 1)", "epe_nas": {"score": 0.0, "time": 2.694674771744758}, "val_accuracy": 91.53065490722656}, {"idx": "599", "arch": "(3, 2, 2, 0, 0, 0)", "epe_nas": {"score": -100000000.0, "time": 2.1140834311954677}, "val_accuracy": 0.04976114630699158}]