[{"idx": "1800", "arch": "(0, 2, 0, 3, 0, 1)", "epe_nas": {"score": 0.339789180300742, "time": 2.0899514290504158}, "val_accuracy": 91.25199127197266}, {"idx": "1801", "arch": "(1, 2, 3, 3, 2, 2)", "epe_nas": {"score": 0.936352245193727, "time": 3.011379760224372}, "val_accuracy": 93.27229309082031}, {"idx": "1802", "arch": "(0, 1, 3, 0, 3, 0)", "epe_nas": {"score": -100000000.0, "time": 2.282792020123452}, "val_accuracy": 0.04976114630699158}, {"idx": "1803", "arch": "(1, 1, 2, 2, 3, 0)", "epe_nas": {"score": 0, "time": 2.3694898332469165}, "val_accuracy": 90.77925872802734}, {"idx": "1804", "arch": "(1, 3, 2, 2, 0, 2)", "epe_nas": {"score": 0.0, "time": 2.430642540100962}, "val_accuracy": 91.58041381835938}, {"idx": "1805", "arch": "(3, 0, 3, 1, 0, 0)", "epe_nas": {"score": 0, "time": 2.306302012875676}, "val_accuracy": 62.559715270996094}, {"idx": "1806", "arch": "(3, 3, 3, 2, 3, 0)", "epe_nas": {"score": 0.0, "time": 3.374784261919558}, "val_accuracy": 90.67475891113281}, {"idx": "1807", "arch": "(2, 0, 1, 2, 3, 1)", "epe_nas": {"score": 0, "time": 2.1837176769040525}, "val_accuracy": 83.98188781738281}, {"idx": "1808", "arch": "(3, 1, 1, 1, 1, 2)", "epe_nas": {"score": 0, "time": 2.1634545386768878}, "val_accuracy": 92.73487091064453}, {"idx": "1809", "arch": "(1, 3, 2, 2, 1, 3)", "epe_nas": {"score": 0, "time": 2.7364079211838543}, "val_accuracy": 93.09315490722656}, {"idx": "1810", "arch": "(0, 2, 3, 3, 3, 2)", "epe_nas": {"score": 0.0, "time": 3.0245907227508724}, "val_accuracy": 93.1976547241211}, {"idx": "1811", "arch": "(2, 0, 1, 1, 0, 1)", "epe_nas": {"score": 0.0, "time": 1.6252400111407042}, "val_accuracy": 77.7070083618164}, {"idx": "1812", "arch": "(2, 0, 0, 0, 0, 0)", "epe_nas": {"score": 0, "time": 1.52934825187549}, "val_accuracy": 0.04976114630699158}, {"idx": "1813", "arch": "(0, 3, 0, 3, 3, 3)", "epe_nas": {"score": 0.0, "time": 3.0700823650695384}, "val_accuracy": 92.42137908935547}, {"idx": "1814", "arch": "(0, 0, 1, 3, 1, 3)", "epe_nas": {"score": 1.7614512052067681, "time": 2.1298459046520293}, "val_accuracy": 91.02806854248047}, {"idx": "1815", "arch": "(2, 2, 0, 2, 3, 2)", "epe_nas": {"score": 0, "time": 2.5657738973386586}, "val_accuracy": 85.77826690673828}, {"idx": "1816", "arch": "(2, 2, 2, 1, 2, 3)", "epe_nas": {"score": 0.0, "time": 2.702695576939732}, "val_accuracy": 90.71456909179688}, {"idx": "1817", "arch": "(1, 1, 2, 2, 0, 3)", "epe_nas": {"score": 0.0, "time": 2.3938133348710835}, "val_accuracy": 88.05732727050781}, {"idx": "1818", "arch": "(0, 3, 3, 1, 3, 0)", "epe_nas": {"score": 0, "time": 2.7099937559105456}, "val_accuracy": 66.09773254394531}, {"idx": "1819", "arch": "(3, 2, 1, 2, 3, 2)", "epe_nas": {"score": 0.0, "time": 2.7911923858337104}, "val_accuracy": 94.31727600097656}, {"idx": "1820", "arch": "(0, 1, 3, 1, 3, 2)", "epe_nas": {"score": 0, "time": 2.6115916329436004}, "val_accuracy": 77.77169799804688}, {"idx": "1821", "arch": "(2, 0, 2, 0, 2, 0)", "epe_nas": {"score": 0, "time": 1.917330585885793}, "val_accuracy": 9.041600227355957}, {"idx": "1822", "arch": "(2, 1, 2, 0, 0, 1)", "epe_nas": {"score": 0.0, "time": 1.857138616964221}, "val_accuracy": 76.90585327148438}, {"idx": "1823", "arch": "(0, 2, 2, 1, 2, 3)", "epe_nas": {"score": 4.2430514368042145, "time": 2.468442296143621}, "val_accuracy": 93.0782241821289}, {"idx": "1824", "arch": "(1, 2, 2, 0, 0, 1)", "epe_nas": {"score": 0, "time": 1.8403827990405262}, "val_accuracy": 76.29379272460938}, {"idx": "1825", "arch": "(1, 3, 0, 1, 3, 2)", "epe_nas": {"score": 0, "time": 2.6538244681432843}, "val_accuracy": 92.04817199707031}, {"idx": "1826", "arch": "(1, 3, 3, 0, 0, 1)", "epe_nas": {"score": 0, "time": 2.4124281932599843}, "val_accuracy": 90.2070083618164}, {"idx": "1827", "arch": "(1, 1, 3, 1, 2, 0)", "epe_nas": {"score": 0, "time": 2.27168874675408}, "val_accuracy": 81.09076690673828}, {"idx": "1828", "arch": "(2, 0, 2, 0, 3, 1)", "epe_nas": {"score": 0, "time": 2.187241490930319}, "val_accuracy": 81.02110290527344}, {"idx": "1829", "arch": "(0, 3, 0, 2, 0, 1)", "epe_nas": {"score": 0, "time": 1.933957553934306}, "val_accuracy": 91.98348236083984}, {"idx": "1830", "arch": "(1, 0, 0, 0, 0, 1)", "epe_nas": {"score": 0, "time": 1.4308499987237155}, "val_accuracy": 0.04976114630699158}, {"idx": "1831", "arch": "(1, 1, 0, 3, 2, 2)", "epe_nas": {"score": 0.0, "time": 2.374534757807851}, "val_accuracy": 92.6353530883789}, {"idx": "1832", "arch": "(3, 1, 3, 0, 0, 0)", "epe_nas": {"score": 0, "time": 2.362043948844075}, "val_accuracy": 0.04976114630699158}, {"idx": "1833", "arch": "(2, 2, 3, 2, 0, 3)", "epe_nas": {"score": 0.0, "time": 2.884211728349328}, "val_accuracy": 85.36524963378906}, {"idx": "1834", "arch": "(1, 1, 3, 2, 1, 3)", "epe_nas": {"score": 0.0, "time": 2.7130656419321895}, "val_accuracy": 92.99861145019531}, {"idx": "1835", "arch": "(3, 2, 0, 2, 3, 3)", "epe_nas": {"score": 0, "time": 3.202878398820758}, "val_accuracy": 92.86425018310547}, {"idx": "1836", "arch": "(3, 3, 2, 3, 2, 2)", "epe_nas": {"score": 0.0, "time": 3.271603970322758}, "val_accuracy": 91.11763763427734}, {"idx": "1837", "arch": "(0, 3, 1, 2, 1, 2)", "epe_nas": {"score": 0, "time": 2.1012785150669515}, "val_accuracy": 93.2822494506836}, {"idx": "1838", "arch": "(0, 2, 1, 3, 2, 0)", "epe_nas": {"score": 0, "time": 2.142951058689505}, "val_accuracy": 92.68013763427734}, {"idx": "1839", "arch": "(2, 0, 0, 3, 0, 1)", "epe_nas": {"score": 0, "time": 1.9062293921597302}, "val_accuracy": 92.16759490966797}, {"idx": "1840", "arch": "(2, 2, 0, 1, 0, 0)", "epe_nas": {"score": 0, "time": 1.8767357720062137}, "val_accuracy": 65.18212890625}, {"idx": "1841", "arch": "(2, 2, 2, 3, 3, 1)", "epe_nas": {"score": 0, "time": 2.803030028939247}, "val_accuracy": 92.2123794555664}, {"idx": "1842", "arch": "(3, 0, 1, 3, 2, 0)", "epe_nas": {"score": 0, "time": 2.3538737716153264}, "val_accuracy": 91.97352600097656}, {"idx": "1843", "arch": "(3, 2, 1, 1, 0, 0)", "epe_nas": {"score": 0, "time": 2.0731156980618834}, "val_accuracy": 69.31230163574219}, {"idx": "1844", "arch": "(2, 3, 1, 0, 1, 0)", "epe_nas": {"score": 0.0, "time": 1.9883778649382293}, "val_accuracy": 15.913615226745605}, {"idx": "1845", "arch": "(0, 3, 2, 2, 3, 0)", "epe_nas": {"score": 0, "time": 2.5622011413797736}, "val_accuracy": 9.375}, {"idx": "1846", "arch": "(0, 1, 1, 2, 0, 2)", "epe_nas": {"score": 0.0, "time": 1.8300125319510698}, "val_accuracy": 76.29379272460938}, {"idx": "1847", "arch": "(0, 3, 3, 2, 3, 2)", "epe_nas": {"score": 0.0, "time": 3.0545778507366776}, "val_accuracy": 93.55095672607422}, {"idx": "1848", "arch": "(0, 3, 1, 2, 2, 3)", "epe_nas": {"score": 3.008423432750154, "time": 2.600508691277355}, "val_accuracy": 93.25736236572266}, {"idx": "1849", "arch": "(1, 0, 3, 0, 3, 2)", "epe_nas": {"score": 0.0, "time": 2.5465091206133366}, "val_accuracy": 89.54020690917969}, {"idx": "1850", "arch": "(1, 0, 0, 3, 0, 3)", "epe_nas": {"score": 0.0, "time": 2.2795484149828553}, "val_accuracy": 93.07324981689453}, {"idx": "1851", "arch": "(2, 0, 0, 3, 1, 2)", "epe_nas": {"score": 0.0, "time": 2.145365197211504}, "val_accuracy": 93.56090545654297}, {"idx": "1852", "arch": "(2, 0, 2, 3, 2, 1)", "epe_nas": {"score": 2.6458994166691028, "time": 2.3889880990609527}, "val_accuracy": 90.20203399658203}, {"idx": "1853", "arch": "(2, 2, 0, 1, 1, 1)", "epe_nas": {"score": 0, "time": 1.8206038558855653}, "val_accuracy": 77.81150817871094}, {"idx": "1854", "arch": "(2, 3, 0, 0, 0, 3)", "epe_nas": {"score": 0.0, "time": 2.390426142141223}, "val_accuracy": 78.294189453125}, {"idx": "1855", "arch": "(3, 0, 1, 3, 3, 1)", "epe_nas": {"score": 0.0, "time": 2.6361479037441313}, "val_accuracy": 92.17755126953125}, {"idx": "1856", "arch": "(2, 3, 0, 3, 0, 1)", "epe_nas": {"score": 0, "time": 2.3415220263414085}, "val_accuracy": 90.22193908691406}, {"idx": "1857", "arch": "(1, 2, 1, 0, 3, 1)", "epe_nas": {"score": 0, "time": 2.0590646639466286}, "val_accuracy": 89.82881927490234}, {"idx": "1858", "arch": "(3, 1, 3, 3, 0, 2)", "epe_nas": {"score": 1.318795207699279, "time": 2.9894190249033272}, "val_accuracy": 92.5507583618164}, {"idx": "1859", "arch": "(2, 2, 1, 1, 2, 2)", "epe_nas": {"score": 0, "time": 2.2125205658376217}, "val_accuracy": 77.15963745117188}, {"idx": "1860", "arch": "(0, 2, 2, 3, 3, 0)", "epe_nas": {"score": 0.06389980650781446, "time": 2.610453794244677}, "val_accuracy": 92.12281036376953}, {"idx": "1861", "arch": "(3, 0, 0, 1, 1, 1)", "epe_nas": {"score": 0, "time": 1.8170726797543466}, "val_accuracy": 92.33678436279297}, {"idx": "1862", "arch": "(0, 1, 1, 2, 1, 3)", "epe_nas": {"score": 0, "time": 2.06048302911222}, "val_accuracy": 92.46118927001953}, {"idx": "1863", "arch": "(2, 0, 2, 3, 3, 2)", "epe_nas": {"score": 0, "time": 2.8281350820325315}, "val_accuracy": 90.64490509033203}, {"idx": "1864", "arch": "(1, 0, 1, 2, 2, 2)", "epe_nas": {"score": 0.0, "time": 1.9943805462680757}, "val_accuracy": 73.74601745605469}, {"idx": "1865", "arch": "(1, 3, 0, 3, 0, 3)", "epe_nas": {"score": 0, "time": 2.7325461879372597}, "val_accuracy": 89.68949127197266}, {"idx": "1866", "arch": "(1, 3, 1, 2, 1, 1)", "epe_nas": {"score": 0, "time": 1.9664006577804685}, "val_accuracy": 93.03841400146484}, {"idx": "1867", "arch": "(3, 0, 0, 1, 2, 2)", "epe_nas": {"score": 0, "time": 2.2983370078727603}, "val_accuracy": 94.95919799804688}, {"idx": "1868", "arch": "(3, 2, 2, 1, 2, 1)", "epe_nas": {"score": 0, "time": 2.471527205314487}, "val_accuracy": 94.41680145263672}, {"idx": "1869", "arch": "(2, 3, 3, 3, 3, 2)", "epe_nas": {"score": 0.0, "time": 3.5659783626906574}, "val_accuracy": 92.61544799804688}, {"idx": "1870", "arch": "(0, 1, 2, 1, 3, 0)", "epe_nas": {"score": 0, "time": 2.0984565522521734}, "val_accuracy": 64.47054290771484}, {"idx": "1871", "arch": "(0, 1, 3, 3, 0, 1)", "epe_nas": {"score": 0.0, "time": 2.294150145724416}, "val_accuracy": 91.59534454345703}, {"idx": "1872", "arch": "(2, 3, 1, 3, 1, 1)", "epe_nas": {"score": 0.0, "time": 2.4420992149971426}, "val_accuracy": 92.26712036132812}, {"idx": "1873", "arch": "(2, 3, 2, 3, 3, 1)", "epe_nas": {"score": 0, "time": 3.089295621961355}, "val_accuracy": 91.59534454345703}, {"idx": "1874", "arch": "(1, 0, 1, 2, 3, 3)", "epe_nas": {"score": 0, "time": 2.53834809968248}, "val_accuracy": 89.5899658203125}, {"idx": "1875", "arch": "(1, 3, 1, 2, 2, 2)", "epe_nas": {"score": 0, "time": 2.4284135908819735}, "val_accuracy": 92.92893981933594}, {"idx": "1876", "arch": "(0, 1, 3, 3, 1, 2)", "epe_nas": {"score": 0, "time": 2.4213523799553514}, "val_accuracy": 92.2969741821289}, {"idx": "1877", "arch": "(0, 2, 0, 3, 2, 0)", "epe_nas": {"score": 0, "time": 2.0732379676774144}, "val_accuracy": 92.68013763427734}, {"idx": "1878", "arch": "(1, 2, 1, 3, 3, 2)", "epe_nas": {"score": 0, "time": 2.704789255745709}, "val_accuracy": 92.99861145019531}, {"idx": "1879", "arch": "(2, 3, 1, 3, 2, 2)", "epe_nas": {"score": 0.9041478558310363, "time": 2.7987994379363954}, "val_accuracy": 89.43073272705078}, {"idx": "1880", "arch": "(3, 1, 0, 3, 1, 1)", "epe_nas": {"score": 0, "time": 2.2765225982293487}, "val_accuracy": 92.97372436523438}, {"idx": "1881", "arch": "(1, 3, 2, 2, 3, 3)", "epe_nas": {"score": 0.0, "time": 3.2224730481393635}, "val_accuracy": 94.10330200195312}, {"idx": "1882", "arch": "(1, 0, 1, 0, 3, 3)", "epe_nas": {"score": 0, "time": 2.351038465742022}, "val_accuracy": 89.6795425415039}, {"idx": "1883", "arch": "(2, 0, 3, 2, 1, 1)", "epe_nas": {"score": 0, "time": 2.13947639381513}, "val_accuracy": 85.29558563232422}, {"idx": "1884", "arch": "(1, 0, 3, 2, 0, 2)", "epe_nas": {"score": 0.28109525648397504, "time": 2.2712569730356336}, "val_accuracy": 89.74920654296875}, {"idx": "1885", "arch": "(3, 2, 3, 0, 0, 2)", "epe_nas": {"score": 0.0, "time": 2.5962156201712787}, "val_accuracy": 89.1719741821289}, {"idx": "1886", "arch": "(1, 3, 3, 3, 1, 0)", "epe_nas": {"score": 0, "time": 2.7425425401888788}, "val_accuracy": 94.0634994506836}, {"idx": "1887", "arch": "(2, 3, 3, 2, 0, 0)", "epe_nas": {"score": 0, "time": 2.5934611852280796}, "val_accuracy": 10.569267272949219}, {"idx": "1888", "arch": "(0, 2, 0, 3, 3, 1)", "epe_nas": {"score": 0.0, "time": 2.3595237489789724}, "val_accuracy": 93.30215454101562}, {"idx": "1889", "arch": "(1, 0, 2, 1, 0, 2)", "epe_nas": {"score": 0, "time": 1.8859717319719493}, "val_accuracy": 78.25935363769531}, {"idx": "1890", "arch": "(3, 0, 3, 1, 3, 0)", "epe_nas": {"score": 0.5275494265103626, "time": 2.7605754621326923}, "val_accuracy": 91.02806854248047}, {"idx": "1891", "arch": "(1, 0, 1, 1, 0, 1)", "epe_nas": {"score": 0.0, "time": 1.4882129640318453}, "val_accuracy": 64.4804916381836}, {"idx": "1892", "arch": "(0, 2, 3, 2, 2, 2)", "epe_nas": {"score": 0, "time": 2.5526308729313314}, "val_accuracy": 10.708599090576172}, {"idx": "1893", "arch": "(2, 0, 1, 1, 2, 0)", "epe_nas": {"score": 0, "time": 1.8055439344607294}, "val_accuracy": 76.90585327148438}, {"idx": "1894", "arch": "(1, 3, 3, 3, 2, 1)", "epe_nas": {"score": 0, "time": 2.948746208101511}, "val_accuracy": 92.67018127441406}, {"idx": "1895", "arch": "(1, 1, 0, 2, 0, 2)", "epe_nas": {"score": 0, "time": 1.8575500161387026}, "val_accuracy": 74.94526672363281}, {"idx": "1896", "arch": "(3, 3, 0, 0, 3, 1)", "epe_nas": {"score": 0, "time": 2.6941520208492875}, "val_accuracy": 90.51055145263672}, {"idx": "1897", "arch": "(3, 2, 3, 0, 2, 2)", "epe_nas": {"score": 0, "time": 2.8406976917758584}, "val_accuracy": 89.70442199707031}, {"idx": "1898", "arch": "(1, 3, 2, 1, 0, 1)", "epe_nas": {"score": 0.33804231258771633, "time": 2.1099560810253024}, "val_accuracy": 93.5559310913086}, {"idx": "1899", "arch": "(0, 0, 1, 3, 3, 2)", "epe_nas": {"score": 0.0, "time": 2.297177349217236}, "val_accuracy": 91.80931854248047}, {"idx": "1900", "arch": "(2, 2, 2, 2, 1, 2)", "epe_nas": {"score": 0.0, "time": 2.2793489969335496}, "val_accuracy": 9.484475135803223}, {"idx": "1901", "arch": "(0, 1, 3, 0, 2, 2)", "epe_nas": {"score": 0.0, "time": 2.2511816369369626}, "val_accuracy": 73.28821563720703}, {"idx": "1902", "arch": "(1, 1, 2, 2, 2, 2)", "epe_nas": {"score": 0, "time": 2.311429929919541}, "val_accuracy": 76.88594818115234}, {"idx": "1903", "arch": "(1, 1, 0, 2, 1, 3)", "epe_nas": {"score": 0, "time": 2.166665079072118}, "val_accuracy": 90.79916381835938}, {"idx": "1904", "arch": "(2, 0, 1, 1, 3, 1)", "epe_nas": {"score": 0, "time": 2.1192106222733855}, "val_accuracy": 93.24243927001953}, {"idx": "1905", "arch": "(2, 0, 0, 0, 3, 0)", "epe_nas": {"score": 0, "time": 1.9856390790082514}, "val_accuracy": 68.34693908691406}, {"idx": "1906", "arch": "(0, 2, 2, 2, 0, 0)", "epe_nas": {"score": 0, "time": 1.8690715138800442}, "val_accuracy": 11.007165908813477}, {"idx": "1907", "arch": "(1, 3, 2, 1, 1, 2)", "epe_nas": {"score": 0, "time": 2.3733642073348165}, "val_accuracy": 94.40187072753906}, {"idx": "1908", "arch": "(0, 3, 3, 1, 1, 2)", "epe_nas": {"score": 0.0, "time": 2.4794805999845266}, "val_accuracy": 93.476318359375}, {"idx": "1909", "arch": "(3, 0, 1, 2, 1, 1)", "epe_nas": {"score": 0.0, "time": 1.9732532822526991}, "val_accuracy": 90.38614654541016}, {"idx": "1910", "arch": "(1, 1, 2, 2, 3, 3)", "epe_nas": {"score": 0.0, "time": 2.9185751951299608}, "val_accuracy": 92.52090454101562}, {"idx": "1911", "arch": "(1, 1, 1, 1, 3, 0)", "epe_nas": {"score": 0, "time": 2.099995584692806}, "val_accuracy": 92.18252563476562}, {"idx": "1912", "arch": "(0, 3, 0, 2, 3, 2)", "epe_nas": {"score": 0.0, "time": 2.584555000066757}, "val_accuracy": 93.46138763427734}, {"idx": "1913", "arch": "(1, 0, 0, 0, 3, 2)", "epe_nas": {"score": 0, "time": 2.134598550852388}, "val_accuracy": 84.27050018310547}, {"idx": "1914", "arch": "(1, 3, 1, 3, 3, 3)", "epe_nas": {"score": 0, "time": 3.2261972036212683}, "val_accuracy": 93.37181854248047}, {"idx": "1915", "arch": "(0, 2, 2, 2, 1, 1)", "epe_nas": {"score": 0, "time": 1.9326045089401305}, "val_accuracy": 11.49482536315918}, {"idx": "1916", "arch": "(0, 0, 2, 3, 0, 1)", "epe_nas": {"score": 0.0, "time": 1.9388452991843224}, "val_accuracy": 92.18252563476562}, {"idx": "1917", "arch": "(0, 3, 3, 1, 2, 3)", "epe_nas": {"score": 0.0, "time": 3.010725475847721}, "val_accuracy": 93.35191345214844}, {"idx": "1918", "arch": "(1, 1, 1, 2, 2, 3)", "epe_nas": {"score": 0, "time": 2.3446601987816393}, "val_accuracy": 91.05294799804688}, {"idx": "1919", "arch": "(1, 3, 0, 2, 2, 0)", "epe_nas": {"score": 0, "time": 2.274296729825437}, "val_accuracy": 74.68650817871094}, {"idx": "1920", "arch": "(1, 3, 3, 0, 3, 1)", "epe_nas": {"score": 0.0, "time": 2.7897530551999807}, "val_accuracy": 91.43611145019531}, {"idx": "1921", "arch": "(2, 2, 3, 2, 2, 2)", "epe_nas": {"score": 0, "time": 2.7681696973741055}, "val_accuracy": 83.2603530883789}, {"idx": "1922", "arch": "(2, 2, 0, 1, 3, 1)", "epe_nas": {"score": 1.2124907280450055, "time": 2.255303869023919}, "val_accuracy": 93.57086181640625}, {"idx": "1923", "arch": "(3, 1, 1, 0, 1, 0)", "epe_nas": {"score": 0, "time": 1.804093445185572}, "val_accuracy": 92.26214599609375}, {"idx": "1924", "arch": "(3, 3, 0, 3, 3, 2)", "epe_nas": {"score": 0.0, "time": 3.285146506037563}, "val_accuracy": 91.78443908691406}, {"idx": "1925", "arch": "(3, 0, 2, 2, 2, 2)", "epe_nas": {"score": 0, "time": 2.56331151118502}, "val_accuracy": 90.71456909179688}, {"idx": "1926", "arch": "(0, 0, 3, 2, 3, 2)", "epe_nas": {"score": 0.0, "time": 2.609384580049664}, "val_accuracy": 10.887739181518555}, {"idx": "1927", "arch": "(2, 0, 0, 3, 3, 1)", "epe_nas": {"score": 0, "time": 2.409737614914775}, "val_accuracy": 89.89350891113281}, {"idx": "1928", "arch": "(3, 2, 0, 1, 2, 2)", "epe_nas": {"score": 0.0, "time": 2.4094319636933506}, "val_accuracy": 92.30693054199219}, {"idx": "1929", "arch": "(1, 2, 0, 1, 0, 2)", "epe_nas": {"score": 0, "time": 1.9394430043175817}, "val_accuracy": 80.07066345214844}, {"idx": "1930", "arch": "(3, 2, 1, 1, 3, 0)", "epe_nas": {"score": 0, "time": 2.5383056439459324}, "val_accuracy": 92.32185363769531}, {"idx": "1931", "arch": "(2, 3, 0, 3, 2, 0)", "epe_nas": {"score": 0, "time": 2.567539482843131}, "val_accuracy": 93.59076690673828}, {"idx": "1932", "arch": "(0, 2, 2, 0, 2, 1)", "epe_nas": {"score": 0.0, "time": 1.914255427196622}, "val_accuracy": 10.733479499816895}, {"idx": "1933", "arch": "(1, 3, 0, 0, 3, 0)", "epe_nas": {"score": 0, "time": 2.347118186764419}, "val_accuracy": 88.38077545166016}, {"idx": "1934", "arch": "(2, 2, 3, 1, 0, 2)", "epe_nas": {"score": 0, "time": 2.494453500956297}, "val_accuracy": 92.6900863647461}, {"idx": "1935", "arch": "(1, 1, 3, 1, 1, 2)", "epe_nas": {"score": 0, "time": 2.316688986029476}, "val_accuracy": 91.85907745361328}, {"idx": "1936", "arch": "(3, 3, 2, 2, 2, 1)", "epe_nas": {"score": 0.7654346946943766, "time": 2.7907692659646273}, "val_accuracy": 91.35649108886719}, {"idx": "1937", "arch": "(2, 2, 3, 3, 3, 0)", "epe_nas": {"score": 0, "time": 3.0984576395712793}, "val_accuracy": 92.20740509033203}, {"idx": "1938", "arch": "(2, 0, 0, 2, 0, 0)", "epe_nas": {"score": 0, "time": 1.730168079957366}, "val_accuracy": 11.385350227355957}, {"idx": "1939", "arch": "(0, 1, 0, 2, 3, 1)", "epe_nas": {"score": 0.0, "time": 2.055586230941117}, "val_accuracy": 76.02010345458984}, {"idx": "1940", "arch": "(1, 2, 0, 1, 1, 3)", "epe_nas": {"score": 0, "time": 2.1951286317780614}, "val_accuracy": 92.42137908935547}, {"idx": "1941", "arch": "(2, 3, 0, 3, 3, 1)", "epe_nas": {"score": 0, "time": 2.83227509399876}, "val_accuracy": 91.73965454101562}, {"idx": "1942", "arch": "(1, 3, 0, 3, 2, 2)", "epe_nas": {"score": 0.0, "time": 2.7647700114175677}, "val_accuracy": 91.4908447265625}, {"idx": "1943", "arch": "(0, 2, 1, 3, 1, 2)", "epe_nas": {"score": 0.0, "time": 2.133897475898266}, "val_accuracy": 89.94824981689453}, {"idx": "1944", "arch": "(1, 3, 3, 1, 3, 3)", "epe_nas": {"score": 0, "time": 3.4487720150500536}, "val_accuracy": 93.17277526855469}, {"idx": "1945", "arch": "(2, 2, 2, 3, 2, 3)", "epe_nas": {"score": 0, "time": 3.0365738831460476}, "val_accuracy": 91.28682708740234}, {"idx": "1946", "arch": "(1, 1, 3, 1, 2, 3)", "epe_nas": {"score": 0, "time": 2.7471267357468605}, "val_accuracy": 92.78961181640625}, {"idx": "1947", "arch": "(2, 0, 1, 3, 0, 0)", "epe_nas": {"score": 0, "time": 1.945435136090964}, "val_accuracy": 92.16759490966797}, {"idx": "1948", "arch": "(3, 1, 0, 1, 0, 3)", "epe_nas": {"score": 0, "time": 2.3945478927344084}, "val_accuracy": 91.45103454589844}, {"idx": "1949", "arch": "(0, 1, 1, 1, 0, 1)", "epe_nas": {"score": 0.0, "time": 1.4889786718413234}, "val_accuracy": 64.4804916381836}, {"idx": "1950", "arch": "(2, 0, 2, 2, 2, 0)", "epe_nas": {"score": 0.0, "time": 2.1356945247389376}, "val_accuracy": 11.49482536315918}, {"idx": "1951", "arch": "(2, 1, 2, 2, 0, 1)", "epe_nas": {"score": 0.0, "time": 2.006527464836836}, "val_accuracy": 73.4972152709961}, {"idx": "1952", "arch": "(3, 0, 3, 0, 1, 0)", "epe_nas": {"score": 0, "time": 2.218611787073314}, "val_accuracy": 92.2720947265625}, {"idx": "1953", "arch": "(3, 1, 0, 3, 3, 1)", "epe_nas": {"score": 0.0, "time": 2.7032154900953174}, "val_accuracy": 94.00875854492188}, {"idx": "1954", "arch": "(0, 2, 2, 3, 2, 3)", "epe_nas": {"score": 0, "time": 2.8032001559622586}, "val_accuracy": 90.18710327148438}, {"idx": "1955", "arch": "(3, 2, 2, 0, 1, 1)", "epe_nas": {"score": 0, "time": 2.1963780289515853}, "val_accuracy": 91.14251708984375}, {"idx": "1956", "arch": "(3, 0, 0, 0, 1, 0)", "epe_nas": {"score": 0, "time": 1.798013195861131}, "val_accuracy": 91.63017272949219}, {"idx": "1957", "arch": "(3, 0, 1, 3, 2, 3)", "epe_nas": {"score": 0.0, "time": 2.8465793947689235}, "val_accuracy": 89.73925018310547}, {"idx": "1958", "arch": "(0, 1, 1, 1, 1, 2)", "epe_nas": {"score": 0, "time": 1.7222236269153655}, "val_accuracy": 76.42814636230469}, {"idx": "1959", "arch": "(0, 1, 3, 3, 3, 1)", "epe_nas": {"score": 0, "time": 2.731216883752495}, "val_accuracy": 93.00856018066406}, {"idx": "1960", "arch": "(2, 0, 0, 2, 1, 0)", "epe_nas": {"score": 1.9146150496671424, "time": 1.6993322209455073}, "val_accuracy": 11.255971908569336}, {"idx": "1961", "arch": "(2, 0, 2, 2, 3, 1)", "epe_nas": {"score": 0.0, "time": 2.363634767010808}, "val_accuracy": 83.57384490966797}, {"idx": "1962", "arch": "(1, 0, 0, 2, 0, 1)", "epe_nas": {"score": 0, "time": 1.6351868617348373}, "val_accuracy": 10.698646545410156}, {"idx": "1963", "arch": "(3, 1, 3, 2, 0, 0)", "epe_nas": {"score": 0.0, "time": 2.603043673094362}, "val_accuracy": 10.021895408630371}, {"idx": "1964", "arch": "(1, 0, 1, 1, 2, 1)", "epe_nas": {"score": 0, "time": 1.7060191668570042}, "val_accuracy": 80.1054916381836}, {"idx": "1965", "arch": "(2, 3, 2, 2, 2, 0)", "epe_nas": {"score": 1.6066146332895612, "time": 2.5237967330031097}, "val_accuracy": 10.902667045593262}, {"idx": "1966", "arch": "(2, 0, 1, 0, 1, 1)", "epe_nas": {"score": 0.0, "time": 1.5252991621382535}, "val_accuracy": 16.874004364013672}, {"idx": "1967", "arch": "(0, 0, 0, 2, 1, 0)", "epe_nas": {"score": 0.0, "time": 1.5270865838974714}, "val_accuracy": 10.663813591003418}, {"idx": "1968", "arch": "(0, 2, 3, 1, 0, 1)", "epe_nas": {"score": 0, "time": 2.0736564858816564}, "val_accuracy": 77.19944763183594}, {"idx": "1969", "arch": "(1, 3, 1, 1, 1, 0)", "epe_nas": {"score": 0, "time": 1.9513126779347658}, "val_accuracy": 65.62997436523438}, {"idx": "1970", "arch": "(2, 2, 0, 3, 0, 0)", "epe_nas": {"score": 0.0, "time": 2.148248052690178}, "val_accuracy": 93.28722381591797}, {"idx": "1971", "arch": "(2, 2, 1, 0, 2, 0)", "epe_nas": {"score": 0, "time": 1.950222559273243}, "val_accuracy": 10.320462226867676}, {"idx": "1972", "arch": "(1, 1, 1, 0, 0, 0)", "epe_nas": {"score": 0, "time": 1.5990284360013902}, "val_accuracy": 0.04976114630699158}, {"idx": "1973", "arch": "(2, 3, 1, 2, 1, 0)", "epe_nas": {"score": 1.070556698352036, "time": 2.1354923830367625}, "val_accuracy": 11.912818908691406}, {"idx": "1974", "arch": "(3, 2, 1, 3, 0, 1)", "epe_nas": {"score": 0, "time": 2.3978553800843656}, "val_accuracy": 92.1875}, {"idx": "1975", "arch": "(2, 2, 1, 3, 1, 2)", "epe_nas": {"score": 0.0, "time": 2.3611107203178108}, "val_accuracy": 94.60091400146484}, {"idx": "1976", "arch": "(0, 1, 2, 1, 2, 2)", "epe_nas": {"score": 0, "time": 2.1295005581341684}, "val_accuracy": 76.06488800048828}, {"idx": "1977", "arch": "(0, 0, 2, 2, 3, 0)", "epe_nas": {"score": 0, "time": 2.170242973137647}, "val_accuracy": 10.897690773010254}, {"idx": "1978", "arch": "(3, 0, 3, 3, 1, 1)", "epe_nas": {"score": 0, "time": 2.642264998983592}, "val_accuracy": 91.41620635986328}, {"idx": "1979", "arch": "(2, 2, 0, 3, 1, 1)", "epe_nas": {"score": 0.0, "time": 2.172068316023797}, "val_accuracy": 94.01871490478516}, {"idx": "1980", "arch": "(1, 3, 1, 1, 2, 1)", "epe_nas": {"score": 0.0, "time": 2.1877288902178407}, "val_accuracy": 92.73487091064453}, {"idx": "1981", "arch": "(1, 2, 3, 0, 1, 2)", "epe_nas": {"score": 0.46287889548767946, "time": 2.291258528828621}, "val_accuracy": 90.89868927001953}, {"idx": "1982", "arch": "(2, 0, 3, 1, 0, 0)", "epe_nas": {"score": 0.0, "time": 2.107386509887874}, "val_accuracy": 64.7342758178711}, {"idx": "1983", "arch": "(3, 2, 2, 3, 1, 2)", "epe_nas": {"score": 0, "time": 2.773178010713309}, "val_accuracy": 92.43132781982422}, {"idx": "1984", "arch": "(2, 3, 3, 2, 3, 0)", "epe_nas": {"score": 0.0, "time": 3.1266450053080916}, "val_accuracy": 88.07225799560547}, {"idx": "1985", "arch": "(2, 3, 1, 2, 2, 1)", "epe_nas": {"score": 0, "time": 2.3537750099785626}, "val_accuracy": 91.03304290771484}, {"idx": "1986", "arch": "(1, 2, 1, 2, 3, 1)", "epe_nas": {"score": 0.0, "time": 2.288072249852121}, "val_accuracy": 93.3917236328125}, {"idx": "1987", "arch": "(3, 1, 0, 2, 1, 0)", "epe_nas": {"score": 0, "time": 2.104289893992245}, "val_accuracy": 90.3712158203125}, {"idx": "1988", "arch": "(1, 2, 3, 3, 1, 0)", "epe_nas": {"score": 0, "time": 2.503486373927444}, "val_accuracy": 94.13316345214844}, {"idx": "1989", "arch": "(1, 0, 1, 1, 3, 1)", "epe_nas": {"score": 0.0, "time": 1.9700080542825162}, "val_accuracy": 92.48606872558594}, {"idx": "1990", "arch": "(3, 0, 0, 3, 1, 1)", "epe_nas": {"score": 0, "time": 2.1866343719884753}, "val_accuracy": 92.76970672607422}, {"idx": "1991", "arch": "(0, 1, 2, 1, 3, 3)", "epe_nas": {"score": 0.0, "time": 2.623006002046168}, "val_accuracy": 93.9440689086914}, {"idx": "1992", "arch": "(0, 2, 3, 1, 1, 1)", "epe_nas": {"score": 0, "time": 2.0440617953427136}, "val_accuracy": 77.19944763183594}, {"idx": "1993", "arch": "(3, 0, 3, 3, 2, 2)", "epe_nas": {"score": 0, "time": 3.0401048543863}, "val_accuracy": 91.44108581542969}, {"idx": "1994", "arch": "(3, 0, 3, 1, 2, 3)", "epe_nas": {"score": 0, "time": 3.029016917105764}, "val_accuracy": 94.16301727294922}, {"idx": "1995", "arch": "(0, 3, 0, 1, 1, 1)", "epe_nas": {"score": 0, "time": 1.8728294880129397}, "val_accuracy": 92.33678436279297}, {"idx": "1996", "arch": "(1, 1, 0, 2, 3, 2)", "epe_nas": {"score": 0, "time": 2.3282187771983445}, "val_accuracy": 91.00816345214844}, {"idx": "1997", "arch": "(3, 3, 3, 3, 1, 1)", "epe_nas": {"score": 0.0, "time": 2.9243698879145086}, "val_accuracy": 94.03861236572266}, {"idx": "1998", "arch": "(3, 1, 2, 2, 3, 0)", "epe_nas": {"score": 0.0, "time": 2.594319637864828}, "val_accuracy": 91.60529327392578}, {"idx": "1999", "arch": "(2, 0, 3, 2, 0, 3)", "epe_nas": {"score": 0.0, "time": 2.5170895042829216}, "val_accuracy": 87.24124145507812}]