[{"idx": "2800", "arch": "(4, 3, 2, 1, 2)", "epe_nas": {"score": 2.042389353012765, "time": 2.4088906440883875}, "val_accuracy": 89.84872436523438}, {"idx": "2801", "arch": "(2, 4, 1, 1, 3, 1)", "epe_nas": {"score": 3.099713348215526, "time": 3.396882463246584}, "val_accuracy": 95.68570709228516}, {"idx": "2802", "arch": "(2, 2, 4, 3, 1)", "epe_nas": {"score": 0.0, "time": 5.975581087172031}, "val_accuracy": 96.66102600097656}, {"idx": "2803", "arch": "(3, 3, 2, 3, 1)", "epe_nas": {"score": 0, "time": 1.5300514213740826}, "val_accuracy": 90.66978454589844}, {"idx": "2804", "arch": "(1, 2, 1, 3, 2, 3)", "epe_nas": {"score": 0.0, "time": 3.0743599142879248}, "val_accuracy": 94.90445709228516}, {"idx": "2805", "arch": "(3, 3, 4, 1, 1, 2)", "epe_nas": {"score": 0, "time": 1.5847511300817132}, "val_accuracy": 92.37659454345703}, {"idx": "2806", "arch": "(2, 3, 2, 3, 2, 1)", "epe_nas": {"score": 0.0, "time": 3.439724030904472}, "val_accuracy": 94.8099136352539}, {"idx": "2807", "arch": "(2, 3, 3, 3, 2, 2)", "epe_nas": {"score": 0, "time": 2.3983402410522103}, "val_accuracy": 95.04876708984375}, {"idx": "2808", "arch": "(2, 1, 1, 3, 2, 1)", "epe_nas": {"score": 0, "time": 3.609473253134638}, "val_accuracy": 95.5911636352539}, {"idx": "2809", "arch": "(2, 1, 3, 2, 1, 3)", "epe_nas": {"score": 0, "time": 3.3523662206716835}, "val_accuracy": 94.93431854248047}, {"idx": "2810", "arch": "(3, 1, 2, 3, 2, 1)", "epe_nas": {"score": 0.0, "time": 2.0185459330677986}, "val_accuracy": 89.93830108642578}, {"idx": "2811", "arch": "(2, 3, 4, 4, 3)", "epe_nas": {"score": 0.0, "time": 2.5102378320880234}, "val_accuracy": 94.68053436279297}, {"idx": "2812", "arch": "(2, 1, 4, 1, 3, 3)", "epe_nas": {"score": 0, "time": 3.326551039237529}, "val_accuracy": 95.24781036376953}, {"idx": "2813", "arch": "(3, 1, 4, 2, 1, 3)", "epe_nas": {"score": 0.0, "time": 1.8588068978860974}, "val_accuracy": 92.97372436523438}, {"idx": "2814", "arch": "(1, 2, 3, 3, 4, 3)", "epe_nas": {"score": 0.3302308060977781, "time": 2.220932080410421}, "val_accuracy": 95.77528381347656}, {"idx": "2815", "arch": "(3, 4, 4, 1, 3)", "epe_nas": {"score": 0, "time": 1.724883209913969}, "val_accuracy": 89.75418090820312}, {"idx": "2816", "arch": "(3, 1, 1, 2, 2, 1)", "epe_nas": {"score": 0.0, "time": 2.376418688800186}, "val_accuracy": 92.7149658203125}, {"idx": "2817", "arch": "(1, 3, 4, 1, 3)", "epe_nas": {"score": 0.0, "time": 1.7172149787656963}, "val_accuracy": 94.73527526855469}, {"idx": "2818", "arch": "(2, 1, 1, 3, 3, 2)", "epe_nas": {"score": 0, "time": 3.0077407411299646}, "val_accuracy": 95.94446563720703}, {"idx": "2819", "arch": "(4, 3, 3, 1, 4, 1)", "epe_nas": {"score": 0.0, "time": 1.7016793177463114}, "val_accuracy": 91.29180145263672}, {"idx": "2820", "arch": "(4, 2, 1, 4)", "epe_nas": {"score": 0, "time": 2.77266686828807}, "val_accuracy": 91.34156036376953}, {"idx": "2821", "arch": "(4, 3, 4, 3, 1, 2)", "epe_nas": {"score": 0, "time": 1.901432838756591}, "val_accuracy": 91.71476745605469}, {"idx": "2822", "arch": "(1, 2, 3, 1, 2)", "epe_nas": {"score": 0.0, "time": 2.5804335549473763}, "val_accuracy": 94.85967254638672}, {"idx": "2823", "arch": "(4, 4, 1, 3, 1, 3)", "epe_nas": {"score": 6.977101724961998, "time": 2.06220691325143}, "val_accuracy": 91.60529327392578}, {"idx": "2824", "arch": "(3, 1, 1, 2, 3, 2)", "epe_nas": {"score": 0, "time": 1.7677076077088714}, "val_accuracy": 90.42098236083984}, {"idx": "2825", "arch": "(1, 3, 4, 2, 4)", "epe_nas": {"score": 0, "time": 2.0512917172163725}, "val_accuracy": 94.22273254394531}, {"idx": "2826", "arch": "(4, 1, 3, 3, 4, 1)", "epe_nas": {"score": 0, "time": 1.8400022890418768}, "val_accuracy": 90.92356872558594}, {"idx": "2827", "arch": "(1, 4, 3, 3, 2)", "epe_nas": {"score": 0, "time": 1.844644317869097}, "val_accuracy": 92.56070709228516}, {"idx": "2828", "arch": "(1, 2, 3, 2, 3)", "epe_nas": {"score": 0, "time": 2.600310076959431}, "val_accuracy": 95.8150863647461}, {"idx": "2829", "arch": "(3, 1, 2, 3, 3, 1)", "epe_nas": {"score": 0, "time": 1.7155464389361441}, "val_accuracy": 92.1626205444336}, {"idx": "2830", "arch": "(3, 3, 3, 2, 1, 3)", "epe_nas": {"score": 0, "time": 1.540223766118288}, "val_accuracy": 86.78841400146484}, {"idx": "2831", "arch": "(3, 3, 1, 3, 2, 2)", "epe_nas": {"score": 0.0, "time": 1.6432712832465768}, "val_accuracy": 89.32125854492188}, {"idx": "2832", "arch": "(2, 4, 2, 3, 1)", "epe_nas": {"score": 0, "time": 4.662523687817156}, "val_accuracy": 96.53662872314453}, {"idx": "2833", "arch": "(1, 2, 3, 2, 1, 1)", "epe_nas": {"score": 0.0, "time": 3.2531364751048386}, "val_accuracy": 95.53643035888672}, {"idx": "2834", "arch": "(1, 2, 4, 1, 3, 1)", "epe_nas": {"score": 0.0, "time": 3.0376240969635546}, "val_accuracy": 95.60111236572266}, {"idx": "2835", "arch": "(1, 4, 3, 4, 3)", "epe_nas": {"score": 0, "time": 1.8512605358846486}, "val_accuracy": 94.69049072265625}, {"idx": "2836", "arch": "(1, 4, 1, 4, 4)", "epe_nas": {"score": 0.0, "time": 2.178195046260953}, "val_accuracy": 93.27726745605469}, {"idx": "2837", "arch": "(1, 1, 4, 3, 4, 3)", "epe_nas": {"score": 0, "time": 1.9852362419478595}, "val_accuracy": 95.17814636230469}, {"idx": "2838", "arch": "(3, 2, 2, 4, 3)", "epe_nas": {"score": 0, "time": 2.7720248349942267}, "val_accuracy": 90.95342254638672}, {"idx": "2839", "arch": "(1, 3, 4, 1, 1, 1)", "epe_nas": {"score": 0, "time": 1.7861414081417024}, "val_accuracy": 94.67058563232422}, {"idx": "2840", "arch": "(3, 3, 4, 2, 2, 3)", "epe_nas": {"score": 0, "time": 1.9928152291104198}, "val_accuracy": 92.45621490478516}, {"idx": "2841", "arch": "(4, 1, 1, 2, 1)", "epe_nas": {"score": 0, "time": 2.51702030422166}, "val_accuracy": 92.04817199707031}, {"idx": "2842", "arch": "(3, 4, 2, 2, 3, 1)", "epe_nas": {"score": 0, "time": 2.6892517590895295}, "val_accuracy": 93.0284652709961}, {"idx": "2843", "arch": "(1, 1, 4, 1, 4)", "epe_nas": {"score": 0, "time": 2.0253322911448777}, "val_accuracy": 94.05354309082031}, {"idx": "2844", "arch": "(3, 3, 1, 3, 3, 2)", "epe_nas": {"score": 0.0, "time": 1.5074163121171296}, "val_accuracy": 86.1912841796875}, {"idx": "2845", "arch": "(1, 1, 4, 4, 1, 1)", "epe_nas": {"score": 0, "time": 2.2572235413827}, "val_accuracy": 94.63574981689453}, {"idx": "2846", "arch": "(2, 3, 2, 4, 3, 3)", "epe_nas": {"score": 0.0, "time": 3.3345112833194435}, "val_accuracy": 94.7850341796875}, {"idx": "2847", "arch": "(1, 3, 1, 3, 2, 3)", "epe_nas": {"score": 0.0, "time": 1.6987661211751401}, "val_accuracy": 94.60091400146484}, {"idx": "2848", "arch": "(1, 2, 4, 1, 4, 1)", "epe_nas": {"score": 1.0639048381758431, "time": 3.8696615640074015}, "val_accuracy": 96.78045654296875}, {"idx": "2849", "arch": "(2, 1, 1, 4, 3, 3)", "epe_nas": {"score": 0.0, "time": 3.3220893940888345}, "val_accuracy": 95.5662841796875}, {"idx": "2850", "arch": "(3, 1, 2, 4, 3, 3)", "epe_nas": {"score": 0.0, "time": 1.8528926181606948}, "val_accuracy": 91.64510345458984}, {"idx": "2851", "arch": "(2, 1, 3, 1, 3, 1)", "epe_nas": {"score": 0.0, "time": 2.5960853109136224}, "val_accuracy": 95.1184310913086}, {"idx": "2852", "arch": "(2, 1, 2, 4, 1, 1)", "epe_nas": {"score": 1.697931068276647, "time": 8.299182440154254}, "val_accuracy": 95.4219741821289}, {"idx": "2853", "arch": "(1, 4, 3, 2, 2, 3)", "epe_nas": {"score": 0, "time": 2.67658898094669}, "val_accuracy": 94.85469818115234}, {"idx": "2854", "arch": "(3, 1, 4, 1, 3, 1)", "epe_nas": {"score": 0.0, "time": 1.678924614097923}, "val_accuracy": 90.1224136352539}, {"idx": "2855", "arch": "(3, 1, 3, 4, 1, 1)", "epe_nas": {"score": 0.0, "time": 1.6223835689015687}, "val_accuracy": 92.11783599853516}, {"idx": "2856", "arch": "(3, 2, 1, 1, 2, 1)", "epe_nas": {"score": 0, "time": 2.5523628750815988}, "val_accuracy": 92.89411163330078}, {"idx": "2857", "arch": "(3, 2, 1, 1, 1)", "epe_nas": {"score": 0, "time": 1.870014674961567}, "val_accuracy": 91.75955200195312}, {"idx": "2858", "arch": "(1, 4, 1, 1, 2, 1)", "epe_nas": {"score": 0.4817599840413524, "time": 2.778951190877706}, "val_accuracy": 95.71556854248047}, {"idx": "2859", "arch": "(2, 2, 1, 2, 3, 1)", "epe_nas": {"score": 0, "time": 13.26424825610593}, "val_accuracy": 96.01911163330078}, {"idx": "2860", "arch": "(3, 2, 1, 2, 1, 4)", "epe_nas": {"score": 1.6355986257010686, "time": 3.0464474917389452}, "val_accuracy": 90.84394836425781}, {"idx": "2861", "arch": "(3, 3, 2, 1, 4, 3)", "epe_nas": {"score": 0, "time": 1.6339519992470741}, "val_accuracy": 92.99861145019531}, {"idx": "2862", "arch": "(3, 1, 1, 3, 4, 3)", "epe_nas": {"score": 0, "time": 1.6368373618461192}, "val_accuracy": 89.46556854248047}, {"idx": "2863", "arch": "(3, 3, 1, 1, 4, 2)", "epe_nas": {"score": 0, "time": 1.597115394193679}, "val_accuracy": 93.8943099975586}, {"idx": "2864", "arch": "(4, 1, 1, 1, 3, 4)", "epe_nas": {"score": 0.0, "time": 2.0189072568900883}, "val_accuracy": 91.95860290527344}, {"idx": "2865", "arch": "(4, 2, 2, 3, 1, 1)", "epe_nas": {"score": 0, "time": 4.924569682218134}, "val_accuracy": 93.92913818359375}, {"idx": "2866", "arch": "(1, 4, 2, 1, 3, 3)", "epe_nas": {"score": 0, "time": 2.6900788070634007}, "val_accuracy": 95.18312072753906}, {"idx": "2867", "arch": "(3, 4, 1, 3, 1)", "epe_nas": {"score": 0, "time": 1.6181765426881611}, "val_accuracy": 93.79975891113281}, {"idx": "2868", "arch": "(3, 1, 3, 4, 2, 2)", "epe_nas": {"score": 0, "time": 1.8678946234285831}, "val_accuracy": 91.6600341796875}, {"idx": "2869", "arch": "(2, 3, 3, 2, 3)", "epe_nas": {"score": 0.0, "time": 2.1640144791454077}, "val_accuracy": 94.87460327148438}, {"idx": "2870", "arch": "(2, 3, 1, 1, 3, 4)", "epe_nas": {"score": 0, "time": 2.371785234194249}, "val_accuracy": 95.87480163574219}, {"idx": "2871", "arch": "(3, 4, 4, 2, 1, 3)", "epe_nas": {"score": 0.0, "time": 2.315126669127494}, "val_accuracy": 89.19187927246094}, {"idx": "2872", "arch": "(3, 3, 2, 2, 1, 1)", "epe_nas": {"score": 0.0, "time": 1.9038616819307208}, "val_accuracy": 91.7695083618164}, {"idx": "2873", "arch": "(4, 1, 2, 2, 3)", "epe_nas": {"score": 0, "time": 3.9743206910789013}, "val_accuracy": 92.67018127441406}, {"idx": "2874", "arch": "(1, 1, 1, 3, 2, 1)", "epe_nas": {"score": 0, "time": 2.1464703986421227}, "val_accuracy": 93.45641326904297}, {"idx": "2875", "arch": "(2, 3, 4, 2, 3, 3)", "epe_nas": {"score": 0, "time": 3.067563908174634}, "val_accuracy": 94.98407745361328}, {"idx": "2876", "arch": "(3, 4, 1, 4, 2)", "epe_nas": {"score": 0, "time": 1.8589107422158122}, "val_accuracy": 90.25676727294922}, {"idx": "2877", "arch": "(2, 2, 2, 3, 1, 3)", "epe_nas": {"score": 0, "time": 12.164796465076506}, "val_accuracy": 95.820068359375}, {"idx": "2878", "arch": "(1, 3, 3, 1, 2, 3)", "epe_nas": {"score": 0, "time": 1.703431747853756}, "val_accuracy": 94.96914672851562}, {"idx": "2879", "arch": "(2, 4, 4, 1, 1, 1)", "epe_nas": {"score": 0.3096307373400702, "time": 4.2719110222533345}, "val_accuracy": 96.45203399658203}, {"idx": "2880", "arch": "(2, 1, 3, 2, 3, 3)", "epe_nas": {"score": 0, "time": 3.0353593858890235}, "val_accuracy": 96.03901672363281}, {"idx": "2881", "arch": "(2, 1, 3, 4, 3, 2)", "epe_nas": {"score": 0.0, "time": 2.900656357873231}, "val_accuracy": 93.85449981689453}, {"idx": "2882", "arch": "(1, 3, 1, 4, 2)", "epe_nas": {"score": 0, "time": 1.7227397239767015}, "val_accuracy": 92.83937072753906}, {"idx": "2883", "arch": "(4, 3, 2, 4, 3)", "epe_nas": {"score": 0, "time": 2.132967074867338}, "val_accuracy": 92.36166381835938}, {"idx": "2884", "arch": "(3, 1, 4, 2, 3, 3)", "epe_nas": {"score": 1.3552901151681542, "time": 1.8001562277786434}, "val_accuracy": 92.57563781738281}, {"idx": "2885", "arch": "(3, 1, 4, 4, 3, 2)", "epe_nas": {"score": 0.0, "time": 1.7496073907241225}, "val_accuracy": 89.9532241821289}, {"idx": "2886", "arch": "(1, 1, 3, 3, 4, 1)", "epe_nas": {"score": 0, "time": 1.802154541015625}, "val_accuracy": 94.0037841796875}, {"idx": "2887", "arch": "(3, 1, 3, 2, 3, 2)", "epe_nas": {"score": 0, "time": 1.6882574269548059}, "val_accuracy": 89.72432708740234}, {"idx": "2888", "arch": "(3, 2, 4, 3, 3, 1)", "epe_nas": {"score": 0.0, "time": 1.934498354792595}, "val_accuracy": 89.65465545654297}, {"idx": "2889", "arch": "(1, 2, 4, 3, 1, 1)", "epe_nas": {"score": 0, "time": 2.773036941420287}, "val_accuracy": 95.85987091064453}, {"idx": "2890", "arch": "(2, 1, 4, 4)", "epe_nas": {"score": 0.18655607057261836, "time": 3.1653746450319886}, "val_accuracy": 96.44207763671875}, {"idx": "2891", "arch": "(4, 1, 1, 4, 4, 1)", "epe_nas": {"score": 0.0, "time": 2.4900523419491947}, "val_accuracy": 94.700439453125}, {"idx": "2892", "arch": "(1, 1, 2, 3, 3, 4)", "epe_nas": {"score": 0, "time": 2.3790258318185806}, "val_accuracy": 93.74005126953125}, {"idx": "2893", "arch": "(3, 2, 3, 1, 1, 1)", "epe_nas": {"score": 0, "time": 1.6852382430806756}, "val_accuracy": 90.1224136352539}, {"idx": "2894", "arch": "(4, 3, 3, 1, 1)", "epe_nas": {"score": 0, "time": 1.6000380753539503}, "val_accuracy": 92.95880126953125}, {"idx": "2895", "arch": "(4, 2, 3, 1, 3, 3)", "epe_nas": {"score": 0, "time": 2.3429426411166787}, "val_accuracy": 92.45621490478516}, {"idx": "2896", "arch": "(3, 4, 4, 3, 2)", "epe_nas": {"score": 0, "time": 1.7475492819212377}, "val_accuracy": 89.78901672363281}, {"idx": "2897", "arch": "(3, 3, 3, 1, 4, 1)", "epe_nas": {"score": 0, "time": 1.547692810650915}, "val_accuracy": 90.23686218261719}, {"idx": "2898", "arch": "(1, 1, 3, 3, 2)", "epe_nas": {"score": 0.8880993831368809, "time": 1.722196748945862}, "val_accuracy": 94.34713745117188}, {"idx": "2899", "arch": "(4, 2, 3, 3)", "epe_nas": {"score": 0.0, "time": 2.0563573017716408}, "val_accuracy": 90.17217254638672}, {"idx": "2900", "arch": "(2, 1, 3, 3, 1, 2)", "epe_nas": {"score": 0.0, "time": 2.639393238350749}, "val_accuracy": 95.75039672851562}, {"idx": "2901", "arch": "(3, 4, 2, 4, 1, 1)", "epe_nas": {"score": 0.0, "time": 2.4654325218871236}, "val_accuracy": 91.16242218017578}, {"idx": "2902", "arch": "(4, 3, 1, 1, 1)", "epe_nas": {"score": 0, "time": 1.65604740800336}, "val_accuracy": 93.35688781738281}, {"idx": "2903", "arch": "(2, 3, 3, 2, 2, 1)", "epe_nas": {"score": 0, "time": 3.118165750056505}, "val_accuracy": 95.3722152709961}, {"idx": "2904", "arch": "(3, 1, 4, 2, 4, 3)", "epe_nas": {"score": 0, "time": 2.0983042023144662}, "val_accuracy": 93.94904327392578}, {"idx": "2905", "arch": "(1, 1, 3, 4, 3)", "epe_nas": {"score": 0, "time": 1.756941244006157}, "val_accuracy": 94.26254272460938}, {"idx": "2906", "arch": "(1, 4, 1, 2, 3, 3)", "epe_nas": {"score": 0, "time": 2.500442870426923}, "val_accuracy": 94.56111145019531}, {"idx": "2907", "arch": "(2, 2, 1, 3, 4, 3)", "epe_nas": {"score": 0, "time": 6.003842324018478}, "val_accuracy": 96.75557708740234}, {"idx": "2908", "arch": "(2, 3, 3, 3, 1, 4)", "epe_nas": {"score": 0.0, "time": 2.148699263110757}, "val_accuracy": 95.00895690917969}, {"idx": "2909", "arch": "(1, 3, 4, 4, 3)", "epe_nas": {"score": 0.0, "time": 1.7412498546764255}, "val_accuracy": 94.22770690917969}, {"idx": "2910", "arch": "(3, 3, 2, 2, 3)", "epe_nas": {"score": 0.0, "time": 1.7285210872069001}, "val_accuracy": 90.62997436523438}, {"idx": "2911", "arch": "(2, 3, 2, 3, 1, 3)", "epe_nas": {"score": 0, "time": 2.659571305848658}, "val_accuracy": 95.30752563476562}, {"idx": "2912", "arch": "(3, 2, 2, 3, 4, 3)", "epe_nas": {"score": 0.0, "time": 2.565265404060483}, "val_accuracy": 91.913818359375}, {"idx": "2913", "arch": "(2, 1, 4, 2, 3, 1)", "epe_nas": {"score": 0, "time": 5.163685676176101}, "val_accuracy": 96.31768035888672}, {"idx": "2914", "arch": "(3, 1, 2, 2, 2, 1)", "epe_nas": {"score": 0, "time": 4.866256766952574}, "val_accuracy": 93.30712890625}, {"idx": "2915", "arch": "(1, 2, 4, 4, 1, 3)", "epe_nas": {"score": 0, "time": 3.6808514380827546}, "val_accuracy": 94.98407745361328}, {"idx": "2916", "arch": "(1, 2, 2, 1, 4, 1)", "epe_nas": {"score": 0.0, "time": 7.768141714856029}, "val_accuracy": 96.16341400146484}, {"idx": "2917", "arch": "(3, 2, 3, 4, 1, 2)", "epe_nas": {"score": 0.0, "time": 2.0305952448397875}, "val_accuracy": 92.1277847290039}, {"idx": "2918", "arch": "(4, 4, 1, 3, 3)", "epe_nas": {"score": 0, "time": 1.9170614168979228}, "val_accuracy": 91.83917236328125}, {"idx": "2919", "arch": "(3, 4, 4, 1, 3, 1)", "epe_nas": {"score": 0, "time": 1.709421263076365}, "val_accuracy": 90.30653381347656}, {"idx": "2920", "arch": "(2, 4, 4, 1, 3)", "epe_nas": {"score": 0.0, "time": 3.6628469908609986}, "val_accuracy": 95.53643035888672}, {"idx": "2921", "arch": "(1, 1, 4, 1, 3, 4)", "epe_nas": {"score": 0, "time": 2.0430924729444087}, "val_accuracy": 95.0587158203125}, {"idx": "2922", "arch": "(3, 1, 1, 2, 1, 3)", "epe_nas": {"score": 5.843539697359845, "time": 1.745461451355368}, "val_accuracy": 90.14729309082031}, {"idx": "2923", "arch": "(2, 1, 1, 3, 2, 4)", "epe_nas": {"score": 0, "time": 3.6783465491607785}, "val_accuracy": 95.99920654296875}, {"idx": "2924", "arch": "(1, 4, 4, 1, 2, 3)", "epe_nas": {"score": 0.0, "time": 2.708663091994822}, "val_accuracy": 93.86444854736328}, {"idx": "2925", "arch": "(1, 3, 4, 2, 4, 1)", "epe_nas": {"score": 0, "time": 2.2962067597545683}, "val_accuracy": 94.42675018310547}, {"idx": "2926", "arch": "(3, 1, 2, 3, 2, 4)", "epe_nas": {"score": 0.0, "time": 2.0611163023859262}, "val_accuracy": 90.78424072265625}, {"idx": "2927", "arch": "(2, 1, 4, 1, 3)", "epe_nas": {"score": 0, "time": 3.200341842137277}, "val_accuracy": 96.56648254394531}, {"idx": "2928", "arch": "(4, 3, 4, 1, 2)", "epe_nas": {"score": 0.0, "time": 2.1140896561555564}, "val_accuracy": 94.43173217773438}, {"idx": "2929", "arch": "(2, 4, 1, 3, 3, 1)", "epe_nas": {"score": 0, "time": 2.945931945927441}, "val_accuracy": 94.59593963623047}, {"idx": "2930", "arch": "(3, 3, 4, 3, 1, 2)", "epe_nas": {"score": 0, "time": 1.6021217131055892}, "val_accuracy": 89.34613800048828}, {"idx": "2931", "arch": "(1, 4, 2, 3, 2)", "epe_nas": {"score": 0, "time": 2.679385842755437}, "val_accuracy": 94.95919799804688}, {"idx": "2932", "arch": "(1, 4, 4, 1, 3, 4)", "epe_nas": {"score": 0.0, "time": 2.206992947962135}, "val_accuracy": 92.05812072753906}, {"idx": "2933", "arch": "(3, 3, 1, 3, 1, 4)", "epe_nas": {"score": 0, "time": 1.499058611690998}, "val_accuracy": 89.61485290527344}, {"idx": "2934", "arch": "(4, 3, 4, 2, 3)", "epe_nas": {"score": 0, "time": 2.0878740060143173}, "val_accuracy": 90.34136199951172}, {"idx": "2935", "arch": "(2, 2, 3, 3, 2)", "epe_nas": {"score": 0, "time": 4.239937513135374}, "val_accuracy": 95.5065689086914}, {"idx": "2936", "arch": "(2, 3, 4, 1, 1, 3)", "epe_nas": {"score": 0.5171793061345884, "time": 2.4213545019738376}, "val_accuracy": 95.10350799560547}, {"idx": "2937", "arch": "(2, 1, 4, 3, 3, 3)", "epe_nas": {"score": 0, "time": 2.9571936009451747}, "val_accuracy": 95.64590454101562}, {"idx": "2938", "arch": "(1, 1, 4, 4, 4)", "epe_nas": {"score": 0, "time": 2.167208145838231}, "val_accuracy": 94.56608581542969}, {"idx": "2939", "arch": "(3, 1, 1, 4, 2, 1)", "epe_nas": {"score": 0.0, "time": 1.8159272195771337}, "val_accuracy": 93.8097152709961}, {"idx": "2940", "arch": "(1, 1, 4, 4, 4, 1)", "epe_nas": {"score": 0, "time": 2.5039709880948067}, "val_accuracy": 94.75518035888672}, {"idx": "2941", "arch": "(2, 2, 3, 2, 1, 1)", "epe_nas": {"score": 0, "time": 8.160446221008897}, "val_accuracy": 96.50676727294922}, {"idx": "2942", "arch": "(2, 2, 3, 4, 3)", "epe_nas": {"score": 0.0, "time": 4.515988459810615}, "val_accuracy": 95.89470672607422}, {"idx": "2943", "arch": "(1, 2, 4, 1, 3, 4)", "epe_nas": {"score": 0.0, "time": 3.153547258116305}, "val_accuracy": 95.93451690673828}, {"idx": "2944", "arch": "(3, 1, 3, 4, 4, 1)", "epe_nas": {"score": 0, "time": 1.6137370942160487}, "val_accuracy": 85.08658599853516}, {"idx": "2945", "arch": "(3, 3, 1, 2, 3, 1)", "epe_nas": {"score": 0, "time": 1.5759149477817118}, "val_accuracy": 93.42655181884766}, {"idx": "2946", "arch": "(3, 1, 1, 4, 3, 2)", "epe_nas": {"score": 0, "time": 1.6947533278726041}, "val_accuracy": 90.51055145263672}, {"idx": "2947", "arch": "(3, 3, 2, 3, 2, 4)", "epe_nas": {"score": 0, "time": 1.7618164820596576}, "val_accuracy": 89.72930145263672}, {"idx": "2948", "arch": "(3, 2, 1, 4, 1)", "epe_nas": {"score": 0, "time": 1.9179094228893518}, "val_accuracy": 92.32185363769531}, {"idx": "2949", "arch": "(2, 3, 3, 4, 2)", "epe_nas": {"score": 0.0, "time": 2.313872211612761}, "val_accuracy": 95.70063781738281}, {"idx": "2950", "arch": "(2, 1, 4, 3, 4, 3)", "epe_nas": {"score": 0.0, "time": 3.287577963899821}, "val_accuracy": 95.85489654541016}, {"idx": "2951", "arch": "(1, 2, 3, 4, 1, 1)", "epe_nas": {"score": 0.0, "time": 2.425529799889773}, "val_accuracy": 95.66580200195312}, {"idx": "2952", "arch": "(1, 3, 4, 1, 1, 4)", "epe_nas": {"score": 0, "time": 1.8186315009370446}, "val_accuracy": 94.3670425415039}, {"idx": "2953", "arch": "(1, 3, 4, 4, 1, 1)", "epe_nas": {"score": 0.0, "time": 1.8123451950959861}, "val_accuracy": 95.44187927246094}, {"idx": "2954", "arch": "(3, 4, 3, 3)", "epe_nas": {"score": 0, "time": 1.5624770210124552}, "val_accuracy": 92.56070709228516}, {"idx": "2955", "arch": "(1, 2, 2, 3, 1, 1)", "epe_nas": {"score": 0, "time": 4.6574850138276815}, "val_accuracy": 95.07364654541016}, {"idx": "2956", "arch": "(2, 1, 3, 1, 2, 3)", "epe_nas": {"score": 0, "time": 3.032423308119178}, "val_accuracy": 95.86982727050781}, {"idx": "2957", "arch": "(4, 1, 1, 4)", "epe_nas": {"score": 0.0, "time": 1.846448342781514}, "val_accuracy": 90.83399963378906}, {"idx": "2958", "arch": "(3, 2, 1, 1, 1, 3)", "epe_nas": {"score": 0, "time": 1.9742870987392962}, "val_accuracy": 89.94824981689453}, {"idx": "2959", "arch": "(3, 1, 4, 1, 2, 3)", "epe_nas": {"score": 0, "time": 1.840895761270076}, "val_accuracy": 92.78961181640625}, {"idx": "2960", "arch": "(1, 4, 2, 1, 1, 4)", "epe_nas": {"score": 0.32515608247056793, "time": 3.4207701347768307}, "val_accuracy": 94.700439453125}, {"idx": "2961", "arch": "(3, 4, 1, 2, 4)", "epe_nas": {"score": 0.0, "time": 1.9385464950464666}, "val_accuracy": 89.08240509033203}, {"idx": "2962", "arch": "(4, 3, 1, 3, 3, 1)", "epe_nas": {"score": 0, "time": 1.679290340282023}, "val_accuracy": 91.16242218017578}, {"idx": "2963", "arch": "(1, 4, 3, 1, 2, 1)", "epe_nas": {"score": 0.0, "time": 2.0403466438874602}, "val_accuracy": 93.40167236328125}, {"idx": "2964", "arch": "(1, 1, 1, 4)", "epe_nas": {"score": 0, "time": 1.9084053728729486}, "val_accuracy": 95.28264617919922}, {"idx": "2965", "arch": "(3, 4, 4, 3, 1, 1)", "epe_nas": {"score": 1.7387481975174186, "time": 1.651584830135107}, "val_accuracy": 89.66461181640625}, {"idx": "2966", "arch": "(3, 2, 1, 1, 2, 4)", "epe_nas": {"score": 0.0, "time": 2.6425011181272566}, "val_accuracy": 92.08798217773438}, {"idx": "2967", "arch": "(3, 1, 3, 4, 1, 4)", "epe_nas": {"score": 0.0, "time": 1.6305430582724512}, "val_accuracy": 89.33121490478516}, {"idx": "2968", "arch": "(3, 4, 2, 4, 3, 1)", "epe_nas": {"score": 0, "time": 2.1336146350950003}, "val_accuracy": 92.36663818359375}, {"idx": "2969", "arch": "(4, 3, 1, 3, 4, 2)", "epe_nas": {"score": 0, "time": 1.8523708572611213}, "val_accuracy": 89.97312927246094}, {"idx": "2970", "arch": "(4, 3, 2, 1, 1, 3)", "epe_nas": {"score": 0.0, "time": 2.0391285521909595}, "val_accuracy": 90.29657745361328}, {"idx": "2971", "arch": "(1, 2, 4, 3, 4, 1)", "epe_nas": {"score": 0, "time": 3.0666565378196537}, "val_accuracy": 94.79498291015625}, {"idx": "2972", "arch": "(1, 4, 1, 3, 1, 1)", "epe_nas": {"score": 0, "time": 1.9625002187676728}, "val_accuracy": 93.30712890625}, {"idx": "2973", "arch": "(2, 2, 3, 3, 1, 2)", "epe_nas": {"score": 0.125333199566124, "time": 4.4265305870212615}, "val_accuracy": 96.67098236083984}, {"idx": "2974", "arch": "(2, 1, 3, 3, 3, 1)", "epe_nas": {"score": 0, "time": 2.591757202986628}, "val_accuracy": 93.8594741821289}, {"idx": "2975", "arch": "(2, 3, 2, 3, 3, 3)", "epe_nas": {"score": 0.0, "time": 2.727849863935262}, "val_accuracy": 95.87480163574219}, {"idx": "2976", "arch": "(2, 3, 3, 1, 1, 1)", "epe_nas": {"score": 0, "time": 2.186536191031337}, "val_accuracy": 96.40226745605469}, {"idx": "2977", "arch": "(3, 2, 3, 1, 4, 1)", "epe_nas": {"score": 0, "time": 1.8503579501993954}, "val_accuracy": 93.32205200195312}, {"idx": "2978", "arch": "(4, 3, 3, 4, 1)", "epe_nas": {"score": 0, "time": 1.6579929417930543}, "val_accuracy": 94.34215545654297}, {"idx": "2979", "arch": "(3, 1, 4, 3, 3, 1)", "epe_nas": {"score": 0.0, "time": 1.578779671806842}, "val_accuracy": 91.85907745361328}, {"idx": "2980", "arch": "(4, 3, 2, 4, 1, 1)", "epe_nas": {"score": 0.0, "time": 2.595878625754267}, "val_accuracy": 92.87918090820312}, {"idx": "2981", "arch": "(3, 2, 4, 3, 1, 2)", "epe_nas": {"score": 0.008721882135810155, "time": 2.1872331048361957}, "val_accuracy": 92.1277847290039}, {"idx": "2982", "arch": "(2, 2, 1, 1, 3, 4)", "epe_nas": {"score": 0.0, "time": 7.258386556059122}, "val_accuracy": 96.00418090820312}, {"idx": "2983", "arch": "(3, 2, 2, 1, 3, 4)", "epe_nas": {"score": 0, "time": 2.7940298272296786}, "val_accuracy": 91.77448272705078}, {"idx": "2984", "arch": "(1, 3, 1, 3, 4)", "epe_nas": {"score": 0.0, "time": 1.6430973461829126}, "val_accuracy": 93.3867416381836}, {"idx": "2985", "arch": "(2, 3, 1, 3, 2, 4)", "epe_nas": {"score": 0, "time": 2.5109222126193345}, "val_accuracy": 93.32703399658203}, {"idx": "2986", "arch": "(3, 1, 2, 3, 3)", "epe_nas": {"score": 0.0, "time": 1.6471696440130472}, "val_accuracy": 91.58041381835938}, {"idx": "2987", "arch": "(2, 1, 3, 4, 1)", "epe_nas": {"score": 0, "time": 2.62304749712348}, "val_accuracy": 94.93929290771484}, {"idx": "2988", "arch": "(4, 3, 1, 4, 1)", "epe_nas": {"score": 0, "time": 1.7679954022169113}, "val_accuracy": 91.48089599609375}, {"idx": "2989", "arch": "(4, 1, 1, 4, 3, 3)", "epe_nas": {"score": 0.0, "time": 2.030068495310843}, "val_accuracy": 93.3867416381836}, {"idx": "2990", "arch": "(1, 4, 2, 3, 3, 3)", "epe_nas": {"score": 0, "time": 2.2792518283240497}, "val_accuracy": 94.29737091064453}, {"idx": "2991", "arch": "(3, 4, 2, 1, 4, 1)", "epe_nas": {"score": 0.0, "time": 2.406089316122234}, "val_accuracy": 89.62977600097656}, {"idx": "2992", "arch": "(2, 3, 2, 3, 4, 3)", "epe_nas": {"score": 0, "time": 2.905581788625568}, "val_accuracy": 94.10828399658203}, {"idx": "2993", "arch": "(4, 4, 1, 2, 3, 1)", "epe_nas": {"score": 0, "time": 2.988837956916541}, "val_accuracy": 92.2472152709961}, {"idx": "2994", "arch": "(2, 1, 1, 3, 4, 3)", "epe_nas": {"score": 0, "time": 2.9905955507420003}, "val_accuracy": 94.9542236328125}, {"idx": "2995", "arch": "(4, 4, 3, 1, 1, 4)", "epe_nas": {"score": 0, "time": 2.104191431775689}, "val_accuracy": 89.02268981933594}, {"idx": "2996", "arch": "(4, 4, 2, 1, 1, 3)", "epe_nas": {"score": 0, "time": 3.4910177369602025}, "val_accuracy": 91.10270690917969}, {"idx": "2997", "arch": "(2, 3, 3, 2, 1, 3)", "epe_nas": {"score": 0.0, "time": 2.4061209629289806}, "val_accuracy": 95.0587158203125}, {"idx": "2998", "arch": "(3, 3, 1, 2, 2)", "epe_nas": {"score": 0.0, "time": 1.5859793690033257}, "val_accuracy": 93.17277526855469}, {"idx": "2999", "arch": "(1, 2, 1, 2, 1, 4)", "epe_nas": {"score": 0.0, "time": 6.766330053564161}, "val_accuracy": 95.55135345458984}]