[{"idx": "2400", "arch": "(1, 1, 4, 1, 2)", "epe_nas": {"score": 0.641143307399763, "time": 2.4677041228860617}, "val_accuracy": 93.67536163330078}, {"idx": "2401", "arch": "(1, 4, 2, 1, 1)", "epe_nas": {"score": 1.5710613193412195, "time": 3.066761875990778}, "val_accuracy": 94.99403381347656}, {"idx": "2402", "arch": "(1, 3, 1, 3, 2, 1)", "epe_nas": {"score": 0.0, "time": 1.7803769893944263}, "val_accuracy": 92.5855941772461}, {"idx": "2403", "arch": "(2, 1, 1, 4, 3, 1)", "epe_nas": {"score": 0, "time": 3.528014683164656}, "val_accuracy": 95.34236145019531}, {"idx": "2404", "arch": "(3, 3, 4, 2, 3, 2)", "epe_nas": {"score": 0.0, "time": 1.787537514232099}, "val_accuracy": 90.65486145019531}, {"idx": "2405", "arch": "(3, 3, 2, 3, 4, 1)", "epe_nas": {"score": 0, "time": 1.6284529510885477}, "val_accuracy": 91.08280181884766}, {"idx": "2406", "arch": "(3, 1, 2, 4, 3, 1)", "epe_nas": {"score": 0.0, "time": 2.025251411832869}, "val_accuracy": 93.3668441772461}, {"idx": "2407", "arch": "(4, 3, 1, 1, 4, 4)", "epe_nas": {"score": 0, "time": 1.9243569541722536}, "val_accuracy": 91.08280181884766}, {"idx": "2408", "arch": "(3, 2, 1, 2, 1, 2)", "epe_nas": {"score": 0, "time": 3.962870013900101}, "val_accuracy": 92.57066345214844}, {"idx": "2409", "arch": "(3, 4, 2, 2, 3)", "epe_nas": {"score": 0, "time": 2.49530827999115}, "val_accuracy": 90.10748291015625}, {"idx": "2410", "arch": "(2, 1, 4, 3, 1, 1)", "epe_nas": {"score": 0.0, "time": 3.113702475093305}, "val_accuracy": 96.16341400146484}, {"idx": "2411", "arch": "(3, 3, 2, 1, 4, 1)", "epe_nas": {"score": 0.0, "time": 1.7114832322113216}, "val_accuracy": 92.2123794555664}, {"idx": "2412", "arch": "(3, 1, 1, 3, 4, 1)", "epe_nas": {"score": 0, "time": 1.685274271760136}, "val_accuracy": 92.95381927490234}, {"idx": "2413", "arch": "(1, 2, 1, 3)", "epe_nas": {"score": 0.0, "time": 2.5814193803817034}, "val_accuracy": 94.86465454101562}, {"idx": "2414", "arch": "(1, 4, 2, 1, 3, 1)", "epe_nas": {"score": 3.4668851469602133, "time": 2.737735837697983}, "val_accuracy": 94.27249145507812}, {"idx": "2415", "arch": "(2, 3, 3, 2, 1)", "epe_nas": {"score": 0, "time": 2.325122098904103}, "val_accuracy": 95.22293090820312}, {"idx": "2416", "arch": "(1, 1, 1, 4, 1, 3)", "epe_nas": {"score": 0.0, "time": 2.110342199448496}, "val_accuracy": 93.83956909179688}, {"idx": "2417", "arch": "(2, 3, 1, 1, 3, 2)", "epe_nas": {"score": 0.0, "time": 2.3606202169321477}, "val_accuracy": 95.26771545410156}, {"idx": "2418", "arch": "(3, 2, 1, 2, 2, 3)", "epe_nas": {"score": 0, "time": 4.097641635686159}, "val_accuracy": 91.53562927246094}, {"idx": "2419", "arch": "(3, 4, 4, 2, 1, 1)", "epe_nas": {"score": 0.0, "time": 2.4943599523976445}, "val_accuracy": 91.75955200195312}, {"idx": "2420", "arch": "(4, 4, 4, 1, 3, 1)", "epe_nas": {"score": 0, "time": 2.5555581166408956}, "val_accuracy": 90.69466400146484}, {"idx": "2421", "arch": "(1, 2, 4, 3, 3)", "epe_nas": {"score": 0, "time": 2.5911721838638186}, "val_accuracy": 95.78523254394531}, {"idx": "2422", "arch": "(4, 1, 2, 2, 1)", "epe_nas": {"score": 0.0, "time": 5.019802251365036}, "val_accuracy": 93.78483581542969}, {"idx": "2423", "arch": "(3, 4, 2, 3, 4)", "epe_nas": {"score": 9.341903051385703, "time": 1.8489877106621861}, "val_accuracy": 92.93392181396484}, {"idx": "2424", "arch": "(3, 3, 1, 4, 3, 2)", "epe_nas": {"score": 0, "time": 1.594995825085789}, "val_accuracy": 90.91859436035156}, {"idx": "2425", "arch": "(2, 3, 2, 1, 4, 1)", "epe_nas": {"score": 0, "time": 3.820529395248741}, "val_accuracy": 95.93451690673828}, {"idx": "2426", "arch": "(2, 3, 4, 2, 3, 1)", "epe_nas": {"score": 0, "time": 3.266178971622139}, "val_accuracy": 95.5065689086914}, {"idx": "2427", "arch": "(1, 3, 2, 3, 4)", "epe_nas": {"score": 0, "time": 1.9009857783094049}, "val_accuracy": 94.79996490478516}, {"idx": "2428", "arch": "(4, 1, 3, 1, 4)", "epe_nas": {"score": 0, "time": 1.760814509820193}, "val_accuracy": 93.65048217773438}, {"idx": "2429", "arch": "(1, 1, 3, 4, 3, 3)", "epe_nas": {"score": 0, "time": 1.8616984239779413}, "val_accuracy": 94.54120635986328}, {"idx": "2430", "arch": "(2, 3, 1, 1, 4, 3)", "epe_nas": {"score": 0, "time": 2.425405682064593}, "val_accuracy": 94.66560363769531}, {"idx": "2431", "arch": "(4, 3, 2, 4, 1)", "epe_nas": {"score": 0.0, "time": 2.279012299142778}, "val_accuracy": 90.55533599853516}, {"idx": "2432", "arch": "(3, 4, 3, 1, 2, 1)", "epe_nas": {"score": 0, "time": 1.7198400688357651}, "val_accuracy": 91.87898254394531}, {"idx": "2433", "arch": "(2, 1, 4, 2)", "epe_nas": {"score": 0.0, "time": 4.217649770900607}, "val_accuracy": 96.15843963623047}, {"idx": "2434", "arch": "(3, 3, 2, 1, 1, 4)", "epe_nas": {"score": 0.0, "time": 1.703287574928254}, "val_accuracy": 89.69944763183594}, {"idx": "2435", "arch": "(1, 2, 1, 4, 4)", "epe_nas": {"score": 0, "time": 3.2787657738663256}, "val_accuracy": 95.24781036376953}, {"idx": "2436", "arch": "(1, 1, 2, 3, 3, 2)", "epe_nas": {"score": 0.0, "time": 2.427537302020937}, "val_accuracy": 94.42675018310547}, {"idx": "2437", "arch": "(4, 1, 2, 3, 1)", "epe_nas": {"score": 0, "time": 2.3760922770015895}, "val_accuracy": 92.65028381347656}, {"idx": "2438", "arch": "(2, 3, 4, 2, 3)", "epe_nas": {"score": 0, "time": 3.0470208609476686}, "val_accuracy": 96.42715454101562}, {"idx": "2439", "arch": "(1, 3, 2, 4, 4)", "epe_nas": {"score": 0, "time": 2.1001955228857696}, "val_accuracy": 93.7251205444336}, {"idx": "2440", "arch": "(2, 4, 3, 3, 4, 1)", "epe_nas": {"score": 0, "time": 2.7638394408859313}, "val_accuracy": 95.54637908935547}, {"idx": "2441", "arch": "(3, 1, 1, 4, 4)", "epe_nas": {"score": 0, "time": 1.643787195906043}, "val_accuracy": 91.78941345214844}, {"idx": "2442", "arch": "(3, 1, 4, 2, 4, 1)", "epe_nas": {"score": 0, "time": 2.2286925367079675}, "val_accuracy": 91.6849136352539}, {"idx": "2443", "arch": "(1, 1, 3, 4, 1)", "epe_nas": {"score": 0, "time": 1.7507789530791342}, "val_accuracy": 93.36186218261719}, {"idx": "2444", "arch": "(2, 4, 1, 1, 4)", "epe_nas": {"score": 0.0, "time": 3.6413532607257366}, "val_accuracy": 95.34733581542969}, {"idx": "2445", "arch": "(1, 4, 1, 2, 3, 1)", "epe_nas": {"score": 0, "time": 2.4813371268101037}, "val_accuracy": 94.32225799560547}, {"idx": "2446", "arch": "(2, 2, 1, 3, 4, 1)", "epe_nas": {"score": 0.0, "time": 6.4608415719121695}, "val_accuracy": 96.18830108642578}, {"idx": "2447", "arch": "(2, 3, 3, 3, 1, 2)", "epe_nas": {"score": 0.0, "time": 2.189626335632056}, "val_accuracy": 95.4568099975586}, {"idx": "2448", "arch": "(2, 4, 1, 1, 2, 1)", "epe_nas": {"score": 1.5807281206901134, "time": 5.9596090340055525}, "val_accuracy": 95.96934509277344}, {"idx": "2449", "arch": "(4, 3, 2, 3, 3, 1)", "epe_nas": {"score": 0.0, "time": 1.8749530799686909}, "val_accuracy": 93.46138763427734}, {"idx": "2450", "arch": "(3, 3, 2, 2, 1)", "epe_nas": {"score": 0.0, "time": 1.781823457684368}, "val_accuracy": 93.2822494506836}, {"idx": "2451", "arch": "(3, 1, 2, 1, 2)", "epe_nas": {"score": 0.0, "time": 2.164772206917405}, "val_accuracy": 90.5404052734375}, {"idx": "2452", "arch": "(1, 2, 1, 3, 1, 3)", "epe_nas": {"score": 0.9796856114052703, "time": 2.698969121091068}, "val_accuracy": 94.90445709228516}, {"idx": "2453", "arch": "(2, 3, 2, 3, 1, 1)", "epe_nas": {"score": 0, "time": 2.756097859237343}, "val_accuracy": 95.09852600097656}, {"idx": "2454", "arch": "(3, 2, 2, 3, 4, 1)", "epe_nas": {"score": 0.0, "time": 2.8663192838430405}, "val_accuracy": 92.64032745361328}, {"idx": "2455", "arch": "(4, 4, 1, 3, 4, 1)", "epe_nas": {"score": 0.0, "time": 2.209302343893796}, "val_accuracy": 90.50557708740234}, {"idx": "2456", "arch": "(1, 2, 4, 4, 1, 1)", "epe_nas": {"score": 0, "time": 4.009747635573149}, "val_accuracy": 95.61106872558594}, {"idx": "2457", "arch": "(1, 3, 1, 1, 4, 4)", "epe_nas": {"score": 0, "time": 1.8482963796705008}, "val_accuracy": 92.9438705444336}, {"idx": "2458", "arch": "(2, 3, 4, 3, 3)", "epe_nas": {"score": 3.8659361513876025, "time": 2.2762571279890835}, "val_accuracy": 94.6755599975586}, {"idx": "2459", "arch": "(3, 3, 4, 1, 1, 3)", "epe_nas": {"score": 0, "time": 1.5911413910798728}, "val_accuracy": 90.06767272949219}, {"idx": "2460", "arch": "(4, 4, 1, 3, 1)", "epe_nas": {"score": 3.0193704303955604, "time": 2.013352765701711}, "val_accuracy": 91.00318908691406}, {"idx": "2461", "arch": "(1, 2, 3, 3, 3, 3)", "epe_nas": {"score": 0, "time": 2.2109397840686142}, "val_accuracy": 94.13813781738281}, {"idx": "2462", "arch": "(3, 3, 2, 3, 2)", "epe_nas": {"score": 0, "time": 1.606221531983465}, "val_accuracy": 89.70939636230469}, {"idx": "2463", "arch": "(2, 3, 3, 3, 2, 3)", "epe_nas": {"score": 0, "time": 2.168353172019124}, "val_accuracy": 95.72054290771484}, {"idx": "2464", "arch": "(2, 4, 4, 1, 1)", "epe_nas": {"score": 0.0, "time": 3.7807249748148024}, "val_accuracy": 96.10370635986328}, {"idx": "2465", "arch": "(1, 2, 1, 3, 2, 4)", "epe_nas": {"score": 0, "time": 3.4921221979893744}, "val_accuracy": 94.9542236328125}, {"idx": "2466", "arch": "(3, 1, 1, 2, 1, 1)", "epe_nas": {"score": 0, "time": 1.8654847126454115}, "val_accuracy": 91.52568054199219}, {"idx": "2467", "arch": "(3, 3, 3, 2, 4, 1)", "epe_nas": {"score": 0, "time": 1.6184388282708824}, "val_accuracy": 89.4804916381836}, {"idx": "2468", "arch": "(4, 3, 3, 1, 3, 1)", "epe_nas": {"score": 0, "time": 1.6717398189939559}, "val_accuracy": 91.36146545410156}, {"idx": "2469", "arch": "(4, 1, 3, 3, 3, 2)", "epe_nas": {"score": 0.0, "time": 1.7822558311745524}, "val_accuracy": 93.75995635986328}, {"idx": "2470", "arch": "(2, 1, 1, 3, 2, 2)", "epe_nas": {"score": 0, "time": 4.734350081067532}, "val_accuracy": 94.83976745605469}, {"idx": "2471", "arch": "(2, 3, 1, 3)", "epe_nas": {"score": 0.0, "time": 2.104796797968447}, "val_accuracy": 95.7304916381836}, {"idx": "2472", "arch": "(3, 1, 2, 3, 2, 2)", "epe_nas": {"score": 0.0, "time": 2.314803209155798}, "val_accuracy": 92.9936294555664}, {"idx": "2473", "arch": "(3, 2, 3, 4, 2, 1)", "epe_nas": {"score": 0, "time": 2.2918920321390033}, "val_accuracy": 91.74462890625}, {"idx": "2474", "arch": "(2, 1, 4, 1, 1)", "epe_nas": {"score": 0, "time": 3.468694109003991}, "val_accuracy": 96.04896545410156}, {"idx": "2475", "arch": "(1, 2, 3, 3, 4, 4)", "epe_nas": {"score": 0, "time": 2.3576056510210037}, "val_accuracy": 94.27249145507812}, {"idx": "2476", "arch": "(3, 1, 1, 2, 2, 2)", "epe_nas": {"score": 0, "time": 3.5091395280323923}, "val_accuracy": 91.20223236083984}, {"idx": "2477", "arch": "(1, 3, 4, 1, 4)", "epe_nas": {"score": 0, "time": 1.693029026966542}, "val_accuracy": 94.6158447265625}, {"idx": "2478", "arch": "(1, 4, 4, 1, 3, 2)", "epe_nas": {"score": 0, "time": 2.4442442301660776}, "val_accuracy": 94.41182708740234}, {"idx": "2479", "arch": "(1, 2, 3, 1, 3)", "epe_nas": {"score": 0.1667790776868756, "time": 2.302904339041561}, "val_accuracy": 94.89948272705078}, {"idx": "2480", "arch": "(3, 1, 3, 1, 4)", "epe_nas": {"score": 0, "time": 1.5449250908568501}, "val_accuracy": 90.47074127197266}, {"idx": "2481", "arch": "(3, 3, 1, 3, 1, 2)", "epe_nas": {"score": 0.0, "time": 1.608388398308307}, "val_accuracy": 92.00338745117188}, {"idx": "2482", "arch": "(2, 3, 2, 4, 1, 3)", "epe_nas": {"score": 0, "time": 3.793125899042934}, "val_accuracy": 95.47671508789062}, {"idx": "2483", "arch": "(4, 3, 4, 2, 1)", "epe_nas": {"score": 0, "time": 2.2651518061757088}, "val_accuracy": 93.38176727294922}, {"idx": "2484", "arch": "(2, 1, 4, 3, 3, 1)", "epe_nas": {"score": 1.214481788555184, "time": 3.1005303277634084}, "val_accuracy": 96.38734436035156}, {"idx": "2485", "arch": "(2, 3, 4, 1, 1, 1)", "epe_nas": {"score": 0.0, "time": 2.6593817467801273}, "val_accuracy": 95.55135345458984}, {"idx": "2486", "arch": "(3, 3, 2, 3)", "epe_nas": {"score": 0, "time": 1.5439343769103289}, "val_accuracy": 90.2070083618164}, {"idx": "2487", "arch": "(1, 1, 4, 4, 2)", "epe_nas": {"score": 0, "time": 2.3716301866807044}, "val_accuracy": 94.11823272705078}, {"idx": "2488", "arch": "(1, 4, 3, 3, 3)", "epe_nas": {"score": 0.0, "time": 1.7462288909591734}, "val_accuracy": 94.1679916381836}, {"idx": "2489", "arch": "(4, 2, 1, 1, 3, 3)", "epe_nas": {"score": 0, "time": 3.003683177754283}, "val_accuracy": 92.72492218017578}, {"idx": "2490", "arch": "(3, 3, 1, 3, 2, 3)", "epe_nas": {"score": 2.40603861762992, "time": 1.5771865718998015}, "val_accuracy": 92.51094818115234}, {"idx": "2491", "arch": "(3, 2, 2, 3, 3)", "epe_nas": {"score": 0.0, "time": 2.2500650961883366}, "val_accuracy": 93.74502563476562}, {"idx": "2492", "arch": "(2, 2, 3, 4, 1)", "epe_nas": {"score": 0, "time": 4.855505826883018}, "val_accuracy": 95.55135345458984}, {"idx": "2493", "arch": "(1, 3, 1, 3, 1, 4)", "epe_nas": {"score": 0, "time": 1.732394380029291}, "val_accuracy": 93.78981018066406}, {"idx": "2494", "arch": "(1, 2, 4, 1, 3, 2)", "epe_nas": {"score": 0, "time": 3.488210939336568}, "val_accuracy": 95.54637908935547}, {"idx": "2495", "arch": "(1, 4, 2, 4, 1, 3)", "epe_nas": {"score": 0, "time": 3.4424588759429753}, "val_accuracy": 94.49143981933594}, {"idx": "2496", "arch": "(1, 3, 4, 3, 4, 1)", "epe_nas": {"score": 0, "time": 1.7961569069884717}, "val_accuracy": 93.51114654541016}, {"idx": "2497", "arch": "(1, 1, 2, 2, 1, 3)", "epe_nas": {"score": 0, "time": 5.568764091935009}, "val_accuracy": 94.57106018066406}, {"idx": "2498", "arch": "(4, 1, 1, 1, 1)", "epe_nas": {"score": 0.3475755952832378, "time": 1.9793943781405687}, "val_accuracy": 94.17794799804688}, {"idx": "2499", "arch": "(2, 1, 4, 3, 4, 1)", "epe_nas": {"score": 0.0, "time": 3.469206681009382}, "val_accuracy": 95.42694854736328}, {"idx": "2500", "arch": "(4, 1, 4, 2, 1, 3)", "epe_nas": {"score": 0.0, "time": 3.1512432852759957}, "val_accuracy": 93.02349090576172}, {"idx": "2501", "arch": "(1, 3, 4, 1, 1, 2)", "epe_nas": {"score": 0.0, "time": 1.8410346861928701}, "val_accuracy": 94.12320709228516}, {"idx": "2502", "arch": "(1, 1, 3, 2, 2, 4)", "epe_nas": {"score": 0, "time": 2.744174860883504}, "val_accuracy": 95.17814636230469}, {"idx": "2503", "arch": "(2, 4, 1, 4)", "epe_nas": {"score": 0, "time": 3.1139432988129556}, "val_accuracy": 95.3722152709961}, {"idx": "2504", "arch": "(3, 4, 3, 1)", "epe_nas": {"score": 0, "time": 1.51827641017735}, "val_accuracy": 89.88356018066406}, {"idx": "2505", "arch": "(2, 1, 3, 1, 2, 1)", "epe_nas": {"score": 0, "time": 3.332123700994998}, "val_accuracy": 94.98905181884766}, {"idx": "2506", "arch": "(1, 1, 1, 4, 4, 3)", "epe_nas": {"score": 0, "time": 2.198774159885943}, "val_accuracy": 95.44187927246094}, {"idx": "2507", "arch": "(4, 1, 1, 2)", "epe_nas": {"score": 0, "time": 2.1208500848151743}, "val_accuracy": 94.46158599853516}, {"idx": "2508", "arch": "(1, 4, 3, 2, 1, 3)", "epe_nas": {"score": 0.0, "time": 2.1552267749793828}, "val_accuracy": 94.94426727294922}, {"idx": "2509", "arch": "(3, 2, 1, 1, 1, 1)", "epe_nas": {"score": 0.0, "time": 2.0956681962125003}, "val_accuracy": 92.4164047241211}, {"idx": "2510", "arch": "(3, 1, 4, 1, 2, 1)", "epe_nas": {"score": 0.0, "time": 1.9547878601588309}, "val_accuracy": 93.20760345458984}, {"idx": "2511", "arch": "(3, 3, 2, 1, 3, 4)", "epe_nas": {"score": 0, "time": 1.6009822357445955}, "val_accuracy": 88.72412872314453}, {"idx": "2512", "arch": "(1, 2, 2, 4, 1, 3)", "epe_nas": {"score": 0.0, "time": 7.101314974948764}, "val_accuracy": 95.143310546875}, {"idx": "2513", "arch": "(3, 4, 1, 2, 2)", "epe_nas": {"score": 0, "time": 2.1708712871186435}, "val_accuracy": 87.7537841796875}, {"idx": "2514", "arch": "(1, 3, 1, 3, 2, 4)", "epe_nas": {"score": 0, "time": 1.7807405609637499}, "val_accuracy": 95.4219741821289}, {"idx": "2515", "arch": "(2, 1, 1, 4, 3, 4)", "epe_nas": {"score": 0, "time": 3.531023945659399}, "val_accuracy": 95.95939636230469}, {"idx": "2516", "arch": "(4, 3, 2, 2, 1, 1)", "epe_nas": {"score": 0.0, "time": 3.2508865389972925}, "val_accuracy": 93.11803436279297}, {"idx": "2517", "arch": "(4, 1, 3, 4, 4)", "epe_nas": {"score": 0.0, "time": 1.9439438343979418}, "val_accuracy": 92.86425018310547}, {"idx": "2518", "arch": "(3, 1, 2, 4, 3, 4)", "epe_nas": {"score": 0, "time": 1.9408791959285736}, "val_accuracy": 86.74861145019531}, {"idx": "2519", "arch": "(3, 2, 1, 1, 2, 2)", "epe_nas": {"score": 0, "time": 3.687229656148702}, "val_accuracy": 92.1078872680664}, {"idx": "2520", "arch": "(3, 1, 3, 4, 1, 2)", "epe_nas": {"score": 0.0, "time": 1.6746078711003065}, "val_accuracy": 86.71377563476562}, {"idx": "2521", "arch": "(4, 1, 1, 1, 2, 4)", "epe_nas": {"score": 0, "time": 2.788434499874711}, "val_accuracy": 94.8945083618164}, {"idx": "2522", "arch": "(1, 4, 2, 1, 2, 3)", "epe_nas": {"score": 1.733458884800318, "time": 4.663883765228093}, "val_accuracy": 93.96397399902344}, {"idx": "2523", "arch": "(2, 1, 3, 4, 2, 3)", "epe_nas": {"score": 0, "time": 3.374213275965303}, "val_accuracy": 94.1679916381836}, {"idx": "2524", "arch": "(4, 3, 2, 1, 1, 1)", "epe_nas": {"score": 0.0, "time": 2.1639468697831035}, "val_accuracy": 91.3813705444336}, {"idx": "2525", "arch": "(3, 2, 3, 2, 3, 3)", "epe_nas": {"score": 0, "time": 1.948164785746485}, "val_accuracy": 92.84932708740234}, {"idx": "2526", "arch": "(4, 3, 4, 2, 3, 1)", "epe_nas": {"score": 0.0, "time": 2.212076566182077}, "val_accuracy": 89.5949478149414}, {"idx": "2527", "arch": "(4, 1, 2, 1, 3)", "epe_nas": {"score": 0, "time": 2.572025952860713}, "val_accuracy": 94.01373291015625}, {"idx": "2528", "arch": "(3, 3, 2, 1, 4, 4)", "epe_nas": {"score": 0.0, "time": 1.7808245960623026}, "val_accuracy": 91.35649108886719}, {"idx": "2529", "arch": "(3, 3, 1, 4, 2, 4)", "epe_nas": {"score": 0, "time": 1.7012634840793908}, "val_accuracy": 91.43611145019531}, {"idx": "2530", "arch": "(1, 2, 4, 2, 3, 3)", "epe_nas": {"score": 0, "time": 4.6761511717922986}, "val_accuracy": 94.37201690673828}, {"idx": "2531", "arch": "(1, 4, 2, 1, 3, 4)", "epe_nas": {"score": 0, "time": 2.9793718340806663}, "val_accuracy": 94.45661163330078}, {"idx": "2532", "arch": "(2, 2, 1, 1, 3, 2)", "epe_nas": {"score": 0.0, "time": 8.49527751095593}, "val_accuracy": 96.61624145507812}, {"idx": "2533", "arch": "(2, 1, 3, 2, 2, 3)", "epe_nas": {"score": 0, "time": 4.754123081918806}, "val_accuracy": 95.84992218017578}, {"idx": "2534", "arch": "(3, 2, 2, 1, 3, 2)", "epe_nas": {"score": 0, "time": 3.0384656847454607}, "val_accuracy": 91.25696563720703}, {"idx": "2535", "arch": "(1, 3, 1, 3, 2)", "epe_nas": {"score": 0, "time": 1.6277354517951608}, "val_accuracy": 92.59056854248047}, {"idx": "2536", "arch": "(4, 3, 2, 3, 3)", "epe_nas": {"score": 0.2221259594910272, "time": 1.8788988152518868}, "val_accuracy": 90.84394836425781}, {"idx": "2537", "arch": "(2, 2, 3, 3, 2, 1)", "epe_nas": {"score": 0, "time": 4.953276639804244}, "val_accuracy": 95.97930145263672}, {"idx": "2538", "arch": "(3, 1, 4, 2, 2, 3)", "epe_nas": {"score": 0, "time": 2.504805295728147}, "val_accuracy": 91.10270690917969}, {"idx": "2539", "arch": "(3, 4, 4, 2, 3)", "epe_nas": {"score": 0.0, "time": 2.0278119049035013}, "val_accuracy": 89.64470672607422}, {"idx": "2540", "arch": "(3, 1, 2, 3, 1)", "epe_nas": {"score": 0, "time": 1.6970422910526395}, "val_accuracy": 89.98308563232422}, {"idx": "2541", "arch": "(3, 3, 3, 1, 3, 2)", "epe_nas": {"score": 0, "time": 1.5674455109983683}, "val_accuracy": 88.40068054199219}, {"idx": "2542", "arch": "(3, 2, 4, 3, 2, 1)", "epe_nas": {"score": 0.0, "time": 2.471660857088864}, "val_accuracy": 91.25199127197266}, {"idx": "2543", "arch": "(4, 2, 3, 3, 2, 3)", "epe_nas": {"score": 0.0, "time": 2.6645189807750285}, "val_accuracy": 90.8539047241211}, {"idx": "2544", "arch": "(4, 1, 1, 4, 3, 1)", "epe_nas": {"score": 0, "time": 2.124263416044414}, "val_accuracy": 91.20720672607422}, {"idx": "2545", "arch": "(1, 3, 3, 1, 2, 4)", "epe_nas": {"score": 0, "time": 1.8465460701845586}, "val_accuracy": 94.21775817871094}, {"idx": "2546", "arch": "(1, 3, 1, 2, 3, 3)", "epe_nas": {"score": 0, "time": 1.8103621541522443}, "val_accuracy": 95.52149963378906}, {"idx": "2547", "arch": "(2, 1, 3, 4, 3, 3)", "epe_nas": {"score": 0, "time": 2.699613694101572}, "val_accuracy": 95.66082763671875}, {"idx": "2548", "arch": "(2, 1, 3, 2, 3, 4)", "epe_nas": {"score": 0, "time": 3.2937671029940248}, "val_accuracy": 95.47174072265625}, {"idx": "2549", "arch": "(3, 4, 4, 4, 1, 1)", "epe_nas": {"score": 0.0, "time": 1.9789661448448896}, "val_accuracy": 89.4257583618164}, {"idx": "2550", "arch": "(1, 3, 1, 4, 3)", "epe_nas": {"score": 0.0, "time": 1.7017801026813686}, "val_accuracy": 94.0634994506836}, {"idx": "2551", "arch": "(4, 4, 1, 3, 2, 3)", "epe_nas": {"score": 0.0, "time": 2.3723655459471047}, "val_accuracy": 91.64510345458984}, {"idx": "2552", "arch": "(3, 1, 4, 2, 3, 4)", "epe_nas": {"score": 0, "time": 1.8930893610231578}, "val_accuracy": 90.04279327392578}, {"idx": "2553", "arch": "(1, 2, 1, 3, 4, 3)", "epe_nas": {"score": 0.0, "time": 2.832877147011459}, "val_accuracy": 95.07364654541016}, {"idx": "2554", "arch": "(2, 3, 2, 3, 4, 1)", "epe_nas": {"score": 0, "time": 3.107915926259011}, "val_accuracy": 95.40705108642578}, {"idx": "2555", "arch": "(3, 3, 2, 1, 4)", "epe_nas": {"score": 0, "time": 1.608962994068861}, "val_accuracy": 89.9283447265625}, {"idx": "2556", "arch": "(4, 2, 2, 3)", "epe_nas": {"score": 0, "time": 3.863408774137497}, "val_accuracy": 93.18272399902344}, {"idx": "2557", "arch": "(4, 4, 3, 1, 3)", "epe_nas": {"score": 0.0, "time": 1.9262982038781047}, "val_accuracy": 89.7591552734375}, {"idx": "2558", "arch": "(4, 4, 3, 1, 1, 2)", "epe_nas": {"score": 0, "time": 2.225293479859829}, "val_accuracy": 93.52110290527344}, {"idx": "2559", "arch": "(4, 4, 2, 1, 1, 1)", "epe_nas": {"score": 0, "time": 3.7748975306749344}, "val_accuracy": 93.29219818115234}, {"idx": "2560", "arch": "(2, 3, 3, 2, 1, 1)", "epe_nas": {"score": 3.771395079222853, "time": 2.372248452156782}, "val_accuracy": 95.82504272460938}, {"idx": "2561", "arch": "(4, 2, 3, 1, 3, 4)", "epe_nas": {"score": 0.0, "time": 2.4766293917782605}, "val_accuracy": 93.38176727294922}, {"idx": "2562", "arch": "(3, 4, 3, 3, 2, 1)", "epe_nas": {"score": 0, "time": 1.6174394311383367}, "val_accuracy": 92.5855941772461}, {"idx": "2563", "arch": "(4, 2, 4, 1, 1, 1)", "epe_nas": {"score": 0.0, "time": 4.01808327389881}, "val_accuracy": 92.81946563720703}, {"idx": "2564", "arch": "(4, 2, 3, 4, 3, 1)", "epe_nas": {"score": 0, "time": 2.6314628943800926}, "val_accuracy": 91.51074981689453}, {"idx": "2565", "arch": "(3, 1, 1, 2, 4, 1)", "epe_nas": {"score": 0.045864741599681125, "time": 1.9938470521010458}, "val_accuracy": 93.06827545166016}, {"idx": "2566", "arch": "(4, 2, 3, 4)", "epe_nas": {"score": 0.0, "time": 2.370222022756934}, "val_accuracy": 93.72014617919922}, {"idx": "2567", "arch": "(2, 1, 4, 4, 1)", "epe_nas": {"score": 0.0, "time": 3.6993460129015148}, "val_accuracy": 96.22810363769531}, {"idx": "2568", "arch": "(1, 4, 4, 3, 1, 3)", "epe_nas": {"score": 0, "time": 2.052298325113952}, "val_accuracy": 95.18312072753906}, {"idx": "2569", "arch": "(3, 1, 2, 2, 1, 1)", "epe_nas": {"score": 0, "time": 2.8259119810536504}, "val_accuracy": 93.86444854736328}, {"idx": "2570", "arch": "(4, 1, 4, 3, 1)", "epe_nas": {"score": 0.0, "time": 1.9254714716225863}, "val_accuracy": 92.98865509033203}, {"idx": "2571", "arch": "(1, 2, 3, 2, 3, 2)", "epe_nas": {"score": 0, "time": 3.1740095051936805}, "val_accuracy": 95.70063781738281}, {"idx": "2572", "arch": "(4, 4, 1, 2, 3)", "epe_nas": {"score": 0, "time": 2.633015661034733}, "val_accuracy": 89.49044799804688}, {"idx": "2573", "arch": "(1, 3, 4, 4, 4)", "epe_nas": {"score": 2.5504021982926064, "time": 1.8703652820549905}, "val_accuracy": 94.11823272705078}, {"idx": "2574", "arch": "(1, 1, 4, 1, 2, 4)", "epe_nas": {"score": 0, "time": 2.848550686147064}, "val_accuracy": 93.4713363647461}, {"idx": "2575", "arch": "(1, 2, 3, 4, 3)", "epe_nas": {"score": 0.0, "time": 2.358057915698737}, "val_accuracy": 96.01911163330078}, {"idx": "2576", "arch": "(4, 1, 1, 3, 1)", "epe_nas": {"score": 0, "time": 1.8631515488959849}, "val_accuracy": 90.75437927246094}, {"idx": "2577", "arch": "(3, 1, 3, 4, 4)", "epe_nas": {"score": 0, "time": 1.5855044689960778}, "val_accuracy": 89.9880599975586}, {"idx": "2578", "arch": "(3, 3, 1, 3, 4, 2)", "epe_nas": {"score": 0, "time": 1.613625880330801}, "val_accuracy": 90.14729309082031}, {"idx": "2579", "arch": "(1, 2, 3, 2, 4, 3)", "epe_nas": {"score": 0.0, "time": 3.3191365990787745}, "val_accuracy": 96.17337036132812}, {"idx": "2580", "arch": "(1, 4, 4, 1, 1, 3)", "epe_nas": {"score": 0.0, "time": 2.183432054705918}, "val_accuracy": 95.76532745361328}, {"idx": "2581", "arch": "(2, 3, 4, 1, 4, 1)", "epe_nas": {"score": 0.41845084267275556, "time": 2.897365054115653}, "val_accuracy": 96.03901672363281}, {"idx": "2582", "arch": "(3, 2, 3, 2, 2)", "epe_nas": {"score": 0.0, "time": 2.2005139719694853}, "val_accuracy": 93.77986145019531}, {"idx": "2583", "arch": "(3, 4, 1, 2, 4, 1)", "epe_nas": {"score": 0, "time": 2.2810248620808125}, "val_accuracy": 92.51592254638672}, {"idx": "2584", "arch": "(3, 1, 1, 1, 2, 1)", "epe_nas": {"score": 0.0, "time": 1.8280814937315881}, "val_accuracy": 90.7693099975586}, {"idx": "2585", "arch": "(3, 4, 4, 1, 3, 2)", "epe_nas": {"score": 0, "time": 1.8320861170068383}, "val_accuracy": 92.82942199707031}, {"idx": "2586", "arch": "(2, 4, 1, 3, 2, 1)", "epe_nas": {"score": 0.0, "time": 3.8882545921951532}, "val_accuracy": 95.75039672851562}, {"idx": "2587", "arch": "(1, 4, 4, 3, 2, 3)", "epe_nas": {"score": 0, "time": 2.3465395271778107}, "val_accuracy": 94.0634994506836}, {"idx": "2588", "arch": "(3, 1, 3, 1, 4, 1)", "epe_nas": {"score": 0, "time": 1.5941410241648555}, "val_accuracy": 92.7199478149414}, {"idx": "2589", "arch": "(4, 3, 4, 1, 3)", "epe_nas": {"score": 0.0, "time": 1.7912787580862641}, "val_accuracy": 93.6654052734375}, {"idx": "2590", "arch": "(2, 1, 4, 3, 2, 3)", "epe_nas": {"score": 0, "time": 3.7306250371038914}, "val_accuracy": 95.10848236083984}, {"idx": "2591", "arch": "(4, 1, 1, 4, 1)", "epe_nas": {"score": 0.0, "time": 1.9995744158513844}, "val_accuracy": 91.94367218017578}, {"idx": "2592", "arch": "(3, 1, 1, 4, 1, 1)", "epe_nas": {"score": 0, "time": 1.6573953200131655}, "val_accuracy": 93.4166030883789}, {"idx": "2593", "arch": "(1, 1, 4, 4, 3, 1)", "epe_nas": {"score": 0, "time": 2.1069373469799757}, "val_accuracy": 95.61604309082031}, {"idx": "2594", "arch": "(3, 2, 1, 3, 2)", "epe_nas": {"score": 0, "time": 1.8680013380944729}, "val_accuracy": 91.75955200195312}, {"idx": "2595", "arch": "(2, 1, 4, 3, 3, 4)", "epe_nas": {"score": 0, "time": 3.007334944792092}, "val_accuracy": 95.70561218261719}, {"idx": "2596", "arch": "(2, 2, 3, 3, 3)", "epe_nas": {"score": 0, "time": 4.0412213718518615}, "val_accuracy": 96.19824981689453}, {"idx": "2597", "arch": "(3, 1, 3, 4, 3, 1)", "epe_nas": {"score": 0.0, "time": 1.602664828300476}, "val_accuracy": 89.91341400146484}, {"idx": "2598", "arch": "(3, 3, 1, 2, 2, 1)", "epe_nas": {"score": 0.0, "time": 1.7911099740304053}, "val_accuracy": 88.9530258178711}, {"idx": "2599", "arch": "(3, 1, 1, 4, 2, 2)", "epe_nas": {"score": 0.0, "time": 2.2082398300990462}, "val_accuracy": 90.72452545166016}]