[{"batch_size":32,"config_type":"zc_ensemble","cutout":false,"cutout_length":16,"cutout_prob":1.0,"dataset":"cifar100","optimizer":"bananas","out_dir":"run","predictor":"zc","search":{"acq_fn_optimization":"random_sampling","acq_fn_type":"its","checkpoint_freq":200,"encoding_type":"path","epochs":200,"k":10,"max_mutations":1,"num_arches_to_mutate":2,"num_candidates":10,"num_ensemble":1,"num_init":10,"predictor_type":"xgb","seed":9004,"zc_ensemble":true,"zc_names":["flops","params","snip","jacov","grad_norm","plain","epe_nas","fisher","grasp","l2_norm","synflow"],"zc_only":false},"search_space":"nasbench201","seed":9004,"test_size":200,"train_portion":0.7,"train_data_file":null,"test_data_file":null,"save":"run/zc_ensemble/nasbench201/cifar100/zc/9004","data":"/home/krishnan/naslib/NASLib/naslib/data"},{"train_acc":[93.912,93.912],"valid_acc":[65.21999991455078,65.21999991455078],"test_acc":[65.21999991455078,65.21999991455078],"runtime":[6.780713081359863,7.1181182861328125],"train_time":[17.449591557184856,17.449591557184856],"params":0.0}]