[{"idx": "0", "arch": "(((0, 5), (1, 3), (1, 5), (2, 0), (1, 5), (2, 1), (0, 5), (4, 4)), ((0, 4), (1, 0), (0, 5), (2, 5), (0, 2), (3, 1), (2, 3), (4, 1)))", "jacov": {"score": -64.29022462986475, "time": 7.48108405599487}, "val_accuracy": 47.33}, {"idx": "1", "arch": "(((1, 5), (0, 4), (0, 2), (1, 3), (3, 0), (2, 5), (3, 3), (1, 5)), ((1, 3), (0, 1), (2, 5), (1, 1), (0, 1), (3, 0), (0, 4), (4, 6)))", "jacov": {"score": -64.26374850118911, "time": 6.619365582999308}, "val_accuracy": 46.56}, {"idx": "2", "arch": "(((0, 3), (1, 6), (1, 3), (0, 5), (2, 3), (0, 0), (2, 1), (4, 1)), ((1, 4), (0, 1), (2, 5), (0, 0), (1, 2), (2, 4), (4, 4), (1, 2)))", "jacov": {"score": -64.29973895650248, "time": 6.268756950012175}, "val_accuracy": 47.93}, {"idx": "3", "arch": "(((0, 3), (1, 5), (0, 1), (2, 3), (0, 3), (1, 6), (0, 2), (4, 3)), ((0, 2), (1, 5), (2, 3), (1, 6), (3, 6), (0, 4), (0, 0), (1, 6)))", "jacov": {"score": -64.37446846859012, "time": 6.284415887988871}, "val_accuracy": 47.25}, {"idx": "4", "arch": "(((1, 1), (0, 4), (0, 5), (2, 3), (1, 1), (3, 5), (2, 0), (0, 3)), ((0, 2), (1, 4), (1, 1), (0, 4), (2, 1), (1, 2), (3, 3), (1, 4)))", "jacov": {"score": -64.46567223564193, "time": 6.266109969001263}, "val_accuracy": 46.87}, {"idx": "5", "arch": "(((1, 6), (0, 3), (0, 1), (2, 4), (0, 6), (1, 5), (0, 3), (3, 2)), ((1, 1), (0, 1), (1, 2), (2, 5), (0, 5), (3, 5), (0, 4), (1, 4)))", "jacov": {"score": -64.44535938402097, "time": 6.246844036999391}, "val_accuracy": 47.31}, {"idx": "6", "arch": "(((1, 6), (0, 2), (1, 5), (2, 1), (1, 2), (0, 1), (3, 2), (0, 3)), ((1, 1), (0, 3), (0, 6), (1, 1), (3, 6), (1, 0), (3, 4), (4, 6)))", "jacov": {"score": -64.6356032520025, "time": 4.351756174990442}, "val_accuracy": 46.51}, {"idx": "7", "arch": "(((0, 6), (1, 4), (0, 0), (1, 1), (3, 3), (2, 6), (2, 0), (3, 2)), ((0, 0), (1, 3), (2, 2), (1, 4), (2, 1), (0, 2), (3, 6), (4, 4)))", "jacov": {"score": -64.27963117049899, "time": 5.436067637987435}, "val_accuracy": 47.14}, {"idx": "8", "arch": "(((0, 4), (1, 1), (1, 6), (0, 1), (1, 1), (2, 6), (2, 0), (1, 6)), ((1, 6), (0, 0), (0, 3), (2, 2), (0, 6), (3, 6), (4, 0), (2, 2)))", "jacov": {"score": -64.2932619116996, "time": 5.592222529987339}, "val_accuracy": 45.09}, {"idx": "9", "arch": "(((0, 1), (1, 5), (0, 4), (2, 1), (3, 1), (1, 0), (3, 3), (0, 6)), ((0, 4), (1, 0), (1, 5), (0, 0), (2, 2), (1, 0), (0, 0), (3, 3)))", "jacov": {"score": -64.28422147388753, "time": 5.113415829982841}, "val_accuracy": 49.28}, {"idx": "10", "arch": "(((0, 5), (1, 6), (1, 3), (2, 5), (3, 3), (1, 5), (1, 6), (2, 3)), ((1, 6), (0, 0), (0, 2), (2, 0), (1, 1), (0, 4), (1, 0), (3, 2)))", "jacov": {"score": -64.31772759633138, "time": 6.320606852998026}, "val_accuracy": 46.88}, {"idx": "11", "arch": "(((0, 6), (1, 1), (0, 0), (2, 5), (2, 5), (1, 4), (2, 2), (0, 4)), ((0, 5), (1, 0), (1, 6), (0, 4), (1, 6), (0, 4), (1, 2), (2, 6)))", "jacov": {"score": -64.36912266057668, "time": 6.196404892980354}, "val_accuracy": 44.83}, {"idx": "12", "arch": "(((1, 1), (0, 2), (1, 0), (0, 5), (2, 3), (3, 2), (4, 6), (2, 3)), ((0, 5), (1, 3), (2, 6), (1, 5), (2, 2), (3, 5), (0, 6), (3, 4)))", "jacov": {"score": -64.27868763558527, "time": 4.680977709998842}, "val_accuracy": 46.05}, {"idx": "13", "arch": "(((1, 5), (0, 5), (0, 2), (1, 5), (1, 1), (0, 1), (4, 4), (0, 0)), ((1, 5), (0, 5), (0, 3), (2, 1), (1, 5), (2, 5), (2, 6), (1, 6)))", "jacov": {"score": -64.56826086719751, "time": 4.980475376010872}, "val_accuracy": 45.68}, {"idx": "14", "arch": "(((0, 0), (1, 5), (0, 4), (1, 3), (2, 5), (1, 0), (4, 4), (3, 5)), ((1, 4), (0, 5), (0, 3), (2, 5), (0, 6), (2, 2), (3, 4), (4, 5)))", "jacov": {"score": -64.28580569537064, "time": 6.6286997310235165}, "val_accuracy": 44.56}, {"idx": "15", "arch": "(((0, 5), (1, 4), (2, 6), (1, 1), (1, 1), (0, 0), (4, 1), (1, 2)), ((1, 0), (0, 2), (0, 3), (1, 6), (0, 4), (3, 2), (2, 4), (0, 5)))", "jacov": {"score": -64.33956032083717, "time": 4.822015416022623}, "val_accuracy": 46.21}, {"idx": "16", "arch": "(((0, 6), (1, 4), (0, 4), (2, 4), (1, 3), (3, 1), (0, 0), (2, 2)), ((1, 1), (0, 2), (1, 4), (0, 6), (0, 6), (2, 6), (3, 2), (0, 1)))", "jacov": {"score": -64.36884072483846, "time": 6.559600801003398}, "val_accuracy": 43.98}, {"idx": "17", "arch": "(((0, 3), (1, 2), (0, 2), (2, 3), (1, 0), (2, 1), (0, 2), (3, 5)), ((1, 2), (0, 0), (2, 2), (1, 1), (0, 2), (3, 3), (4, 6), (0, 0)))", "jacov": {"score": -64.37746470806344, "time": 4.347477169998456}, "val_accuracy": 48.31}, {"idx": "18", "arch": "(((1, 6), (0, 5), (2, 6), (0, 1), (3, 1), (1, 6), (4, 4), (0, 0)), ((1, 6), (0, 2), (2, 3), (0, 2), (0, 1), (3, 0), (4, 0), (1, 4)))", "jacov": {"score": -64.31296132212319, "time": 5.9169432380003855}, "val_accuracy": 47.33}, {"idx": "19", "arch": "(((0, 3), (1, 3), (1, 5), (2, 1), (3, 4), (0, 6), (2, 1), (0, 2)), ((1, 3), (0, 6), (2, 2), (0, 0), (2, 0), (3, 1), (4, 6), (2, 5)))", "jacov": {"score": -64.46016621874978, "time": 5.050540950993309}, "val_accuracy": 46.98}, {"idx": "20", "arch": "(((1, 5), (0, 3), (0, 0), (2, 1), (2, 6), (0, 0), (3, 2), (1, 6)), ((1, 4), (0, 5), (2, 1), (0, 0), (1, 1), (3, 3), (1, 2), (4, 3)))", "jacov": {"score": -64.3632690529741, "time": 4.998033305018907}, "val_accuracy": 48.49}, {"idx": "21", "arch": "(((1, 5), (0, 2), (1, 1), (2, 1), (1, 6), (3, 6), (4, 2), (1, 6)), ((0, 1), (1, 0), (2, 6), (1, 1), (0, 4), (3, 6), (3, 4), (1, 1)))", "jacov": {"score": -64.44300080208842, "time": 4.625939783989452}, "val_accuracy": 42.3}, {"idx": "22", "arch": "(((0, 4), (1, 5), (2, 1), (1, 3), (1, 0), (0, 4), (2, 5), (4, 0)), ((0, 0), (1, 3), (1, 5), (0, 2), (0, 2), (2, 1), (3, 1), (1, 4)))", "jacov": {"score": -64.26234267516368, "time": 6.576173059991561}, "val_accuracy": 46.85}, {"idx": "23", "arch": "(((1, 3), (0, 6), (2, 5), (0, 5), (1, 5), (0, 1), (1, 4), (0, 0)), ((0, 3), (1, 4), (2, 3), (0, 4), (3, 6), (2, 0), (1, 4), (4, 1)))", "jacov": {"score": -64.27678282892265, "time": 5.9673920450150035}, "val_accuracy": 45.43}, {"idx": "24", "arch": "(((0, 5), (1, 3), (2, 3), (0, 5), (3, 6), (0, 1), (0, 4), (2, 5)), ((0, 4), (1, 0), (2, 0), (0, 0), (1, 2), (2, 4), (4, 6), (3, 2)))", "jacov": {"score": -64.28908061881569, "time": 6.413576463004574}, "val_accuracy": 46.93}, {"idx": "25", "arch": "(((0, 3), (1, 3), (0, 3), (1, 3), (1, 5), (0, 1), (2, 5), (0, 2)), ((1, 6), (0, 5), (2, 4), (1, 0), (3, 2), (2, 3), (1, 1), (4, 3)))", "jacov": {"score": -64.32676288284262, "time": 5.627001034998102}, "val_accuracy": 46.44}, {"idx": "26", "arch": "(((0, 1), (1, 4), (2, 6), (0, 2), (0, 6), (2, 6), (3, 4), (1, 4)), ((0, 5), (1, 3), (0, 5), (1, 4), (3, 1), (0, 3), (4, 6), (2, 0)))", "jacov": {"score": -64.35177885375339, "time": 6.792653647979023}, "val_accuracy": 44.41}, {"idx": "27", "arch": "(((1, 6), (0, 3), (1, 4), (0, 4), (3, 4), (2, 3), (2, 1), (0, 3)), ((0, 4), (1, 6), (1, 6), (0, 1), (0, 2), (2, 5), (1, 4), (2, 0)))", "jacov": {"score": -64.31234899029612, "time": 8.001054217020283}, "val_accuracy": 46.31}, {"idx": "28", "arch": "(((1, 5), (0, 4), (1, 4), (2, 2), (0, 2), (1, 5), (4, 3), (3, 3)), ((0, 1), (1, 5), (2, 5), (1, 5), (1, 3), (2, 3), (1, 6), (0, 2)))", "jacov": {"score": -64.36732881114777, "time": 5.59459189500194}, "val_accuracy": 42.48}, {"idx": "29", "arch": "(((1, 3), (0, 6), (2, 5), (1, 2), (1, 6), (0, 0), (0, 0), (2, 6)), ((0, 4), (1, 5), (0, 0), (1, 2), (2, 5), (0, 0), (3, 6), (2, 1)))", "jacov": {"score": -64.28634425398604, "time": 5.206830182985868}, "val_accuracy": 45.95}, {"idx": "30", "arch": "(((1, 0), (0, 0), (1, 6), (2, 1), (3, 1), (0, 3), (1, 3), (3, 5)), ((0, 1), (1, 2), (1, 0), (2, 5), (0, 4), (3, 2), (1, 1), (4, 0)))", "jacov": {"score": -64.25733614771676, "time": 5.034648938017199}, "val_accuracy": 48.21}, {"idx": "31", "arch": "(((0, 1), (1, 4), (2, 1), (0, 0), (0, 1), (3, 4), (2, 2), (4, 4)), ((0, 5), (1, 3), (2, 3), (0, 0), (1, 5), (0, 2), (1, 1), (2, 2)))", "jacov": {"score": -64.38481523323964, "time": 5.534572139004013}, "val_accuracy": 48.07}, {"idx": "32", "arch": "(((0, 3), (1, 2), (1, 6), (0, 2), (0, 4), (2, 1), (1, 1), (2, 1)), ((0, 3), (1, 3), (0, 6), (2, 0), (1, 3), (2, 3), (3, 6), (2, 1)))", "jacov": {"score": -64.74039666522232, "time": 4.836971418990288}, "val_accuracy": 46.93}, {"idx": "33", "arch": "(((1, 6), (0, 0), (1, 3), (0, 0), (0, 1), (3, 3), (3, 1), (0, 4)), ((0, 0), (1, 3), (0, 5), (1, 1), (2, 4), (0, 0), (4, 2), (2, 0)))", "jacov": {"score": -64.25363724389157, "time": 6.055054772004951}, "val_accuracy": 49.88}, {"idx": "34", "arch": "(((1, 1), (0, 6), (2, 6), (0, 4), (0, 0), (1, 2), (3, 6), (2, 1)), ((0, 6), (1, 1), (0, 4), (2, 4), (0, 2), (3, 3), (3, 6), (1, 5)))", "jacov": {"score": -64.35103014380435, "time": 5.326677603996359}, "val_accuracy": 44.04}, {"idx": "35", "arch": "(((1, 2), (0, 2), (1, 0), (2, 0), (3, 6), (1, 2), (4, 5), (3, 2)), ((0, 1), (1, 6), (2, 4), (1, 3), (0, 3), (3, 5), (2, 6), (4, 5)))", "jacov": {"score": -64.26132103534223, "time": 3.45340979899629}, "val_accuracy": 43.17}, {"idx": "36", "arch": "(((1, 5), (0, 4), (0, 2), (2, 1), (0, 6), (2, 3), (2, 5), (3, 3)), ((0, 3), (1, 5), (0, 2), (2, 5), (0, 4), (3, 4), (4, 1), (1, 1)))", "jacov": {"score": -64.44072647890039, "time": 5.558444944996154}, "val_accuracy": 44.68}, {"idx": "37", "arch": "(((0, 5), (1, 2), (1, 2), (0, 4), (3, 6), (0, 6), (0, 3), (1, 3)), ((1, 6), (0, 0), (2, 1), (1, 5), (1, 6), (2, 1), (2, 5), (4, 1)))", "jacov": {"score": -64.36358619047678, "time": 5.847460991004482}, "val_accuracy": 47.76}, {"idx": "38", "arch": "(((0, 6), (1, 5), (2, 5), (1, 6), (3, 0), (1, 1), (1, 6), (2, 2)), ((1, 0), (0, 5), (0, 6), (2, 1), (1, 1), (0, 2), (1, 0), (0, 3)))", "jacov": {"score": -64.28929285289507, "time": 4.443505260016536}, "val_accuracy": 43.84}, {"idx": "39", "arch": "(((0, 1), (1, 0), (1, 2), (0, 5), (3, 4), (2, 5), (1, 6), (4, 2)), ((0, 2), (1, 2), (1, 0), (2, 4), (0, 0), (3, 3), (3, 5), (2, 5)))", "jacov": {"score": -64.28806489730701, "time": 4.379790819017217}, "val_accuracy": 44.49}, {"idx": "40", "arch": "(((0, 3), (1, 4), (2, 6), (0, 3), (3, 5), (0, 1), (2, 3), (1, 2)), ((1, 4), (0, 3), (2, 3), (0, 6), (0, 2), (2, 1), (4, 0), (0, 4)))", "jacov": {"score": -64.44676653063993, "time": 6.909386935993098}, "val_accuracy": 47.21}, {"idx": "41", "arch": "(((1, 0), (0, 3), (2, 2), (0, 3), (1, 4), (2, 0), (0, 1), (2, 4)), ((0, 6), (1, 2), (0, 1), (2, 0), (3, 6), (1, 2), (0, 3), (1, 6)))", "jacov": {"score": -64.26160006699479, "time": 6.205863876995863}, "val_accuracy": 47.46}, {"idx": "42", "arch": "(((1, 0), (0, 5), (0, 0), (2, 4), (2, 1), (1, 5), (4, 4), (3, 5)), ((1, 6), (0, 1), (0, 0), (1, 4), (2, 6), (0, 1), (2, 4), (0, 5)))", "jacov": {"score": -64.27248978164928, "time": 5.770539622986689}, "val_accuracy": 45.63}, {"idx": "43", "arch": "(((1, 4), (0, 4), (2, 1), (1, 2), (1, 4), (2, 2), (3, 0), (4, 5)), ((0, 4), (1, 4), (0, 6), (2, 2), (3, 1), (0, 0), (3, 4), (4, 6)))", "jacov": {"score": -64.29293839993991, "time": 5.600374902016483}, "val_accuracy": 44.95}, {"idx": "44", "arch": "(((1, 2), (0, 4), (2, 0), (1, 4), (3, 3), (1, 5), (2, 5), (0, 0)), ((1, 2), (0, 4), (2, 6), (1, 4), (3, 1), (1, 1), (0, 2), (1, 4)))", "jacov": {"score": -64.26921932143898, "time": 6.665982086997246}, "val_accuracy": 45.65}, {"idx": "45", "arch": "(((0, 3), (1, 3), (0, 6), (1, 2), (1, 3), (2, 4), (3, 6), (1, 0)), ((1, 3), (0, 4), (0, 6), (2, 4), (3, 6), (2, 5), (4, 4), (1, 5)))", "jacov": {"score": -64.3170929194037, "time": 7.169303977978416}, "val_accuracy": 46.02}, {"idx": "46", "arch": "(((0, 2), (1, 3), (0, 4), (1, 3), (1, 1), (3, 3), (3, 4), (0, 6)), ((0, 0), (1, 1), (2, 4), (0, 3), (0, 5), (2, 4), (4, 1), (1, 1)))", "jacov": {"score": -64.33913765147528, "time": 6.14499550301116}, "val_accuracy": 47.96}, {"idx": "47", "arch": "(((1, 5), (0, 6), (1, 4), (0, 2), (2, 2), (1, 6), (2, 1), (0, 4)), ((0, 5), (1, 2), (0, 2), (2, 0), (0, 2), (2, 4), (4, 5), (2, 5)))", "jacov": {"score": -64.42762994024919, "time": 4.9724537750007585}, "val_accuracy": 42.58}, {"idx": "48", "arch": "(((1, 2), (0, 2), (1, 4), (2, 4), (3, 2), (0, 6), (0, 3), (2, 6)), ((0, 2), (1, 2), (2, 6), (1, 0), (1, 2), (3, 4), (1, 4), (3, 3)))", "jacov": {"score": -64.3364046549153, "time": 6.112663175998023}, "val_accuracy": 44.79}, {"idx": "49", "arch": "(((1, 0), (0, 0), (2, 2), (1, 6), (1, 5), (0, 3), (1, 0), (2, 0)), ((1, 3), (0, 1), (0, 2), (1, 1), (1, 1), (2, 5), (2, 4), (0, 4)))", "jacov": {"score": -64.25945336560771, "time": 4.8080431330017745}, "val_accuracy": 46.19}, {"idx": "50", "arch": "(((1, 5), (0, 6), (2, 2), (1, 2), (3, 1), (0, 2), (0, 6), (1, 5)), ((1, 1), (0, 0), (0, 5), (1, 0), (0, 2), (3, 3), (2, 0), (0, 1)))", "jacov": {"score": -64.47033874091643, "time": 4.069949770986568}, "val_accuracy": 45.24}, {"idx": "51", "arch": "(((0, 0), (1, 5), (0, 3), (2, 0), (1, 4), (3, 4), (1, 1), (3, 2)), ((1, 0), (0, 6), (1, 2), (0, 1), (1, 5), (0, 3), (4, 4), (0, 3)))", "jacov": {"score": -64.27403283927524, "time": 6.424329529021634}, "val_accuracy": 46.75}, {"idx": "52", "arch": "(((0, 4), (1, 0), (1, 3), (0, 6), (3, 3), (1, 1), (2, 2), (1, 6)), ((0, 2), (1, 2), (0, 5), (1, 3), (1, 5), (3, 4), (0, 6), (4, 0)))", "jacov": {"score": -64.26585492504627, "time": 6.774386457022047}, "val_accuracy": 44.35}, {"idx": "53", "arch": "(((1, 0), (0, 2), (1, 3), (2, 0), (1, 1), (3, 3), (4, 3), (1, 0)), ((0, 1), (1, 0), (1, 3), (0, 2), (0, 4), (3, 3), (2, 3), (1, 0)))", "jacov": {"score": -64.27717429679895, "time": 5.403165598982014}, "val_accuracy": 48.14}, {"idx": "54", "arch": "(((1, 3), (0, 1), (1, 4), (0, 2), (1, 4), (0, 1), (0, 0), (4, 6)), ((1, 3), (0, 6), (0, 1), (2, 5), (2, 2), (1, 4), (3, 3), (1, 2)))", "jacov": {"score": -64.35222196843753, "time": 5.799336664000293}, "val_accuracy": 47.8}, {"idx": "55", "arch": "(((0, 1), (1, 6), (0, 6), (2, 1), (0, 0), (3, 6), (4, 2), (2, 6)), ((0, 3), (1, 5), (1, 5), (2, 3), (1, 1), (2, 2), (1, 0), (0, 2)))", "jacov": {"score": -64.31525798539113, "time": 4.99984249798581}, "val_accuracy": 46.33}, {"idx": "56", "arch": "(((0, 3), (1, 0), (2, 6), (1, 2), (2, 2), (1, 1), (2, 6), (4, 4)), ((0, 4), (1, 6), (2, 4), (1, 2), (1, 6), (0, 3), (2, 5), (1, 5)))", "jacov": {"score": -64.30965903179143, "time": 5.99369559600018}, "val_accuracy": 44.16}, {"idx": "57", "arch": "(((1, 6), (0, 5), (2, 3), (1, 6), (2, 6), (0, 2), (2, 5), (0, 1)), ((0, 3), (1, 4), (0, 3), (1, 2), (1, 4), (3, 2), (0, 1), (4, 3)))", "jacov": {"score": -64.33338209899908, "time": 5.5415069769951515}, "val_accuracy": 42.81}, {"idx": "58", "arch": "(((1, 2), (0, 1), (0, 2), (2, 0), (2, 2), (3, 1), (4, 3), (0, 2)), ((0, 3), (1, 4), (0, 6), (2, 1), (1, 4), (3, 6), (0, 5), (4, 5)))", "jacov": {"score": -65.14286297289209, "time": 3.257685297023272}, "val_accuracy": 46.51}, {"idx": "59", "arch": "(((1, 6), (0, 3), (0, 1), (1, 4), (3, 1), (1, 5), (0, 0), (2, 2)), ((1, 5), (0, 0), (2, 2), (0, 3), (1, 1), (3, 0), (2, 2), (0, 6)))", "jacov": {"score": -64.31676313683883, "time": 4.637163612002041}, "val_accuracy": 47.45}, {"idx": "60", "arch": "(((1, 3), (0, 6), (2, 4), (1, 5), (0, 0), (1, 3), (3, 6), (4, 6)), ((1, 0), (0, 2), (0, 6), (1, 5), (0, 4), (3, 0), (4, 6), (2, 6)))", "jacov": {"score": -64.2925194305342, "time": 6.288468857994303}, "val_accuracy": 45.4}, {"idx": "61", "arch": "(((1, 5), (0, 5), (2, 0), (1, 1), (0, 2), (3, 2), (0, 3), (3, 3)), ((0, 3), (1, 4), (2, 5), (1, 2), (1, 3), (0, 2), (4, 0), (1, 2)))", "jacov": {"score": -64.27752151259696, "time": 5.0302178419951815}, "val_accuracy": 45.91}, {"idx": "62", "arch": "(((0, 2), (1, 1), (2, 6), (0, 6), (1, 2), (2, 2), (0, 2), (3, 0)), ((1, 2), (0, 6), (0, 2), (2, 4), (2, 3), (1, 3), (3, 6), (4, 0)))", "jacov": {"score": -64.34188779815193, "time": 3.4951943999913055}, "val_accuracy": 43.15}, {"idx": "63", "arch": "(((1, 1), (0, 3), (1, 2), (2, 1), (0, 5), (3, 5), (4, 1), (0, 0)), ((1, 5), (0, 3), (0, 1), (1, 4), (0, 4), (2, 3), (2, 2), (1, 3)))", "jacov": {"score": -65.36198392046228, "time": 4.221883051999612}, "val_accuracy": 46.46}, {"idx": "64", "arch": "(((0, 1), (1, 5), (1, 6), (0, 4), (2, 5), (1, 2), (0, 1), (1, 3)), ((0, 5), (1, 5), (2, 0), (0, 0), (0, 2), (1, 1), (1, 1), (0, 5)))", "jacov": {"score": -64.62047228026074, "time": 4.849414601980243}, "val_accuracy": 45.75}, {"idx": "65", "arch": "(((0, 1), (1, 3), (2, 3), (1, 2), (1, 3), (3, 4), (2, 6), (4, 6)), ((0, 1), (1, 5), (2, 5), (0, 5), (1, 1), (3, 2), (0, 0), (3, 3)))", "jacov": {"score": -64.32529629916388, "time": 5.771877946011955}, "val_accuracy": 48.54}, {"idx": "66", "arch": "(((1, 2), (0, 0), (1, 4), (2, 2), (0, 6), (2, 6), (1, 1), (3, 1)), ((0, 0), (1, 0), (2, 4), (0, 0), (3, 2), (1, 4), (1, 5), (3, 1)))", "jacov": {"score": -64.2443715817783, "time": 3.9635776900104247}, "val_accuracy": 46.19}, {"idx": "67", "arch": "(((1, 0), (0, 5), (1, 4), (2, 0), (1, 5), (0, 0), (0, 4), (2, 5)), ((1, 5), (0, 4), (2, 4), (1, 0), (2, 0), (0, 6), (1, 6), (2, 1)))", "jacov": {"score": -64.3012068903817, "time": 5.76711954199709}, "val_accuracy": 46.38}, {"idx": "68", "arch": "(((0, 1), (1, 6), (1, 2), (0, 4), (1, 2), (2, 0), (0, 3), (4, 2)), ((0, 5), (1, 6), (2, 2), (0, 5), (2, 1), (3, 4), (4, 2), (3, 6)))", "jacov": {"score": -64.28621260334455, "time": 3.793596721981885}, "val_accuracy": 46.06}, {"idx": "69", "arch": "(((0, 2), (1, 0), (0, 2), (1, 5), (2, 5), (0, 1), (2, 2), (3, 0)), ((0, 1), (1, 1), (0, 1), (2, 4), (0, 0), (1, 3), (2, 6), (3, 0)))", "jacov": {"score": -64.27011726625946, "time": 3.1057370970083866}, "val_accuracy": 46.87}, {"idx": "70", "arch": "(((0, 4), (1, 0), (0, 1), (1, 3), (2, 2), (1, 5), (2, 2), (4, 4)), ((1, 4), (0, 4), (0, 1), (2, 4), (1, 0), (3, 1), (1, 1), (4, 0)))", "jacov": {"score": -64.28134749643479, "time": 5.032386990991654}, "val_accuracy": 48.05}, {"idx": "71", "arch": "(((0, 4), (1, 4), (2, 2), (0, 5), (1, 5), (0, 3), (1, 2), (2, 6)), ((0, 3), (1, 2), (0, 3), (2, 2), (1, 3), (3, 6), (3, 0), (4, 3)))", "jacov": {"score": -64.30611163687972, "time": 5.500210027006688}, "val_accuracy": 44.48}, {"idx": "72", "arch": "(((0, 5), (1, 6), (1, 1), (0, 5), (3, 4), (2, 5), (4, 0), (2, 5)), ((1, 0), (0, 6), (2, 0), (1, 5), (1, 2), (0, 5), (3, 1), (0, 3)))", "jacov": {"score": -64.30538938969508, "time": 5.069896532018902}, "val_accuracy": 45.79}, {"idx": "73", "arch": "(((0, 4), (1, 4), (2, 4), (0, 3), (3, 4), (1, 1), (0, 0), (3, 6)), ((0, 6), (1, 3), (2, 3), (0, 5), (2, 1), (0, 5), (0, 1), (1, 4)))", "jacov": {"score": -64.32765490931413, "time": 6.901813479984412}, "val_accuracy": 47.0}, {"idx": "74", "arch": "(((0, 2), (1, 0), (2, 4), (0, 3), (1, 3), (0, 6), (4, 5), (3, 1)), ((0, 5), (1, 4), (0, 5), (2, 2), (2, 3), (1, 3), (1, 1), (0, 1)))", "jacov": {"score": -64.30827535482429, "time": 5.9187865349813364}, "val_accuracy": 46.44}, {"idx": "75", "arch": "(((0, 6), (1, 6), (1, 0), (2, 0), (0, 4), (1, 6), (4, 4), (2, 0)), ((1, 6), (0, 6), (1, 6), (2, 1), (3, 0), (2, 3), (0, 0), (4, 0)))", "jacov": {"score": -64.274245158345, "time": 6.080486516992096}, "val_accuracy": 44.62}, {"idx": "76", "arch": "(((1, 3), (0, 2), (0, 1), (2, 1), (0, 4), (2, 1), (4, 4), (1, 1)), ((1, 1), (0, 6), (2, 1), (0, 4), (0, 2), (2, 6), (1, 6), (3, 0)))", "jacov": {"score": -64.76483391404793, "time": 4.64837673297734}, "val_accuracy": 46.03}, {"idx": "77", "arch": "(((1, 1), (0, 0), (0, 4), (1, 5), (1, 3), (0, 5), (4, 3), (0, 3)), ((1, 0), (0, 1), (0, 5), (2, 2), (2, 6), (1, 4), (1, 1), (3, 1)))", "jacov": {"score": -64.35654093710059, "time": 5.57181009897613}, "val_accuracy": 47.38}, {"idx": "78", "arch": "(((0, 4), (1, 6), (1, 3), (0, 5), (1, 2), (3, 0), (2, 5), (4, 3)), ((1, 6), (0, 6), (2, 0), (0, 0), (3, 1), (2, 6), (4, 4), (0, 6)))", "jacov": {"score": -64.28112609112927, "time": 5.471130635007285}, "val_accuracy": 46.69}, {"idx": "79", "arch": "(((1, 4), (0, 0), (1, 3), (0, 1), (0, 0), (2, 3), (2, 2), (3, 3)), ((1, 1), (0, 5), (0, 3), (1, 3), (0, 2), (1, 3), (1, 5), (2, 4)))", "jacov": {"score": -64.24722531793171, "time": 5.575872850982705}, "val_accuracy": 45.82}, {"idx": "80", "arch": "(((0, 1), (1, 3), (2, 3), (1, 4), (1, 4), (2, 6), (1, 3), (2, 0)), ((0, 4), (1, 6), (1, 6), (2, 4), (1, 3), (0, 2), (0, 5), (1, 4)))", "jacov": {"score": -64.2921332538624, "time": 6.585606909997296}, "val_accuracy": 46.96}, {"idx": "81", "arch": "(((0, 3), (1, 4), (0, 0), (2, 3), (0, 3), (2, 2), (2, 3), (3, 2)), ((1, 1), (0, 1), (2, 0), (1, 0), (2, 3), (0, 4), (4, 6), (0, 6)))", "jacov": {"score": -64.28137119136534, "time": 5.455898243992124}, "val_accuracy": 47.33}, {"idx": "82", "arch": "(((1, 4), (0, 4), (2, 0), (1, 1), (0, 6), (1, 4), (3, 6), (2, 1)), ((0, 3), (1, 5), (1, 5), (0, 4), (0, 5), (2, 6), (2, 1), (3, 6)))", "jacov": {"score": -64.29969692427602, "time": 6.320961383986287}, "val_accuracy": 46.99}, {"idx": "83", "arch": "(((0, 5), (1, 1), (0, 0), (2, 1), (3, 0), (1, 4), (4, 4), (1, 0)), ((0, 6), (1, 2), (0, 1), (1, 2), (3, 5), (1, 2), (0, 2), (1, 3)))", "jacov": {"score": -64.24256945000761, "time": 5.18344928699662}, "val_accuracy": 48.77}, {"idx": "84", "arch": "(((0, 3), (1, 1), (2, 3), (1, 4), (0, 1), (1, 3), (1, 1), (2, 4)), ((1, 5), (0, 4), (0, 5), (1, 0), (3, 0), (0, 3), (0, 5), (4, 1)))", "jacov": {"score": -64.35444255017731, "time": 5.897879090014612}, "val_accuracy": 50.45}, {"idx": "85", "arch": "(((1, 3), (0, 0), (0, 0), (1, 1), (0, 6), (1, 2), (1, 5), (0, 3)), ((0, 0), (1, 0), (0, 5), (1, 1), (1, 1), (0, 4), (4, 4), (1, 5)))", "jacov": {"score": -64.38454996834605, "time": 4.99361530400347}, "val_accuracy": 48.18}, {"idx": "86", "arch": "(((1, 4), (0, 2), (0, 2), (2, 2), (0, 1), (1, 0), (1, 5), (0, 4)), ((0, 0), (1, 6), (2, 0), (0, 5), (3, 6), (0, 2), (2, 4), (4, 2)))", "jacov": {"score": -64.34719245778098, "time": 3.814542442007223}, "val_accuracy": 46.66}, {"idx": "87", "arch": "(((1, 6), (0, 1), (2, 6), (0, 2), (3, 1), (1, 5), (3, 5), (1, 5)), ((1, 1), (0, 1), (0, 2), (2, 5), (3, 0), (0, 3), (3, 4), (4, 5)))", "jacov": {"score": -64.51798139189759, "time": 4.093361964012729}, "val_accuracy": 44.61}, {"idx": "88", "arch": "(((1, 1), (0, 3), (2, 4), (1, 5), (1, 2), (3, 6), (4, 4), (3, 2)), ((0, 3), (1, 1), (2, 4), (1, 3), (0, 5), (2, 1), (2, 5), (4, 0)))", "jacov": {"score": -64.41877839438783, "time": 5.249648305994924}, "val_accuracy": 46.99}, {"idx": "89", "arch": "(((1, 4), (0, 2), (0, 1), (1, 2), (0, 2), (3, 5), (4, 1), (1, 1)), ((0, 6), (1, 4), (2, 6), (0, 5), (3, 4), (1, 4), (2, 2), (3, 4)))", "jacov": {"score": -64.7388208476096, "time": 3.639843381999526}, "val_accuracy": 43.57}, {"idx": "90", "arch": "(((0, 2), (1, 3), (0, 4), (1, 2), (1, 0), (2, 4), (0, 6), (3, 0)), ((0, 6), (1, 2), (2, 0), (0, 1), (0, 3), (2, 6), (4, 6), (2, 5)))", "jacov": {"score": -64.2786851736538, "time": 5.239248825004324}, "val_accuracy": 45.97}, {"idx": "91", "arch": "(((1, 5), (0, 5), (2, 6), (1, 4), (3, 3), (2, 6), (0, 1), (3, 0)), ((0, 2), (1, 3), (1, 3), (0, 3), (1, 5), (0, 2), (2, 6), (4, 2)))", "jacov": {"score": -64.30964886758909, "time": 6.3144239019893575}, "val_accuracy": 44.51}, {"idx": "92", "arch": "(((1, 1), (0, 0), (1, 3), (0, 4), (3, 4), (0, 5), (3, 6), (2, 4)), ((1, 4), (0, 0), (0, 2), (1, 1), (1, 5), (3, 1), (1, 3), (0, 4)))", "jacov": {"score": -64.32058736943753, "time": 6.520794982003281}, "val_accuracy": 48.11}, {"idx": "93", "arch": "(((0, 0), (1, 3), (0, 0), (1, 0), (3, 5), (0, 0), (3, 2), (0, 1)), ((0, 5), (1, 5), (2, 0), (1, 6), (1, 1), (2, 3), (0, 2), (2, 2)))", "jacov": {"score": -64.27722657947513, "time": 3.674018783000065}, "val_accuracy": 44.72}, {"idx": "94", "arch": "(((1, 5), (0, 2), (0, 0), (1, 1), (0, 4), (1, 1), (4, 5), (1, 5)), ((1, 3), (0, 4), (2, 1), (0, 2), (2, 2), (1, 4), (1, 6), (3, 4)))", "jacov": {"score": -64.45108260855773, "time": 4.52559815699351}, "val_accuracy": 44.88}, {"idx": "95", "arch": "(((1, 1), (0, 2), (1, 4), (0, 3), (3, 5), (0, 1), (0, 6), (2, 5)), ((0, 2), (1, 1), (2, 5), (0, 3), (2, 0), (3, 5), (3, 4), (1, 3)))", "jacov": {"score": -64.56092543204772, "time": 5.157675445982022}, "val_accuracy": 47.14}, {"idx": "96", "arch": "(((1, 6), (0, 2), (2, 3), (0, 1), (1, 4), (0, 3), (2, 5), (0, 1)), ((1, 6), (0, 2), (2, 6), (0, 2), (2, 1), (1, 5), (0, 0), (2, 3)))", "jacov": {"score": -64.3078735265905, "time": 5.692752028990071}, "val_accuracy": 46.59}, {"idx": "97", "arch": "(((1, 2), (0, 1), (1, 1), (2, 0), (1, 1), (2, 1), (1, 2), (0, 6)), ((1, 6), (0, 3), (0, 1), (1, 4), (0, 2), (2, 2), (0, 5), (3, 1)))", "jacov": {"score": -65.8107206712027, "time": 3.6421135159907863}, "val_accuracy": 46.57}, {"idx": "98", "arch": "(((1, 5), (0, 1), (0, 0), (2, 0), (1, 0), (0, 0), (1, 1), (3, 0)), ((1, 1), (0, 3), (2, 4), (1, 0), (3, 6), (2, 3), (0, 1), (2, 5)))", "jacov": {"score": -64.24638355383485, "time": 3.886256208003033}, "val_accuracy": 47.41}, {"idx": "99", "arch": "(((0, 1), (1, 2), (0, 3), (1, 5), (1, 0), (0, 5), (3, 6), (0, 2)), ((0, 6), (1, 5), (1, 2), (2, 6), (3, 0), (2, 1), (3, 6), (4, 5)))", "jacov": {"score": -64.31251004209173, "time": 4.013542331987992}, "val_accuracy": 46.26}, {"idx": "100", "arch": "(((0, 0), (1, 6), (2, 4), (1, 1), (0, 1), (2, 6), (1, 5), (2, 2)), ((1, 6), (0, 2), (2, 4), (1, 1), (3, 6), (2, 5), (0, 2), (1, 2)))", "jacov": {"score": -64.28059801851055, "time": 4.576693828013958}, "val_accuracy": 44.87}, {"idx": "101", "arch": "(((1, 4), (0, 2), (1, 4), (2, 4), (3, 3), (2, 5), (4, 1), (0, 5)), ((1, 3), (0, 1), (2, 6), (0, 5), (3, 0), (2, 6), (4, 1), (0, 3)))", "jacov": {"score": -64.34538574791057, "time": 5.723522475018399}, "val_accuracy": 43.34}, {"idx": "102", "arch": "(((0, 5), (1, 3), (1, 2), (2, 2), (0, 2), (2, 2), (0, 2), (4, 4)), ((1, 4), (0, 6), (0, 1), (2, 1), (2, 0), (0, 3), (2, 3), (0, 4)))", "jacov": {"score": -64.70287639106436, "time": 3.4424849420029204}, "val_accuracy": 45.06}, {"idx": "103", "arch": "(((0, 4), (1, 0), (1, 0), (2, 3), (1, 0), (0, 4), (4, 4), (1, 6)), ((1, 4), (0, 2), (1, 1), (2, 2), (0, 2), (3, 3), (4, 4), (2, 5)))", "jacov": {"score": -64.27827464950101, "time": 5.840999208012363}, "val_accuracy": 44.6}, {"idx": "104", "arch": "(((1, 0), (0, 2), (2, 5), (0, 1), (1, 3), (0, 3), (2, 6), (3, 4)), ((0, 4), (1, 2), (0, 0), (2, 2), (1, 3), (0, 1), (0, 6), (4, 5)))", "jacov": {"score": -64.28563921848175, "time": 4.679345705982996}, "val_accuracy": 47.2}, {"idx": "105", "arch": "(((1, 4), (0, 6), (1, 4), (2, 2), (2, 4), (1, 5), (4, 0), (3, 1)), ((0, 2), (1, 5), (0, 5), (2, 0), (2, 1), (0, 3), (3, 0), (1, 4)))", "jacov": {"score": -64.29944501597653, "time": 6.100899159995606}, "val_accuracy": 44.42}, {"idx": "106", "arch": "(((1, 0), (0, 3), (2, 3), (0, 1), (3, 3), (1, 2), (3, 3), (0, 4)), ((0, 4), (1, 2), (2, 5), (1, 2), (3, 6), (2, 0), (3, 4), (2, 6)))", "jacov": {"score": -64.27813714359979, "time": 5.970854764978867}, "val_accuracy": 49.51}, {"idx": "107", "arch": "(((0, 0), (1, 3), (1, 0), (2, 6), (2, 6), (1, 6), (0, 6), (3, 2)), ((1, 1), (0, 4), (2, 6), (1, 2), (3, 6), (1, 0), (0, 2), (1, 5)))", "jacov": {"score": -64.27657656499318, "time": 5.11621409500367}, "val_accuracy": 46.15}, {"idx": "108", "arch": "(((1, 3), (0, 6), (0, 2), (1, 5), (3, 0), (0, 4), (2, 2), (1, 0)), ((0, 2), (1, 2), (2, 0), (1, 1), (2, 3), (0, 5), (0, 1), (2, 4)))", "jacov": {"score": -64.26919416951654, "time": 4.701469333987916}, "val_accuracy": 45.64}, {"idx": "109", "arch": "(((1, 0), (0, 6), (0, 3), (2, 3), (1, 4), (2, 5), (2, 0), (4, 2)), ((1, 6), (0, 5), (0, 1), (1, 3), (2, 4), (3, 5), (3, 3), (1, 5)))", "jacov": {"score": -64.28801698050717, "time": 5.521435224014567}, "val_accuracy": 45.94}, {"idx": "110", "arch": "(((1, 0), (0, 3), (0, 5), (2, 4), (0, 1), (2, 2), (0, 2), (2, 1)), ((0, 2), (1, 2), (1, 5), (0, 0), (3, 1), (2, 3), (0, 3), (2, 5)))", "jacov": {"score": -64.29219949030741, "time": 3.9318341489997692}, "val_accuracy": 46.56}, {"idx": "111", "arch": "(((1, 6), (0, 0), (1, 2), (2, 1), (2, 4), (3, 5), (4, 5), (0, 3)), ((0, 1), (1, 6), (0, 6), (1, 6), (1, 1), (2, 4), (2, 2), (4, 6)))", "jacov": {"score": -64.28302620672014, "time": 5.191844968998339}, "val_accuracy": 45.89}, {"idx": "112", "arch": "(((1, 0), (0, 2), (1, 2), (0, 5), (3, 3), (1, 5), (1, 2), (2, 6)), ((0, 5), (1, 5), (0, 3), (1, 0), (1, 4), (0, 4), (1, 5), (0, 0)))", "jacov": {"score": -64.26702624410208, "time": 3.919439570978284}, "val_accuracy": 45.26}, {"idx": "113", "arch": "(((0, 4), (1, 0), (2, 1), (1, 4), (1, 5), (3, 2), (4, 3), (2, 1)), ((0, 4), (1, 4), (2, 6), (1, 4), (2, 6), (0, 3), (0, 0), (3, 6)))", "jacov": {"score": -64.27481137387255, "time": 5.470047466020333}, "val_accuracy": 44.11}, {"idx": "114", "arch": "(((1, 1), (0, 4), (1, 6), (2, 1), (3, 0), (1, 4), (2, 2), (0, 4)), ((1, 3), (0, 4), (1, 6), (0, 1), (2, 0), (3, 2), (0, 6), (4, 5)))", "jacov": {"score": -64.3262495450293, "time": 5.435207520989934}, "val_accuracy": 44.57}, {"idx": "115", "arch": "(((0, 0), (1, 2), (1, 0), (2, 0), (0, 1), (1, 3), (0, 2), (3, 3)), ((1, 0), (0, 1), (0, 0), (1, 1), (2, 5), (1, 4), (0, 4), (2, 6)))", "jacov": {"score": -64.24153251159885, "time": 3.682018491002964}, "val_accuracy": 49.32}, {"idx": "116", "arch": "(((1, 2), (0, 5), (1, 2), (0, 4), (1, 4), (0, 4), (4, 4), (3, 4)), ((1, 0), (0, 5), (2, 5), (0, 5), (2, 0), (0, 2), (1, 0), (2, 3)))", "jacov": {"score": -64.30484483578434, "time": 5.998539925989462}, "val_accuracy": 46.68}, {"idx": "117", "arch": "(((0, 4), (1, 3), (2, 0), (1, 4), (2, 3), (0, 3), (1, 6), (4, 0)), ((0, 1), (1, 5), (0, 3), (1, 2), (0, 3), (2, 6), (4, 4), (0, 5)))", "jacov": {"score": -64.27598264781892, "time": 6.7171631890232675}, "val_accuracy": 47.3}, {"idx": "118", "arch": "(((1, 4), (0, 6), (1, 6), (0, 3), (2, 1), (1, 4), (3, 6), (1, 1)), ((0, 3), (1, 2), (2, 1), (1, 5), (3, 6), (1, 2), (1, 0), (0, 5)))", "jacov": {"score": -64.49385715277914, "time": 6.424809421994723}, "val_accuracy": 47.61}, {"idx": "119", "arch": "(((0, 0), (1, 3), (1, 1), (2, 3), (0, 5), (1, 2), (2, 4), (4, 1)), ((1, 5), (0, 3), (0, 0), (2, 4), (2, 4), (3, 2), (1, 2), (0, 0)))", "jacov": {"score": -64.2542021423134, "time": 5.3783729760034475}, "val_accuracy": 50.31}, {"idx": "120", "arch": "(((0, 5), (1, 2), (1, 5), (0, 5), (3, 5), (2, 5), (4, 2), (1, 5)), ((0, 0), (1, 5), (1, 3), (0, 1), (2, 6), (1, 4), (4, 5), (0, 3)))", "jacov": {"score": -64.34729660028697, "time": 3.7558441369910724}, "val_accuracy": 43.4}, {"idx": "121", "arch": "(((0, 3), (1, 4), (0, 2), (2, 3), (1, 6), (3, 0), (2, 1), (3, 0)), ((1, 3), (0, 4), (2, 3), (1, 2), (1, 0), (3, 3), (4, 2), (1, 3)))", "jacov": {"score": -64.29836938563659, "time": 5.525282810005592}, "val_accuracy": 48.32}, {"idx": "122", "arch": "(((1, 0), (0, 0), (1, 4), (0, 2), (1, 0), (3, 0), (0, 6), (2, 2)), ((1, 3), (0, 0), (0, 5), (1, 2), (0, 4), (2, 3), (2, 3), (1, 4)))", "jacov": {"score": -64.26656676850078, "time": 4.255563484999584}, "val_accuracy": 44.89}, {"idx": "123", "arch": "(((0, 4), (1, 3), (2, 5), (0, 4), (2, 4), (3, 6), (0, 4), (4, 5)), ((1, 0), (0, 2), (2, 0), (1, 4), (2, 0), (0, 6), (3, 1), (0, 0)))", "jacov": {"score": -64.32172073745576, "time": 6.479098862997489}, "val_accuracy": 48.85}, {"idx": "124", "arch": "(((1, 5), (0, 4), (2, 6), (1, 3), (0, 4), (3, 5), (0, 5), (3, 3)), ((1, 4), (0, 0), (1, 4), (0, 0), (1, 0), (2, 2), (0, 4), (1, 2)))", "jacov": {"score": -64.27667945449457, "time": 5.998047998000402}, "val_accuracy": 46.71}, {"idx": "125", "arch": "(((0, 1), (1, 0), (2, 4), (0, 1), (1, 0), (3, 5), (3, 5), (2, 4)), ((0, 3), (1, 1), (2, 2), (1, 0), (0, 4), (3, 5), (1, 1), (0, 3)))", "jacov": {"score": -64.26573972772209, "time": 5.077101177012082}, "val_accuracy": 47.23}, {"idx": "126", "arch": "(((1, 6), (0, 6), (0, 6), (1, 1), (2, 1), (1, 3), (2, 5), (3, 4)), ((0, 5), (1, 3), (0, 1), (2, 6), (1, 3), (2, 5), (4, 0), (1, 6)))", "jacov": {"score": -64.31023746925007, "time": 5.703402969025774}, "val_accuracy": 43.68}, {"idx": "127", "arch": "(((1, 5), (0, 0), (1, 1), (2, 1), (3, 5), (2, 4), (3, 2), (1, 3)), ((1, 6), (0, 5), (1, 2), (2, 0), (0, 2), (2, 2), (3, 3), (4, 6)))", "jacov": {"score": -64.26867947656359, "time": 4.928316300007282}, "val_accuracy": 47.83}, {"idx": "128", "arch": "(((1, 1), (0, 5), (1, 1), (0, 0), (2, 0), (0, 3), (2, 6), (3, 3)), ((1, 5), (0, 3), (0, 5), (1, 3), (0, 0), (3, 5), (3, 4), (1, 2)))", "jacov": {"score": -64.34527152531246, "time": 5.177199630998075}, "val_accuracy": 47.15}, {"idx": "129", "arch": "(((0, 3), (1, 2), (1, 6), (0, 5), (1, 0), (3, 6), (2, 0), (4, 3)), ((1, 0), (0, 5), (2, 1), (1, 0), (3, 2), (2, 1), (4, 0), (0, 0)))", "jacov": {"score": -64.26569136117658, "time": 4.749687726987759}, "val_accuracy": 49.52}, {"idx": "130", "arch": "(((0, 0), (1, 3), (2, 5), (0, 2), (1, 0), (3, 4), (0, 2), (1, 0)), ((1, 6), (0, 2), (1, 5), (2, 5), (1, 5), (2, 1), (0, 5), (2, 4)))", "jacov": {"score": -64.28926393044195, "time": 4.717568662017584}, "val_accuracy": 46.54}, {"idx": "131", "arch": "(((1, 6), (0, 1), (1, 0), (2, 1), (2, 6), (3, 3), (0, 4), (3, 3)), ((1, 1), (0, 3), (0, 0), (2, 3), (0, 1), (2, 3), (2, 0), (1, 2)))", "jacov": {"score": -64.28224953163001, "time": 5.832354943995597}, "val_accuracy": 49.1}, {"idx": "132", "arch": "(((1, 5), (0, 1), (1, 6), (0, 6), (2, 1), (1, 0), (2, 5), (4, 4)), ((1, 1), (0, 1), (0, 6), (1, 3), (3, 5), (2, 1), (0, 1), (2, 2)))", "jacov": {"score": -64.37039364887272, "time": 4.441540119994897}, "val_accuracy": 46.36}, {"idx": "133", "arch": "(((1, 6), (0, 1), (0, 6), (1, 5), (2, 6), (1, 1), (4, 0), (3, 6)), ((1, 2), (0, 1), (1, 0), (0, 2), (3, 1), (0, 3), (4, 5), (3, 4)))", "jacov": {"score": -64.3080639256336, "time": 4.753030245978152}, "val_accuracy": 45.39}, {"idx": "134", "arch": "(((1, 3), (0, 5), (2, 1), (0, 0), (3, 1), (2, 0), (3, 4), (0, 5)), ((1, 3), (0, 0), (0, 2), (1, 6), (2, 0), (0, 3), (1, 6), (0, 0)))", "jacov": {"score": -64.26062436802704, "time": 5.260690783994505}, "val_accuracy": 47.99}, {"idx": "135", "arch": "(((0, 6), (1, 0), (1, 1), (2, 5), (1, 2), (0, 2), (4, 6), (2, 6)), ((0, 0), (1, 1), (0, 1), (2, 3), (0, 3), (2, 6), (0, 2), (2, 1)))", "jacov": {"score": -64.27653066148817, "time": 3.965417185012484}, "val_accuracy": 44.44}, {"idx": "136", "arch": "(((0, 6), (1, 0), (1, 3), (0, 1), (3, 2), (1, 6), (1, 6), (0, 0)), ((0, 1), (1, 6), (1, 5), (0, 1), (2, 4), (1, 0), (2, 3), (4, 0)))", "jacov": {"score": -64.269065694982, "time": 4.428067104978254}, "val_accuracy": 47.26}, {"idx": "137", "arch": "(((1, 5), (0, 5), (0, 2), (2, 2), (0, 0), (3, 2), (1, 1), (3, 6)), ((0, 2), (1, 3), (1, 5), (0, 0), (2, 4), (3, 5), (0, 6), (4, 5)))", "jacov": {"score": -64.35912831522438, "time": 3.4788111379893962}, "val_accuracy": 41.64}, {"idx": "138", "arch": "(((1, 5), (0, 4), (2, 6), (1, 5), (0, 2), (2, 3), (2, 1), (1, 5)), ((1, 2), (0, 2), (1, 0), (0, 1), (3, 3), (0, 4), (2, 5), (4, 3)))", "jacov": {"score": -64.31070342601124, "time": 5.311996099015232}, "val_accuracy": 45.52}, {"idx": "139", "arch": "(((0, 3), (1, 2), (1, 3), (0, 6), (3, 2), (0, 3), (0, 5), (3, 5)), ((1, 4), (0, 2), (2, 2), (0, 0), (3, 3), (1, 0), (0, 2), (4, 6)))", "jacov": {"score": -64.28936264868022, "time": 5.25239442801103}, "val_accuracy": 48.6}, {"idx": "140", "arch": "(((0, 3), (1, 5), (2, 2), (1, 5), (1, 2), (2, 5), (3, 3), (4, 4)), ((1, 2), (0, 3), (1, 2), (0, 2), (1, 2), (2, 1), (4, 4), (1, 2)))", "jacov": {"score": -64.39584938296773, "time": 5.36891049798578}, "val_accuracy": 45.13}, {"idx": "141", "arch": "(((1, 4), (0, 6), (0, 2), (1, 0), (3, 6), (1, 3), (4, 2), (3, 4)), ((0, 0), (1, 3), (1, 2), (0, 5), (1, 3), (0, 3), (1, 1), (3, 4)))", "jacov": {"score": -64.27271704166097, "time": 5.380085326003609}, "val_accuracy": 46.45}, {"idx": "142", "arch": "(((1, 2), (0, 4), (0, 4), (1, 0), (0, 5), (2, 2), (4, 0), (1, 1)), ((1, 4), (0, 4), (1, 5), (0, 4), (0, 6), (1, 0), (1, 5), (0, 6)))", "jacov": {"score": -64.30865398426906, "time": 4.8170763030066155}, "val_accuracy": 43.75}, {"idx": "143", "arch": "(((1, 5), (0, 5), (2, 2), (1, 3), (1, 0), (0, 6), (1, 0), (3, 0)), ((0, 0), (1, 4), (1, 5), (0, 4), (1, 2), (0, 3), (2, 6), (3, 4)))", "jacov": {"score": -64.27731974705236, "time": 5.276344347978011}, "val_accuracy": 46.46}, {"idx": "144", "arch": "(((0, 6), (1, 3), (0, 1), (1, 1), (3, 0), (1, 1), (1, 3), (0, 1)), ((0, 3), (1, 4), (2, 0), (1, 3), (1, 0), (0, 2), (1, 6), (4, 4)))", "jacov": {"score": -64.415587738387, "time": 5.325732696015621}, "val_accuracy": 47.17}, {"idx": "145", "arch": "(((0, 2), (1, 3), (2, 2), (0, 4), (3, 5), (2, 2), (1, 1), (3, 5)), ((1, 5), (0, 2), (2, 1), (1, 5), (0, 1), (1, 6), (3, 2), (1, 3)))", "jacov": {"score": -64.83133911367537, "time": 3.8927529779903125}, "val_accuracy": 44.76}, {"idx": "146", "arch": "(((1, 4), (0, 4), (0, 0), (1, 6), (1, 3), (3, 6), (0, 0), (2, 1)), ((0, 3), (1, 2), (1, 3), (2, 2), (3, 5), (2, 2), (1, 3), (3, 6)))", "jacov": {"score": -64.27882389862032, "time": 5.632127808989026}, "val_accuracy": 45.35}, {"idx": "147", "arch": "(((0, 1), (1, 3), (0, 2), (2, 4), (0, 1), (1, 1), (0, 4), (4, 0)), ((1, 1), (0, 0), (0, 5), (1, 4), (1, 0), (3, 5), (4, 0), (0, 4)))", "jacov": {"score": -64.344184546296, "time": 5.0956597159965895}, "val_accuracy": 48.73}, {"idx": "148", "arch": "(((1, 1), (0, 4), (0, 1), (1, 5), (2, 5), (0, 4), (3, 6), (4, 4)), ((0, 6), (1, 3), (1, 6), (0, 6), (2, 5), (0, 3), (3, 0), (0, 4)))", "jacov": {"score": -64.54357598755966, "time": 6.416666598001029}, "val_accuracy": 44.31}, {"idx": "149", "arch": "(((1, 3), (0, 6), (1, 1), (2, 0), (2, 4), (1, 1), (0, 6), (3, 4)), ((1, 5), (0, 6), (2, 4), (1, 6), (0, 5), (2, 0), (4, 6), (0, 5)))", "jacov": {"score": -64.30641510957363, "time": 5.796574360982049}, "val_accuracy": 45.86}, {"idx": "150", "arch": "(((0, 5), (1, 1), (1, 4), (2, 4), (0, 6), (3, 0), (4, 0), (1, 1)), ((1, 5), (0, 6), (1, 1), (2, 2), (3, 4), (1, 2), (2, 1), (4, 1)))", "jacov": {"score": -64.28585608842221, "time": 5.397845424013212}, "val_accuracy": 45.44}, {"idx": "151", "arch": "(((1, 3), (0, 3), (2, 5), (0, 6), (1, 5), (2, 0), (4, 3), (1, 5)), ((1, 2), (0, 1), (1, 5), (2, 3), (1, 3), (0, 6), (2, 1), (0, 2)))", "jacov": {"score": -64.34704463905412, "time": 6.059269149991451}, "val_accuracy": 46.32}, {"idx": "152", "arch": "(((1, 6), (0, 2), (0, 3), (1, 3), (1, 4), (0, 3), (0, 2), (4, 5)), ((1, 1), (0, 4), (2, 5), (0, 2), (2, 1), (3, 5), (4, 5), (1, 0)))", "jacov": {"score": -64.3747740723013, "time": 5.408260044991039}, "val_accuracy": 45.93}, {"idx": "153", "arch": "(((1, 2), (0, 6), (2, 0), (1, 2), (1, 1), (3, 0), (4, 0), (1, 5)), ((0, 5), (1, 1), (2, 1), (0, 2), (3, 4), (1, 2), (3, 5), (4, 1)))", "jacov": {"score": -64.30436617603831, "time": 3.500782060989877}, "val_accuracy": 45.0}, {"idx": "154", "arch": "(((0, 2), (1, 1), (2, 6), (0, 5), (2, 1), (0, 1), (2, 0), (1, 5)), ((1, 1), (0, 0), (1, 0), (0, 6), (1, 5), (2, 2), (3, 6), (1, 0)))", "jacov": {"score": -64.55672803923662, "time": 3.7432737280032597}, "val_accuracy": 48.86}, {"idx": "155", "arch": "(((0, 3), (1, 0), (2, 4), (0, 1), (3, 4), (1, 6), (1, 0), (2, 1)), ((0, 1), (1, 6), (1, 1), (0, 2), (1, 2), (3, 4), (1, 1), (3, 6)))", "jacov": {"score": -64.28667741217411, "time": 5.887525783007732}, "val_accuracy": 47.56}, {"idx": "156", "arch": "(((1, 2), (0, 0), (0, 0), (1, 5), (2, 2), (1, 5), (3, 2), (1, 1)), ((1, 1), (0, 3), (0, 5), (2, 3), (1, 6), (0, 0), (4, 2), (0, 6)))", "jacov": {"score": -64.30823815663956, "time": 3.194529066007817}, "val_accuracy": 44.76}, {"idx": "157", "arch": "(((1, 2), (0, 0), (1, 4), (0, 1), (0, 6), (3, 6), (4, 3), (0, 5)), ((1, 2), (0, 0), (1, 4), (0, 2), (1, 5), (3, 5), (1, 3), (2, 3)))", "jacov": {"score": -64.28997872207609, "time": 5.255955518980045}, "val_accuracy": 47.08}, {"idx": "158", "arch": "(((0, 3), (1, 1), (0, 3), (1, 1), (3, 3), (2, 0), (3, 3), (1, 5)), ((0, 0), (1, 6), (2, 1), (0, 5), (3, 2), (2, 2), (2, 4), (4, 1)))", "jacov": {"score": -64.41726131882677, "time": 5.4135514390072785}, "val_accuracy": 52.6}, {"idx": "159", "arch": "(((1, 6), (0, 4), (1, 3), (0, 6), (2, 1), (0, 0), (1, 3), (4, 0)), ((1, 6), (0, 5), (1, 5), (2, 1), (1, 5), (2, 3), (3, 2), (1, 0)))", "jacov": {"score": -64.277759327234, "time": 5.854587365989573}, "val_accuracy": 47.13}, {"idx": "160", "arch": "(((1, 1), (0, 1), (2, 3), (0, 3), (2, 4), (3, 0), (1, 4), (2, 3)), ((1, 1), (0, 0), (2, 0), (0, 4), (1, 6), (3, 1), (2, 5), (4, 1)))", "jacov": {"score": -64.40022854462512, "time": 6.053992654982721}, "val_accuracy": 51.25}, {"idx": "161", "arch": "(((1, 6), (0, 5), (2, 0), (1, 1), (2, 2), (3, 5), (4, 6), (3, 2)), ((1, 6), (0, 0), (2, 1), (1, 5), (3, 1), (2, 2), (2, 6), (3, 0)))", "jacov": {"score": -64.29883322493883, "time": 3.6844710519944783}, "val_accuracy": 44.25}, {"idx": "162", "arch": "(((0, 2), (1, 5), (1, 3), (0, 0), (3, 3), (2, 6), (1, 1), (2, 3)), ((1, 0), (0, 4), (1, 6), (2, 2), (0, 1), (2, 4), (1, 4), (4, 6)))", "jacov": {"score": -64.25770559935546, "time": 5.347798305010656}, "val_accuracy": 47.46}, {"idx": "163", "arch": "(((1, 1), (0, 1), (1, 3), (2, 4), (2, 0), (1, 6), (2, 5), (1, 4)), ((1, 5), (0, 6), (2, 0), (0, 3), (3, 2), (0, 3), (2, 2), (1, 3)))", "jacov": {"score": -64.35997828768774, "time": 5.429365009011235}, "val_accuracy": 46.54}, {"idx": "164", "arch": "(((1, 1), (0, 2), (1, 5), (0, 5), (3, 6), (2, 4), (3, 5), (4, 1)), ((1, 1), (0, 2), (1, 6), (0, 2), (0, 3), (2, 4), (2, 6), (3, 4)))", "jacov": {"score": -64.50999076782247, "time": 4.855224952014396}, "val_accuracy": 44.58}, {"idx": "165", "arch": "(((1, 2), (0, 3), (1, 6), (2, 2), (3, 5), (2, 6), (3, 3), (2, 1)), ((0, 0), (1, 5), (0, 2), (2, 0), (1, 2), (2, 2), (4, 3), (2, 1)))", "jacov": {"score": -64.36512714565907, "time": 4.449880296975607}, "val_accuracy": 47.43}, {"idx": "166", "arch": "(((1, 6), (0, 4), (2, 3), (1, 0), (2, 4), (0, 0), (0, 4), (1, 4)), ((1, 3), (0, 5), (0, 4), (2, 6), (1, 3), (2, 4), (1, 1), (0, 4)))", "jacov": {"score": -64.28525692563981, "time": 6.875198693014681}, "val_accuracy": 45.3}, {"idx": "167", "arch": "(((0, 3), (1, 1), (2, 1), (1, 5), (2, 0), (3, 6), (4, 3), (1, 5)), ((0, 6), (1, 5), (1, 0), (2, 4), (1, 5), (0, 4), (1, 3), (0, 3)))", "jacov": {"score": -64.32693809717765, "time": 4.608446185011417}, "val_accuracy": 48.14}, {"idx": "168", "arch": "(((1, 2), (0, 0), (1, 6), (0, 5), (3, 3), (2, 6), (2, 6), (4, 1)), ((0, 2), (1, 6), (2, 1), (1, 1), (0, 1), (1, 6), (1, 4), (0, 5)))", "jacov": {"score": -64.29480856201744, "time": 4.571784720988944}, "val_accuracy": 44.77}, {"idx": "169", "arch": "(((1, 0), (0, 6), (0, 1), (2, 2), (3, 5), (2, 1), (4, 4), (2, 5)), ((1, 0), (0, 6), (0, 6), (2, 2), (3, 0), (0, 1), (1, 3), (4, 3)))", "jacov": {"score": -64.26467286441115, "time": 4.157421628013253}, "val_accuracy": 46.94}, {"idx": "170", "arch": "(((0, 2), (1, 1), (1, 1), (2, 4), (3, 0), (2, 5), (1, 2), (4, 0)), ((1, 1), (0, 5), (0, 2), (2, 0), (3, 3), (2, 0), (0, 2), (4, 6)))", "jacov": {"score": -64.30642238749921, "time": 3.5736726569884922}, "val_accuracy": 48.42}, {"idx": "171", "arch": "(((1, 2), (0, 2), (1, 4), (0, 3), (2, 1), (3, 6), (3, 1), (1, 4)), ((1, 6), (0, 4), (0, 2), (2, 6), (2, 6), (3, 3), (1, 3), (2, 6)))", "jacov": {"score": -64.3633276412831, "time": 4.567172651994042}, "val_accuracy": 44.68}, {"idx": "172", "arch": "(((0, 2), (1, 3), (1, 4), (2, 3), (2, 4), (1, 5), (2, 0), (1, 4)), ((0, 1), (1, 3), (0, 5), (2, 4), (0, 4), (3, 4), (3, 0), (0, 2)))", "jacov": {"score": -64.28967685179481, "time": 6.077007880987367}, "val_accuracy": 44.81}, {"idx": "173", "arch": "(((1, 6), (0, 3), (2, 4), (1, 1), (3, 0), (2, 4), (4, 3), (1, 0)), ((0, 1), (1, 3), (1, 6), (0, 1), (1, 5), (2, 2), (1, 0), (0, 1)))", "jacov": {"score": -64.31778824101025, "time": 5.889614159008488}, "val_accuracy": 47.51}, {"idx": "174", "arch": "(((1, 6), (0, 6), (0, 0), (1, 4), (1, 0), (3, 0), (3, 4), (2, 1)), ((0, 2), (1, 0), (2, 5), (1, 5), (2, 4), (3, 1), (0, 5), (1, 2)))", "jacov": {"score": -64.2971129761255, "time": 5.7030969859915785}, "val_accuracy": 45.62}, {"idx": "175", "arch": "(((1, 3), (0, 5), (2, 3), (0, 4), (1, 3), (3, 1), (0, 2), (3, 4)), ((1, 6), (0, 4), (2, 6), (0, 1), (1, 3), (0, 1), (4, 4), (1, 1)))", "jacov": {"score": -64.41396561474205, "time": 5.897323753015371}, "val_accuracy": 44.99}, {"idx": "176", "arch": "(((1, 3), (0, 6), (0, 5), (2, 4), (0, 5), (2, 4), (0, 0), (2, 1)), ((1, 0), (0, 1), (0, 3), (1, 2), (2, 1), (1, 2), (2, 2), (0, 6)))", "jacov": {"score": -64.32529100742303, "time": 4.909897511010058}, "val_accuracy": 47.07}, {"idx": "177", "arch": "(((0, 1), (1, 4), (1, 1), (2, 0), (1, 6), (2, 4), (0, 2), (2, 5)), ((1, 1), (0, 4), (0, 3), (2, 3), (2, 6), (3, 3), (2, 3), (4, 3)))", "jacov": {"score": -64.32791371417895, "time": 4.742892206995748}, "val_accuracy": 45.89}, {"idx": "178", "arch": "(((0, 1), (1, 6), (1, 4), (2, 5), (3, 2), (2, 6), (3, 6), (1, 5)), ((0, 1), (1, 5), (1, 4), (0, 1), (1, 2), (0, 4), (1, 5), (2, 0)))", "jacov": {"score": -64.29969132333038, "time": 5.130200348008657}, "val_accuracy": 43.33}, {"idx": "179", "arch": "(((1, 6), (0, 1), (2, 2), (1, 4), (0, 2), (1, 0), (3, 3), (0, 3)), ((0, 3), (1, 6), (2, 2), (1, 1), (0, 1), (1, 4), (0, 4), (3, 3)))", "jacov": {"score": -64.30522697548133, "time": 4.961393786012195}, "val_accuracy": 46.74}, {"idx": "180", "arch": "(((0, 2), (1, 2), (1, 4), (0, 2), (3, 1), (1, 0), (2, 5), (3, 2)), ((1, 3), (0, 2), (2, 5), (0, 2), (0, 3), (1, 0), (2, 3), (0, 5)))", "jacov": {"score": -64.39621827261414, "time": 3.288049279974075}, "val_accuracy": 45.51}, {"idx": "181", "arch": "(((1, 0), (0, 5), (0, 3), (1, 2), (3, 1), (1, 0), (2, 6), (0, 4)), ((0, 3), (1, 3), (0, 1), (1, 3), (3, 0), (1, 2), (2, 5), (0, 6)))", "jacov": {"score": -64.28232606831544, "time": 5.189503481000429}, "val_accuracy": 45.85}, {"idx": "182", "arch": "(((1, 6), (0, 5), (2, 3), (1, 0), (2, 0), (1, 3), (4, 3), (2, 2)), ((1, 3), (0, 3), (1, 1), (0, 4), (3, 3), (0, 0), (0, 6), (1, 3)))", "jacov": {"score": -64.28712322355501, "time": 5.070452736981679}, "val_accuracy": 45.59}, {"idx": "183", "arch": "(((0, 2), (1, 6), (1, 5), (0, 6), (3, 6), (1, 4), (0, 6), (3, 5)), ((1, 2), (0, 2), (0, 4), (1, 5), (1, 1), (3, 1), (1, 1), (0, 2)))", "jacov": {"score": -64.41089234278002, "time": 4.937947789992904}, "val_accuracy": 42.33}, {"idx": "184", "arch": "(((1, 6), (0, 5), (0, 3), (2, 1), (3, 2), (0, 5), (4, 5), (0, 6)), ((0, 5), (1, 5), (2, 4), (1, 2), (1, 6), (2, 4), (2, 0), (4, 0)))", "jacov": {"score": -64.47272225174997, "time": 4.89837731901207}, "val_accuracy": 42.36}, {"idx": "185", "arch": "(((0, 2), (1, 2), (0, 4), (1, 6), (1, 2), (2, 2), (1, 6), (3, 1)), ((0, 4), (1, 3), (0, 1), (2, 2), (2, 1), (3, 3), (0, 5), (4, 5)))", "jacov": {"score": -65.16220291382945, "time": 3.5252706090104766}, "val_accuracy": 42.41}, {"idx": "186", "arch": "(((0, 5), (1, 1), (0, 2), (2, 5), (2, 1), (3, 6), (3, 6), (0, 6)), ((1, 5), (0, 5), (1, 4), (2, 4), (2, 6), (3, 2), (2, 4), (3, 0)))", "jacov": {"score": -64.4363104750212, "time": 4.352852966985665}, "val_accuracy": 41.24}, {"idx": "187", "arch": "(((1, 5), (0, 5), (2, 0), (0, 2), (0, 0), (2, 1), (4, 5), (3, 0)), ((1, 4), (0, 6), (2, 5), (0, 2), (2, 3), (3, 0), (2, 1), (1, 6)))", "jacov": {"score": -64.27864920065386, "time": 3.696255390997976}, "val_accuracy": 43.94}, {"idx": "188", "arch": "(((0, 4), (1, 4), (0, 2), (2, 1), (3, 6), (1, 3), (2, 6), (4, 3)), ((0, 2), (1, 5), (1, 4), (0, 2), (1, 1), (2, 6), (4, 3), (2, 4)))", "jacov": {"score": -64.36378554157585, "time": 5.892616128985537}, "val_accuracy": 45.28}, {"idx": "189", "arch": "(((0, 1), (1, 6), (1, 0), (2, 6), (1, 3), (0, 2), (2, 6), (1, 1)), ((1, 2), (0, 4), (2, 5), (0, 0), (2, 4), (1, 5), (0, 3), (1, 2)))", "jacov": {"score": -64.29090142784933, "time": 4.836357810010668}, "val_accuracy": 47.22}, {"idx": "190", "arch": "(((0, 0), (1, 0), (0, 4), (1, 6), (1, 2), (3, 4), (4, 1), (1, 5)), ((1, 3), (0, 5), (2, 5), (0, 6), (3, 6), (1, 3), (0, 2), (1, 1)))", "jacov": {"score": -64.29692582027151, "time": 5.60641321199364}, "val_accuracy": 44.38}, {"idx": "191", "arch": "(((0, 4), (1, 1), (2, 4), (0, 1), (1, 0), (2, 6), (2, 3), (3, 4)), ((0, 6), (1, 3), (1, 6), (0, 0), (1, 4), (0, 0), (4, 4), (2, 5)))", "jacov": {"score": -64.307136914789, "time": 6.752966492989799}, "val_accuracy": 46.93}, {"idx": "192", "arch": "(((1, 1), (0, 3), (1, 6), (2, 4), (3, 5), (1, 0), (1, 0), (0, 1)), ((1, 2), (0, 4), (1, 1), (0, 1), (3, 2), (2, 3), (3, 2), (0, 1)))", "jacov": {"score": -64.37909270318923, "time": 5.053431148000527}, "val_accuracy": 48.01}, {"idx": "193", "arch": "(((1, 4), (0, 3), (0, 0), (2, 3), (1, 4), (3, 1), (0, 2), (1, 4)), ((1, 5), (0, 3), (2, 3), (0, 1), (3, 4), (1, 1), (3, 0), (2, 4)))", "jacov": {"score": -64.28829550847465, "time": 5.875664833001792}, "val_accuracy": 45.89}, {"idx": "194", "arch": "(((0, 5), (1, 4), (0, 4), (1, 0), (1, 1), (2, 5), (1, 5), (3, 6)), ((1, 3), (0, 5), (0, 5), (2, 2), (0, 1), (1, 0), (1, 4), (4, 1)))", "jacov": {"score": -64.29113306775636, "time": 4.936171168985311}, "val_accuracy": 46.55}, {"idx": "195", "arch": "(((1, 5), (0, 6), (0, 5), (1, 4), (3, 3), (1, 4), (2, 1), (4, 6)), ((1, 0), (0, 1), (1, 4), (2, 3), (1, 4), (0, 6), (3, 2), (0, 4)))", "jacov": {"score": -64.29689199583416, "time": 6.569049646990607}, "val_accuracy": 45.09}, {"idx": "196", "arch": "(((1, 0), (0, 1), (2, 6), (1, 3), (2, 4), (3, 1), (1, 3), (4, 0)), ((0, 6), (1, 1), (1, 5), (0, 6), (2, 0), (0, 2), (1, 5), (0, 2)))", "jacov": {"score": -64.27080644161308, "time": 5.740260724007385}, "val_accuracy": 49.48}, {"idx": "197", "arch": "(((0, 2), (1, 0), (1, 4), (2, 4), (0, 6), (2, 2), (0, 2), (1, 1)), ((1, 6), (0, 2), (1, 5), (0, 6), (2, 2), (1, 6), (4, 4), (1, 2)))", "jacov": {"score": -64.2817903881252, "time": 4.286752402025741}, "val_accuracy": 45.68}, {"idx": "198", "arch": "(((0, 4), (1, 0), (0, 2), (1, 1), (3, 2), (0, 4), (3, 2), (0, 1)), ((0, 0), (1, 1), (1, 6), (0, 3), (2, 2), (1, 2), (1, 6), (3, 6)))", "jacov": {"score": -64.41288670187852, "time": 3.911956263007596}, "val_accuracy": 46.49}]