[{"idx": "0", "arch": "(((0, 5), (1, 3), (1, 5), (2, 0), (1, 5), (2, 1), (0, 5), (4, 4)), ((0, 4), (1, 0), (0, 5), (2, 5), (0, 2), (3, 1), (2, 3), (4, 1)))", "snip": {"score": 102.72297668457031, "time": 6.044842811010312}, "val_accuracy": 47.33}, {"idx": "1", "arch": "(((1, 5), (0, 4), (0, 2), (1, 3), (3, 0), (2, 5), (3, 3), (1, 5)), ((1, 3), (0, 1), (2, 5), (1, 1), (0, 1), (3, 0), (0, 4), (4, 6)))", "snip": {"score": 110.76043701171875, "time": 4.894224112009397}, "val_accuracy": 46.56}, {"idx": "2", "arch": "(((0, 3), (1, 6), (1, 3), (0, 5), (2, 3), (0, 0), (2, 1), (4, 1)), ((1, 4), (0, 1), (2, 5), (0, 0), (1, 2), (2, 4), (4, 4), (1, 2)))", "snip": {"score": 117.5677490234375, "time": 5.1855406899994705}, "val_accuracy": 47.93}, {"idx": "3", "arch": "(((0, 3), (1, 5), (0, 1), (2, 3), (0, 3), (1, 6), (0, 2), (4, 3)), ((0, 2), (1, 5), (2, 3), (1, 6), (3, 6), (0, 4), (0, 0), (1, 6)))", "snip": {"score": 83.27497100830078, "time": 5.278004477993818}, "val_accuracy": 47.25}, {"idx": "4", "arch": "(((1, 1), (0, 4), (0, 5), (2, 3), (1, 1), (3, 5), (2, 0), (0, 3)), ((0, 2), (1, 4), (1, 1), (0, 4), (2, 1), (1, 2), (3, 3), (1, 4)))", "snip": {"score": 100.5740966796875, "time": 5.045026073988993}, "val_accuracy": 46.87}, {"idx": "5", "arch": "(((1, 6), (0, 3), (0, 1), (2, 4), (0, 6), (1, 5), (0, 3), (3, 2)), ((1, 1), (0, 1), (1, 2), (2, 5), (0, 5), (3, 5), (0, 4), (1, 4)))", "snip": {"score": 82.37019348144531, "time": 4.791079734015511}, "val_accuracy": 47.31}, {"idx": "6", "arch": "(((1, 6), (0, 2), (1, 5), (2, 1), (1, 2), (0, 1), (3, 2), (0, 3)), ((1, 1), (0, 3), (0, 6), (1, 1), (3, 6), (1, 0), (3, 4), (4, 6)))", "snip": {"score": 62.07076644897461, "time": 3.3475174590130337}, "val_accuracy": 46.51}, {"idx": "7", "arch": "(((0, 6), (1, 4), (0, 0), (1, 1), (3, 3), (2, 6), (2, 0), (3, 2)), ((0, 0), (1, 3), (2, 2), (1, 4), (2, 1), (0, 2), (3, 6), (4, 4)))", "snip": {"score": 108.14690399169922, "time": 4.28456885900232}, "val_accuracy": 47.14}, {"idx": "8", "arch": "(((0, 4), (1, 1), (1, 6), (0, 1), (1, 1), (2, 6), (2, 0), (1, 6)), ((1, 6), (0, 0), (0, 3), (2, 2), (0, 6), (3, 6), (4, 0), (2, 2)))", "snip": {"score": 82.55181884765625, "time": 4.262477073003538}, "val_accuracy": 45.09}, {"idx": "9", "arch": "(((0, 1), (1, 5), (0, 4), (2, 1), (3, 1), (1, 0), (3, 3), (0, 6)), ((0, 4), (1, 0), (1, 5), (0, 0), (2, 2), (1, 0), (0, 0), (3, 3)))", "snip": {"score": 78.00711822509766, "time": 4.0933902420219965}, "val_accuracy": 49.28}, {"idx": "10", "arch": "(((0, 5), (1, 6), (1, 3), (2, 5), (3, 3), (1, 5), (1, 6), (2, 3)), ((1, 6), (0, 0), (0, 2), (2, 0), (1, 1), (0, 4), (1, 0), (3, 2)))", "snip": {"score": 95.64093017578125, "time": 5.380224399996223}, "val_accuracy": 46.88}, {"idx": "11", "arch": "(((0, 6), (1, 1), (0, 0), (2, 5), (2, 5), (1, 4), (2, 2), (0, 4)), ((0, 5), (1, 0), (1, 6), (0, 4), (1, 6), (0, 4), (1, 2), (2, 6)))", "snip": {"score": 79.2464599609375, "time": 4.57826017800835}, "val_accuracy": 44.83}, {"idx": "12", "arch": "(((1, 1), (0, 2), (1, 0), (0, 5), (2, 3), (3, 2), (4, 6), (2, 3)), ((0, 5), (1, 3), (2, 6), (1, 5), (2, 2), (3, 5), (0, 6), (3, 4)))", "snip": {"score": 102.39191436767578, "time": 3.7147277840122115}, "val_accuracy": 46.05}, {"idx": "13", "arch": "(((1, 5), (0, 5), (0, 2), (1, 5), (1, 1), (0, 1), (4, 4), (0, 0)), ((1, 5), (0, 5), (0, 3), (2, 1), (1, 5), (2, 5), (2, 6), (1, 6)))", "snip": {"score": 68.65396881103516, "time": 3.690080061001936}, "val_accuracy": 45.68}, {"idx": "14", "arch": "(((0, 0), (1, 5), (0, 4), (1, 3), (2, 5), (1, 0), (4, 4), (3, 5)), ((1, 4), (0, 5), (0, 3), (2, 5), (0, 6), (2, 2), (3, 4), (4, 5)))", "snip": {"score": 153.0492401123047, "time": 5.196129251009552}, "val_accuracy": 44.56}, {"idx": "15", "arch": "(((0, 5), (1, 4), (2, 6), (1, 1), (1, 1), (0, 0), (4, 1), (1, 2)), ((1, 0), (0, 2), (0, 3), (1, 6), (0, 4), (3, 2), (2, 4), (0, 5)))", "snip": {"score": 84.36040496826172, "time": 3.8488940240058582}, "val_accuracy": 46.21}, {"idx": "16", "arch": "(((0, 6), (1, 4), (0, 4), (2, 4), (1, 3), (3, 1), (0, 0), (2, 2)), ((1, 1), (0, 2), (1, 4), (0, 6), (0, 6), (2, 6), (3, 2), (0, 1)))", "snip": {"score": 100.03509521484375, "time": 5.391981180990115}, "val_accuracy": 43.98}, {"idx": "17", "arch": "(((0, 3), (1, 2), (0, 2), (2, 3), (1, 0), (2, 1), (0, 2), (3, 5)), ((1, 2), (0, 0), (2, 2), (1, 1), (0, 2), (3, 3), (4, 6), (0, 0)))", "snip": {"score": 75.205322265625, "time": 3.1935996930114925}, "val_accuracy": 48.31}, {"idx": "18", "arch": "(((1, 6), (0, 5), (2, 6), (0, 1), (3, 1), (1, 6), (4, 4), (0, 0)), ((1, 6), (0, 2), (2, 3), (0, 2), (0, 1), (3, 0), (4, 0), (1, 4)))", "snip": {"score": 92.04115295410156, "time": 4.513253429002361}, "val_accuracy": 47.33}, {"idx": "19", "arch": "(((0, 3), (1, 3), (1, 5), (2, 1), (3, 4), (0, 6), (2, 1), (0, 2)), ((1, 3), (0, 6), (2, 2), (0, 0), (2, 0), (3, 1), (4, 6), (2, 5)))", "snip": {"score": 103.55571746826172, "time": 4.188447878987063}, "val_accuracy": 46.98}, {"idx": "20", "arch": "(((1, 5), (0, 3), (0, 0), (2, 1), (2, 6), (0, 0), (3, 2), (1, 6)), ((1, 4), (0, 5), (2, 1), (0, 0), (1, 1), (3, 3), (1, 2), (4, 3)))", "snip": {"score": 84.19784545898438, "time": 3.8876871740212664}, "val_accuracy": 48.49}, {"idx": "21", "arch": "(((1, 5), (0, 2), (1, 1), (2, 1), (1, 6), (3, 6), (4, 2), (1, 6)), ((0, 1), (1, 0), (2, 6), (1, 1), (0, 4), (3, 6), (3, 4), (1, 1)))", "snip": {"score": 74.0726547241211, "time": 3.7395464919973165}, "val_accuracy": 42.3}, {"idx": "22", "arch": "(((0, 4), (1, 5), (2, 1), (1, 3), (1, 0), (0, 4), (2, 5), (4, 0)), ((0, 0), (1, 3), (1, 5), (0, 2), (0, 2), (2, 1), (3, 1), (1, 4)))", "snip": {"score": 105.39813232421875, "time": 5.03873852500692}, "val_accuracy": 46.85}, {"idx": "23", "arch": "(((1, 3), (0, 6), (2, 5), (0, 5), (1, 5), (0, 1), (1, 4), (0, 0)), ((0, 3), (1, 4), (2, 3), (0, 4), (3, 6), (2, 0), (1, 4), (4, 1)))", "snip": {"score": 117.50524139404297, "time": 4.858730022999225}, "val_accuracy": 45.43}, {"idx": "24", "arch": "(((0, 5), (1, 3), (2, 3), (0, 5), (3, 6), (0, 1), (0, 4), (2, 5)), ((0, 4), (1, 0), (2, 0), (0, 0), (1, 2), (2, 4), (4, 6), (3, 2)))", "snip": {"score": 100.35480499267578, "time": 5.186370070994599}, "val_accuracy": 46.93}, {"idx": "25", "arch": "(((0, 3), (1, 3), (0, 3), (1, 3), (1, 5), (0, 1), (2, 5), (0, 2)), ((1, 6), (0, 5), (2, 4), (1, 0), (3, 2), (2, 3), (1, 1), (4, 3)))", "snip": {"score": 88.02301025390625, "time": 4.680205220007338}, "val_accuracy": 46.44}, {"idx": "26", "arch": "(((0, 1), (1, 4), (2, 6), (0, 2), (0, 6), (2, 6), (3, 4), (1, 4)), ((0, 5), (1, 3), (0, 5), (1, 4), (3, 1), (0, 3), (4, 6), (2, 0)))", "snip": {"score": 113.71340942382812, "time": 5.495096568018198}, "val_accuracy": 44.41}, {"idx": "27", "arch": "(((1, 6), (0, 3), (1, 4), (0, 4), (3, 4), (2, 3), (2, 1), (0, 3)), ((0, 4), (1, 6), (1, 6), (0, 1), (0, 2), (2, 5), (1, 4), (2, 0)))", "snip": {"score": 132.24905395507812, "time": 6.299202711990802}, "val_accuracy": 46.31}, {"idx": "28", "arch": "(((1, 5), (0, 4), (1, 4), (2, 2), (0, 2), (1, 5), (4, 3), (3, 3)), ((0, 1), (1, 5), (2, 5), (1, 5), (1, 3), (2, 3), (1, 6), (0, 2)))", "snip": {"score": 99.86569213867188, "time": 4.328321856999537}, "val_accuracy": 42.48}, {"idx": "29", "arch": "(((1, 3), (0, 6), (2, 5), (1, 2), (1, 6), (0, 0), (0, 0), (2, 6)), ((0, 4), (1, 5), (0, 0), (1, 2), (2, 5), (0, 0), (3, 6), (2, 1)))", "snip": {"score": 73.9776382446289, "time": 4.16445823200047}, "val_accuracy": 45.95}, {"idx": "30", "arch": "(((1, 0), (0, 0), (1, 6), (2, 1), (3, 1), (0, 3), (1, 3), (3, 5)), ((0, 1), (1, 2), (1, 0), (2, 5), (0, 4), (3, 2), (1, 1), (4, 0)))", "snip": {"score": 86.99807739257812, "time": 3.986487121001119}, "val_accuracy": 48.21}, {"idx": "31", "arch": "(((0, 1), (1, 4), (2, 1), (0, 0), (0, 1), (3, 4), (2, 2), (4, 4)), ((0, 5), (1, 3), (2, 3), (0, 0), (1, 5), (0, 2), (1, 1), (2, 2)))", "snip": {"score": 102.88487243652344, "time": 4.070116021990543}, "val_accuracy": 48.07}, {"idx": "32", "arch": "(((0, 3), (1, 2), (1, 6), (0, 2), (0, 4), (2, 1), (1, 1), (2, 1)), ((0, 3), (1, 3), (0, 6), (2, 0), (1, 3), (2, 3), (3, 6), (2, 1)))", "snip": {"score": 99.6141357421875, "time": 3.7628662409842946}, "val_accuracy": 46.93}, {"idx": "33", "arch": "(((1, 6), (0, 0), (1, 3), (0, 0), (0, 1), (3, 3), (3, 1), (0, 4)), ((0, 0), (1, 3), (0, 5), (1, 1), (2, 4), (0, 0), (4, 2), (2, 0)))", "snip": {"score": 92.78610229492188, "time": 4.446620503993472}, "val_accuracy": 49.88}, {"idx": "34", "arch": "(((1, 1), (0, 6), (2, 6), (0, 4), (0, 0), (1, 2), (3, 6), (2, 1)), ((0, 6), (1, 1), (0, 4), (2, 4), (0, 2), (3, 3), (3, 6), (1, 5)))", "snip": {"score": 82.78201293945312, "time": 4.320317475008778}, "val_accuracy": 44.04}, {"idx": "35", "arch": "(((1, 2), (0, 2), (1, 0), (2, 0), (3, 6), (1, 2), (4, 5), (3, 2)), ((0, 1), (1, 6), (2, 4), (1, 3), (0, 3), (3, 5), (2, 6), (4, 5)))", "snip": {"score": 124.00799560546875, "time": 3.013659682997968}, "val_accuracy": 43.17}, {"idx": "36", "arch": "(((1, 5), (0, 4), (0, 2), (2, 1), (0, 6), (2, 3), (2, 5), (3, 3)), ((0, 3), (1, 5), (0, 2), (2, 5), (0, 4), (3, 4), (4, 1), (1, 1)))", "snip": {"score": 83.53135681152344, "time": 5.047127272991929}, "val_accuracy": 44.68}, {"idx": "37", "arch": "(((0, 5), (1, 2), (1, 2), (0, 4), (3, 6), (0, 6), (0, 3), (1, 3)), ((1, 6), (0, 0), (2, 1), (1, 5), (1, 6), (2, 1), (2, 5), (4, 1)))", "snip": {"score": 57.506103515625, "time": 4.212085721985204}, "val_accuracy": 47.76}, {"idx": "38", "arch": "(((0, 6), (1, 5), (2, 5), (1, 6), (3, 0), (1, 1), (1, 6), (2, 2)), ((1, 0), (0, 5), (0, 6), (2, 1), (1, 1), (0, 2), (1, 0), (0, 3)))", "snip": {"score": 76.50698852539062, "time": 3.976082229986787}, "val_accuracy": 43.84}, {"idx": "39", "arch": "(((0, 1), (1, 0), (1, 2), (0, 5), (3, 4), (2, 5), (1, 6), (4, 2)), ((0, 2), (1, 2), (1, 0), (2, 4), (0, 0), (3, 3), (3, 5), (2, 5)))", "snip": {"score": 115.83589935302734, "time": 3.68817607301753}, "val_accuracy": 44.49}, {"idx": "40", "arch": "(((0, 3), (1, 4), (2, 6), (0, 3), (3, 5), (0, 1), (2, 3), (1, 2)), ((1, 4), (0, 3), (2, 3), (0, 6), (0, 2), (2, 1), (4, 0), (0, 4)))", "snip": {"score": 115.83792877197266, "time": 5.4120326779957395}, "val_accuracy": 47.21}, {"idx": "41", "arch": "(((1, 0), (0, 3), (2, 2), (0, 3), (1, 4), (2, 0), (0, 1), (2, 4)), ((0, 6), (1, 2), (0, 1), (2, 0), (3, 6), (1, 2), (0, 3), (1, 6)))", "snip": {"score": 122.29768371582031, "time": 5.171861481998349}, "val_accuracy": 47.46}, {"idx": "42", "arch": "(((1, 0), (0, 5), (0, 0), (2, 4), (2, 1), (1, 5), (4, 4), (3, 5)), ((1, 6), (0, 1), (0, 0), (1, 4), (2, 6), (0, 1), (2, 4), (0, 5)))", "snip": {"score": 110.64222717285156, "time": 4.466041752981255}, "val_accuracy": 45.63}, {"idx": "43", "arch": "(((1, 4), (0, 4), (2, 1), (1, 2), (1, 4), (2, 2), (3, 0), (4, 5)), ((0, 4), (1, 4), (0, 6), (2, 2), (3, 1), (0, 0), (3, 4), (4, 6)))", "snip": {"score": 122.94969177246094, "time": 4.38123399799224}, "val_accuracy": 44.95}, {"idx": "44", "arch": "(((1, 2), (0, 4), (2, 0), (1, 4), (3, 3), (1, 5), (2, 5), (0, 0)), ((1, 2), (0, 4), (2, 6), (1, 4), (3, 1), (1, 1), (0, 2), (1, 4)))", "snip": {"score": 128.3744659423828, "time": 5.164942485978827}, "val_accuracy": 45.65}, {"idx": "45", "arch": "(((0, 3), (1, 3), (0, 6), (1, 2), (1, 3), (2, 4), (3, 6), (1, 0)), ((1, 3), (0, 4), (0, 6), (2, 4), (3, 6), (2, 5), (4, 4), (1, 5)))", "snip": {"score": 169.40011596679688, "time": 5.572980260010809}, "val_accuracy": 46.02}, {"idx": "46", "arch": "(((0, 2), (1, 3), (0, 4), (1, 3), (1, 1), (3, 3), (3, 4), (0, 6)), ((0, 0), (1, 1), (2, 4), (0, 3), (0, 5), (2, 4), (4, 1), (1, 1)))", "snip": {"score": 101.28746795654297, "time": 5.241521582007408}, "val_accuracy": 47.96}, {"idx": "47", "arch": "(((1, 5), (0, 6), (1, 4), (0, 2), (2, 2), (1, 6), (2, 1), (0, 4)), ((0, 5), (1, 2), (0, 2), (2, 0), (0, 2), (2, 4), (4, 5), (2, 5)))", "snip": {"score": 67.66963958740234, "time": 4.308364640979562}, "val_accuracy": 42.58}, {"idx": "48", "arch": "(((1, 2), (0, 2), (1, 4), (2, 4), (3, 2), (0, 6), (0, 3), (2, 6)), ((0, 2), (1, 2), (2, 6), (1, 0), (1, 2), (3, 4), (1, 4), (3, 3)))", "snip": {"score": 84.08927917480469, "time": 4.735450841981219}, "val_accuracy": 44.79}, {"idx": "49", "arch": "(((1, 0), (0, 0), (2, 2), (1, 6), (1, 5), (0, 3), (1, 0), (2, 0)), ((1, 3), (0, 1), (0, 2), (1, 1), (1, 1), (2, 5), (2, 4), (0, 4)))", "snip": {"score": 110.6094970703125, "time": 3.774982942006318}, "val_accuracy": 46.19}, {"idx": "50", "arch": "(((1, 5), (0, 6), (2, 2), (1, 2), (3, 1), (0, 2), (0, 6), (1, 5)), ((1, 1), (0, 0), (0, 5), (1, 0), (0, 2), (3, 3), (2, 0), (0, 1)))", "snip": {"score": 44.60068130493164, "time": 3.393355944979703}, "val_accuracy": 45.24}, {"idx": "51", "arch": "(((0, 0), (1, 5), (0, 3), (2, 0), (1, 4), (3, 4), (1, 1), (3, 2)), ((1, 0), (0, 6), (1, 2), (0, 1), (1, 5), (0, 3), (4, 4), (0, 3)))", "snip": {"score": 107.23578643798828, "time": 5.142945784988115}, "val_accuracy": 46.75}, {"idx": "52", "arch": "(((0, 4), (1, 0), (1, 3), (0, 6), (3, 3), (1, 1), (2, 2), (1, 6)), ((0, 2), (1, 2), (0, 5), (1, 3), (1, 5), (3, 4), (0, 6), (4, 0)))", "snip": {"score": 127.34783935546875, "time": 5.399755702004768}, "val_accuracy": 44.35}, {"idx": "53", "arch": "(((1, 0), (0, 2), (1, 3), (2, 0), (1, 1), (3, 3), (4, 3), (1, 0)), ((0, 1), (1, 0), (1, 3), (0, 2), (0, 4), (3, 3), (2, 3), (1, 0)))", "snip": {"score": 177.8755645751953, "time": 4.5949602269975}, "val_accuracy": 48.14}, {"idx": "54", "arch": "(((1, 3), (0, 1), (1, 4), (0, 2), (1, 4), (0, 1), (0, 0), (4, 6)), ((1, 3), (0, 6), (0, 1), (2, 5), (2, 2), (1, 4), (3, 3), (1, 2)))", "snip": {"score": 93.11547088623047, "time": 4.544791903987061}, "val_accuracy": 47.8}, {"idx": "55", "arch": "(((0, 1), (1, 6), (0, 6), (2, 1), (0, 0), (3, 6), (4, 2), (2, 6)), ((0, 3), (1, 5), (1, 5), (2, 3), (1, 1), (2, 2), (1, 0), (0, 2)))", "snip": {"score": 68.06002807617188, "time": 4.10671234500478}, "val_accuracy": 46.33}, {"idx": "56", "arch": "(((0, 3), (1, 0), (2, 6), (1, 2), (2, 2), (1, 1), (2, 6), (4, 4)), ((0, 4), (1, 6), (2, 4), (1, 2), (1, 6), (0, 3), (2, 5), (1, 5)))", "snip": {"score": 132.0172576904297, "time": 4.361305464990437}, "val_accuracy": 44.16}, {"idx": "57", "arch": "(((1, 6), (0, 5), (2, 3), (1, 6), (2, 6), (0, 2), (2, 5), (0, 1)), ((0, 3), (1, 4), (0, 3), (1, 2), (1, 4), (3, 2), (0, 1), (4, 3)))", "snip": {"score": 74.9690170288086, "time": 4.5532585339969955}, "val_accuracy": 42.81}, {"idx": "58", "arch": "(((1, 2), (0, 1), (0, 2), (2, 0), (2, 2), (3, 1), (4, 3), (0, 2)), ((0, 3), (1, 4), (0, 6), (2, 1), (1, 4), (3, 6), (0, 5), (4, 5)))", "snip": {"score": 92.44483184814453, "time": 3.041027175000636}, "val_accuracy": 46.51}, {"idx": "59", "arch": "(((1, 6), (0, 3), (0, 1), (1, 4), (3, 1), (1, 5), (0, 0), (2, 2)), ((1, 5), (0, 0), (2, 2), (0, 3), (1, 1), (3, 0), (2, 2), (0, 6)))", "snip": {"score": 74.36502838134766, "time": 3.950980453984812}, "val_accuracy": 47.45}, {"idx": "60", "arch": "(((1, 3), (0, 6), (2, 4), (1, 5), (0, 0), (1, 3), (3, 6), (4, 6)), ((1, 0), (0, 2), (0, 6), (1, 5), (0, 4), (3, 0), (4, 6), (2, 6)))", "snip": {"score": 123.47883605957031, "time": 5.930126166989794}, "val_accuracy": 45.4}, {"idx": "61", "arch": "(((1, 5), (0, 5), (2, 0), (1, 1), (0, 2), (3, 2), (0, 3), (3, 3)), ((0, 3), (1, 4), (2, 5), (1, 2), (1, 3), (0, 2), (4, 0), (1, 2)))", "snip": {"score": 116.29631042480469, "time": 3.743909420009004}, "val_accuracy": 45.91}, {"idx": "62", "arch": "(((0, 2), (1, 1), (2, 6), (0, 6), (1, 2), (2, 2), (0, 2), (3, 0)), ((1, 2), (0, 6), (0, 2), (2, 4), (2, 3), (1, 3), (3, 6), (4, 0)))", "snip": {"score": 87.42622375488281, "time": 3.3422334999777377}, "val_accuracy": 43.15}, {"idx": "63", "arch": "(((1, 1), (0, 3), (1, 2), (2, 1), (0, 5), (3, 5), (4, 1), (0, 0)), ((1, 5), (0, 3), (0, 1), (1, 4), (0, 4), (2, 3), (2, 2), (1, 3)))", "snip": {"score": 93.3595199584961, "time": 3.707089472009102}, "val_accuracy": 46.46}, {"idx": "64", "arch": "(((0, 1), (1, 5), (1, 6), (0, 4), (2, 5), (1, 2), (0, 1), (1, 3)), ((0, 5), (1, 5), (2, 0), (0, 0), (0, 2), (1, 1), (1, 1), (0, 5)))", "snip": {"score": 63.68421936035156, "time": 4.066954430018086}, "val_accuracy": 45.75}, {"idx": "65", "arch": "(((0, 1), (1, 3), (2, 3), (1, 2), (1, 3), (3, 4), (2, 6), (4, 6)), ((0, 1), (1, 5), (2, 5), (0, 5), (1, 1), (3, 2), (0, 0), (3, 3)))", "snip": {"score": 155.7756805419922, "time": 5.307016907987418}, "val_accuracy": 48.54}, {"idx": "66", "arch": "(((1, 2), (0, 0), (1, 4), (2, 2), (0, 6), (2, 6), (1, 1), (3, 1)), ((0, 0), (1, 0), (2, 4), (0, 0), (3, 2), (1, 4), (1, 5), (3, 1)))", "snip": {"score": 70.37178039550781, "time": 3.7021594649995677}, "val_accuracy": 46.19}, {"idx": "67", "arch": "(((1, 0), (0, 5), (1, 4), (2, 0), (1, 5), (0, 0), (0, 4), (2, 5)), ((1, 5), (0, 4), (2, 4), (1, 0), (2, 0), (0, 6), (1, 6), (2, 1)))", "snip": {"score": 104.58995056152344, "time": 5.121090846019797}, "val_accuracy": 46.38}, {"idx": "68", "arch": "(((0, 1), (1, 6), (1, 2), (0, 4), (1, 2), (2, 0), (0, 3), (4, 2)), ((0, 5), (1, 6), (2, 2), (0, 5), (2, 1), (3, 4), (4, 2), (3, 6)))", "snip": {"score": 78.13856506347656, "time": 3.498392404988408}, "val_accuracy": 46.06}, {"idx": "69", "arch": "(((0, 2), (1, 0), (0, 2), (1, 5), (2, 5), (0, 1), (2, 2), (3, 0)), ((0, 1), (1, 1), (0, 1), (2, 4), (0, 0), (1, 3), (2, 6), (3, 0)))", "snip": {"score": 65.2598648071289, "time": 2.9250144970137626}, "val_accuracy": 46.87}, {"idx": "70", "arch": "(((0, 4), (1, 0), (0, 1), (1, 3), (2, 2), (1, 5), (2, 2), (4, 4)), ((1, 4), (0, 4), (0, 1), (2, 4), (1, 0), (3, 1), (1, 1), (4, 0)))", "snip": {"score": 117.82250213623047, "time": 4.133342482004082}, "val_accuracy": 48.05}, {"idx": "71", "arch": "(((0, 4), (1, 4), (2, 2), (0, 5), (1, 5), (0, 3), (1, 2), (2, 6)), ((0, 3), (1, 2), (0, 3), (2, 2), (1, 3), (3, 6), (3, 0), (4, 3)))", "snip": {"score": 93.41299438476562, "time": 5.117958076996729}, "val_accuracy": 44.48}, {"idx": "72", "arch": "(((0, 5), (1, 6), (1, 1), (0, 5), (3, 4), (2, 5), (4, 0), (2, 5)), ((1, 0), (0, 6), (2, 0), (1, 5), (1, 2), (0, 5), (3, 1), (0, 3)))", "snip": {"score": 97.98394775390625, "time": 4.351418890000787}, "val_accuracy": 45.79}, {"idx": "73", "arch": "(((0, 4), (1, 4), (2, 4), (0, 3), (3, 4), (1, 1), (0, 0), (3, 6)), ((0, 6), (1, 3), (2, 3), (0, 5), (2, 1), (0, 5), (0, 1), (1, 4)))", "snip": {"score": 167.91851806640625, "time": 6.007864749990404}, "val_accuracy": 47.0}, {"idx": "74", "arch": "(((0, 2), (1, 0), (2, 4), (0, 3), (1, 3), (0, 6), (4, 5), (3, 1)), ((0, 5), (1, 4), (0, 5), (2, 2), (2, 3), (1, 3), (1, 1), (0, 1)))", "snip": {"score": 104.3110122680664, "time": 4.973536852980033}, "val_accuracy": 46.44}, {"idx": "75", "arch": "(((0, 6), (1, 6), (1, 0), (2, 0), (0, 4), (1, 6), (4, 4), (2, 0)), ((1, 6), (0, 6), (1, 6), (2, 1), (3, 0), (2, 3), (0, 0), (4, 0)))", "snip": {"score": 119.56863403320312, "time": 4.902929822012084}, "val_accuracy": 44.62}, {"idx": "76", "arch": "(((1, 3), (0, 2), (0, 1), (2, 1), (0, 4), (2, 1), (4, 4), (1, 1)), ((1, 1), (0, 6), (2, 1), (0, 4), (0, 2), (2, 6), (1, 6), (3, 0)))", "snip": {"score": 90.40403747558594, "time": 4.117795953003224}, "val_accuracy": 46.03}, {"idx": "77", "arch": "(((1, 1), (0, 0), (0, 4), (1, 5), (1, 3), (0, 5), (4, 3), (0, 3)), ((1, 0), (0, 1), (0, 5), (2, 2), (2, 6), (1, 4), (1, 1), (3, 1)))", "snip": {"score": 81.22065734863281, "time": 5.177099297987297}, "val_accuracy": 47.38}, {"idx": "78", "arch": "(((0, 4), (1, 6), (1, 3), (0, 5), (1, 2), (3, 0), (2, 5), (4, 3)), ((1, 6), (0, 6), (2, 0), (0, 0), (3, 1), (2, 6), (4, 4), (0, 6)))", "snip": {"score": 117.9909439086914, "time": 5.141731170006096}, "val_accuracy": 46.69}, {"idx": "79", "arch": "(((1, 4), (0, 0), (1, 3), (0, 1), (0, 0), (2, 3), (2, 2), (3, 3)), ((1, 1), (0, 5), (0, 3), (1, 3), (0, 2), (1, 3), (1, 5), (2, 4)))", "snip": {"score": 122.15924072265625, "time": 4.99776458699489}, "val_accuracy": 45.82}, {"idx": "80", "arch": "(((0, 1), (1, 3), (2, 3), (1, 4), (1, 4), (2, 6), (1, 3), (2, 0)), ((0, 4), (1, 6), (1, 6), (2, 4), (1, 3), (0, 2), (0, 5), (1, 4)))", "snip": {"score": 192.3610076904297, "time": 6.204488755989587}, "val_accuracy": 46.96}, {"idx": "81", "arch": "(((0, 3), (1, 4), (0, 0), (2, 3), (0, 3), (2, 2), (2, 3), (3, 2)), ((1, 1), (0, 1), (2, 0), (1, 0), (2, 3), (0, 4), (4, 6), (0, 6)))", "snip": {"score": 118.2562026977539, "time": 5.111538080993341}, "val_accuracy": 47.33}, {"idx": "82", "arch": "(((1, 4), (0, 4), (2, 0), (1, 1), (0, 6), (1, 4), (3, 6), (2, 1)), ((0, 3), (1, 5), (1, 5), (0, 4), (0, 5), (2, 6), (2, 1), (3, 6)))", "snip": {"score": 141.96205139160156, "time": 5.805444672994781}, "val_accuracy": 46.99}, {"idx": "83", "arch": "(((0, 5), (1, 1), (0, 0), (2, 1), (3, 0), (1, 4), (4, 4), (1, 0)), ((0, 6), (1, 2), (0, 1), (1, 2), (3, 5), (1, 2), (0, 2), (1, 3)))", "snip": {"score": 102.05268096923828, "time": 4.762428781017661}, "val_accuracy": 48.77}, {"idx": "84", "arch": "(((0, 3), (1, 1), (2, 3), (1, 4), (0, 1), (1, 3), (1, 1), (2, 4)), ((1, 5), (0, 4), (0, 5), (1, 0), (3, 0), (0, 3), (0, 5), (4, 1)))", "snip": {"score": 111.79084014892578, "time": 5.4686247979989275}, "val_accuracy": 50.45}, {"idx": "85", "arch": "(((1, 3), (0, 0), (0, 0), (1, 1), (0, 6), (1, 2), (1, 5), (0, 3)), ((0, 0), (1, 0), (0, 5), (1, 1), (1, 1), (0, 4), (4, 4), (1, 5)))", "snip": {"score": 63.665653228759766, "time": 3.8562486069859006}, "val_accuracy": 48.18}, {"idx": "86", "arch": "(((1, 4), (0, 2), (0, 2), (2, 2), (0, 1), (1, 0), (1, 5), (0, 4)), ((0, 0), (1, 6), (2, 0), (0, 5), (3, 6), (0, 2), (2, 4), (4, 2)))", "snip": {"score": 67.55023193359375, "time": 3.4985400960140396}, "val_accuracy": 46.66}, {"idx": "87", "arch": "(((1, 6), (0, 1), (2, 6), (0, 2), (3, 1), (1, 5), (3, 5), (1, 5)), ((1, 1), (0, 1), (0, 2), (2, 5), (3, 0), (0, 3), (3, 4), (4, 5)))", "snip": {"score": 67.47896575927734, "time": 3.801321094011655}, "val_accuracy": 44.61}, {"idx": "88", "arch": "(((1, 1), (0, 3), (2, 4), (1, 5), (1, 2), (3, 6), (4, 4), (3, 2)), ((0, 3), (1, 1), (2, 4), (1, 3), (0, 5), (2, 1), (2, 5), (4, 0)))", "snip": {"score": 115.8175277709961, "time": 4.606051217997447}, "val_accuracy": 46.99}, {"idx": "89", "arch": "(((1, 4), (0, 2), (0, 1), (1, 2), (0, 2), (3, 5), (4, 1), (1, 1)), ((0, 6), (1, 4), (2, 6), (0, 5), (3, 4), (1, 4), (2, 2), (3, 4)))", "snip": {"score": 72.35807037353516, "time": 3.3940674110199325}, "val_accuracy": 43.57}, {"idx": "90", "arch": "(((0, 2), (1, 3), (0, 4), (1, 2), (1, 0), (2, 4), (0, 6), (3, 0)), ((0, 6), (1, 2), (2, 0), (0, 1), (0, 3), (2, 6), (4, 6), (2, 5)))", "snip": {"score": 96.75889587402344, "time": 4.6310085360019}, "val_accuracy": 45.97}, {"idx": "91", "arch": "(((1, 5), (0, 5), (2, 6), (1, 4), (3, 3), (2, 6), (0, 1), (3, 0)), ((0, 2), (1, 3), (1, 3), (0, 3), (1, 5), (0, 2), (2, 6), (4, 2)))", "snip": {"score": 161.3963623046875, "time": 5.355307518999325}, "val_accuracy": 44.51}, {"idx": "92", "arch": "(((1, 1), (0, 0), (1, 3), (0, 4), (3, 4), (0, 5), (3, 6), (2, 4)), ((1, 4), (0, 0), (0, 2), (1, 1), (1, 5), (3, 1), (1, 3), (0, 4)))", "snip": {"score": 112.75959777832031, "time": 5.722458242002176}, "val_accuracy": 48.11}, {"idx": "93", "arch": "(((0, 0), (1, 3), (0, 0), (1, 0), (3, 5), (0, 0), (3, 2), (0, 1)), ((0, 5), (1, 5), (2, 0), (1, 6), (1, 1), (2, 3), (0, 2), (2, 2)))", "snip": {"score": 78.18512725830078, "time": 3.434092886018334}, "val_accuracy": 44.72}, {"idx": "94", "arch": "(((1, 5), (0, 2), (0, 0), (1, 1), (0, 4), (1, 1), (4, 5), (1, 5)), ((1, 3), (0, 4), (2, 1), (0, 2), (2, 2), (1, 4), (1, 6), (3, 4)))", "snip": {"score": 81.03765869140625, "time": 3.828323987982003}, "val_accuracy": 44.88}, {"idx": "95", "arch": "(((1, 1), (0, 2), (1, 4), (0, 3), (3, 5), (0, 1), (0, 6), (2, 5)), ((0, 2), (1, 1), (2, 5), (0, 3), (2, 0), (3, 5), (3, 4), (1, 3)))", "snip": {"score": 75.41905212402344, "time": 4.153851959010353}, "val_accuracy": 47.14}, {"idx": "96", "arch": "(((1, 6), (0, 2), (2, 3), (0, 1), (1, 4), (0, 3), (2, 5), (0, 1)), ((1, 6), (0, 2), (2, 6), (0, 2), (2, 1), (1, 5), (0, 0), (2, 3)))", "snip": {"score": 68.07755279541016, "time": 4.544896354986122}, "val_accuracy": 46.59}, {"idx": "97", "arch": "(((1, 2), (0, 1), (1, 1), (2, 0), (1, 1), (2, 1), (1, 2), (0, 6)), ((1, 6), (0, 3), (0, 1), (1, 4), (0, 2), (2, 2), (0, 5), (3, 1)))", "snip": {"score": 80.14749908447266, "time": 3.167168294021394}, "val_accuracy": 46.57}, {"idx": "98", "arch": "(((1, 5), (0, 1), (0, 0), (2, 0), (1, 0), (0, 0), (1, 1), (3, 0)), ((1, 1), (0, 3), (2, 4), (1, 0), (3, 6), (2, 3), (0, 1), (2, 5)))", "snip": {"score": 83.09940338134766, "time": 3.3936560570145957}, "val_accuracy": 47.41}, {"idx": "99", "arch": "(((0, 1), (1, 2), (0, 3), (1, 5), (1, 0), (0, 5), (3, 6), (0, 2)), ((0, 6), (1, 5), (1, 2), (2, 6), (3, 0), (2, 1), (3, 6), (4, 5)))", "snip": {"score": 73.57059478759766, "time": 3.5463972150173504}, "val_accuracy": 46.26}, {"idx": "100", "arch": "(((0, 0), (1, 6), (2, 4), (1, 1), (0, 1), (2, 6), (1, 5), (2, 2)), ((1, 6), (0, 2), (2, 4), (1, 1), (3, 6), (2, 5), (0, 2), (1, 2)))", "snip": {"score": 88.02189636230469, "time": 4.1157905040017795}, "val_accuracy": 44.87}, {"idx": "101", "arch": "(((1, 4), (0, 2), (1, 4), (2, 4), (3, 3), (2, 5), (4, 1), (0, 5)), ((1, 3), (0, 1), (2, 6), (0, 5), (3, 0), (2, 6), (4, 1), (0, 3)))", "snip": {"score": 198.9689483642578, "time": 5.38965116100735}, "val_accuracy": 43.34}, {"idx": "102", "arch": "(((0, 5), (1, 3), (1, 2), (2, 2), (0, 2), (2, 2), (0, 2), (4, 4)), ((1, 4), (0, 6), (0, 1), (2, 1), (2, 0), (0, 3), (2, 3), (0, 4)))", "snip": {"score": 72.26882934570312, "time": 3.1697538000007626}, "val_accuracy": 45.06}, {"idx": "103", "arch": "(((0, 4), (1, 0), (1, 0), (2, 3), (1, 0), (0, 4), (4, 4), (1, 6)), ((1, 4), (0, 2), (1, 1), (2, 2), (0, 2), (3, 3), (4, 4), (2, 5)))", "snip": {"score": 161.7110595703125, "time": 5.819866245990852}, "val_accuracy": 44.6}, {"idx": "104", "arch": "(((1, 0), (0, 2), (2, 5), (0, 1), (1, 3), (0, 3), (2, 6), (3, 4)), ((0, 4), (1, 2), (0, 0), (2, 2), (1, 3), (0, 1), (0, 6), (4, 5)))", "snip": {"score": 86.44269561767578, "time": 4.9946678029955365}, "val_accuracy": 47.2}, {"idx": "105", "arch": "(((1, 4), (0, 6), (1, 4), (2, 2), (2, 4), (1, 5), (4, 0), (3, 1)), ((0, 2), (1, 5), (0, 5), (2, 0), (2, 1), (0, 3), (3, 0), (1, 4)))", "snip": {"score": 159.9820556640625, "time": 5.336765368992928}, "val_accuracy": 44.42}, {"idx": "106", "arch": "(((1, 0), (0, 3), (2, 3), (0, 1), (3, 3), (1, 2), (3, 3), (0, 4)), ((0, 4), (1, 2), (2, 5), (1, 2), (3, 6), (2, 0), (3, 4), (2, 6)))", "snip": {"score": 172.44337463378906, "time": 5.474594897998031}, "val_accuracy": 49.51}, {"idx": "107", "arch": "(((0, 0), (1, 3), (1, 0), (2, 6), (2, 6), (1, 6), (0, 6), (3, 2)), ((1, 1), (0, 4), (2, 6), (1, 2), (3, 6), (1, 0), (0, 2), (1, 5)))", "snip": {"score": 105.61891174316406, "time": 4.397589606989641}, "val_accuracy": 46.15}, {"idx": "108", "arch": "(((1, 3), (0, 6), (0, 2), (1, 5), (3, 0), (0, 4), (2, 2), (1, 0)), ((0, 2), (1, 2), (2, 0), (1, 1), (2, 3), (0, 5), (0, 1), (2, 4)))", "snip": {"score": 82.622802734375, "time": 3.887779162003426}, "val_accuracy": 45.64}, {"idx": "109", "arch": "(((1, 0), (0, 6), (0, 3), (2, 3), (1, 4), (2, 5), (2, 0), (4, 2)), ((1, 6), (0, 5), (0, 1), (1, 3), (2, 4), (3, 5), (3, 3), (1, 5)))", "snip": {"score": 150.8302001953125, "time": 5.158020689996192}, "val_accuracy": 45.94}, {"idx": "110", "arch": "(((1, 0), (0, 3), (0, 5), (2, 4), (0, 1), (2, 2), (0, 2), (2, 1)), ((0, 2), (1, 2), (1, 5), (0, 0), (3, 1), (2, 3), (0, 3), (2, 5)))", "snip": {"score": 86.47894287109375, "time": 3.5285360459820367}, "val_accuracy": 46.56}, {"idx": "111", "arch": "(((1, 6), (0, 0), (1, 2), (2, 1), (2, 4), (3, 5), (4, 5), (0, 3)), ((0, 1), (1, 6), (0, 6), (1, 6), (1, 1), (2, 4), (2, 2), (4, 6)))", "snip": {"score": 94.75568389892578, "time": 4.1674565490102395}, "val_accuracy": 45.89}, {"idx": "112", "arch": "(((1, 0), (0, 2), (1, 2), (0, 5), (3, 3), (1, 5), (1, 2), (2, 6)), ((0, 5), (1, 5), (0, 3), (1, 0), (1, 4), (0, 4), (1, 5), (0, 0)))", "snip": {"score": 62.39604568481445, "time": 3.5234117359796073}, "val_accuracy": 45.26}, {"idx": "113", "arch": "(((0, 4), (1, 0), (2, 1), (1, 4), (1, 5), (3, 2), (4, 3), (2, 1)), ((0, 4), (1, 4), (2, 6), (1, 4), (2, 6), (0, 3), (0, 0), (3, 6)))", "snip": {"score": 189.6632080078125, "time": 5.029625875002239}, "val_accuracy": 44.11}, {"idx": "114", "arch": "(((1, 1), (0, 4), (1, 6), (2, 1), (3, 0), (1, 4), (2, 2), (0, 4)), ((1, 3), (0, 4), (1, 6), (0, 1), (2, 0), (3, 2), (0, 6), (4, 5)))", "snip": {"score": 101.39813995361328, "time": 4.718750099011231}, "val_accuracy": 44.57}, {"idx": "115", "arch": "(((0, 0), (1, 2), (1, 0), (2, 0), (0, 1), (1, 3), (0, 2), (3, 3)), ((1, 0), (0, 1), (0, 0), (1, 1), (2, 5), (1, 4), (0, 4), (2, 6)))", "snip": {"score": 86.49214935302734, "time": 3.449259783985326}, "val_accuracy": 49.32}, {"idx": "116", "arch": "(((1, 2), (0, 5), (1, 2), (0, 4), (1, 4), (0, 4), (4, 4), (3, 4)), ((1, 0), (0, 5), (2, 5), (0, 5), (2, 0), (0, 2), (1, 0), (2, 3)))", "snip": {"score": 87.43224334716797, "time": 5.545024419989204}, "val_accuracy": 46.68}, {"idx": "117", "arch": "(((0, 4), (1, 3), (2, 0), (1, 4), (2, 3), (0, 3), (1, 6), (4, 0)), ((0, 1), (1, 5), (0, 3), (1, 2), (0, 3), (2, 6), (4, 4), (0, 5)))", "snip": {"score": 182.3223419189453, "time": 5.8568034649943}, "val_accuracy": 47.3}, {"idx": "118", "arch": "(((1, 4), (0, 6), (1, 6), (0, 3), (2, 1), (1, 4), (3, 6), (1, 1)), ((0, 3), (1, 2), (2, 1), (1, 5), (3, 6), (1, 2), (1, 0), (0, 5)))", "snip": {"score": 98.01262664794922, "time": 5.440320910012815}, "val_accuracy": 47.61}, {"idx": "119", "arch": "(((0, 0), (1, 3), (1, 1), (2, 3), (0, 5), (1, 2), (2, 4), (4, 1)), ((1, 5), (0, 3), (0, 0), (2, 4), (2, 4), (3, 2), (1, 2), (0, 0)))", "snip": {"score": 111.26249694824219, "time": 4.083168466982897}, "val_accuracy": 50.31}, {"idx": "120", "arch": "(((0, 5), (1, 2), (1, 5), (0, 5), (3, 5), (2, 5), (4, 2), (1, 5)), ((0, 0), (1, 5), (1, 3), (0, 1), (2, 6), (1, 4), (4, 5), (0, 3)))", "snip": {"score": 60.983299255371094, "time": 3.4790604040026665}, "val_accuracy": 43.4}, {"idx": "121", "arch": "(((0, 3), (1, 4), (0, 2), (2, 3), (1, 6), (3, 0), (2, 1), (3, 0)), ((1, 3), (0, 4), (2, 3), (1, 2), (1, 0), (3, 3), (4, 2), (1, 3)))", "snip": {"score": 262.5417175292969, "time": 5.108799633977469}, "val_accuracy": 48.32}, {"idx": "122", "arch": "(((1, 0), (0, 0), (1, 4), (0, 2), (1, 0), (3, 0), (0, 6), (2, 2)), ((1, 3), (0, 0), (0, 5), (1, 2), (0, 4), (2, 3), (2, 3), (1, 4)))", "snip": {"score": 106.68852233886719, "time": 3.6987045829882845}, "val_accuracy": 44.89}, {"idx": "123", "arch": "(((0, 4), (1, 3), (2, 5), (0, 4), (2, 4), (3, 6), (0, 4), (4, 5)), ((1, 0), (0, 2), (2, 0), (1, 4), (2, 0), (0, 6), (3, 1), (0, 0)))", "snip": {"score": 136.19789123535156, "time": 6.097925440000836}, "val_accuracy": 48.85}, {"idx": "124", "arch": "(((1, 5), (0, 4), (2, 6), (1, 3), (0, 4), (3, 5), (0, 5), (3, 3)), ((1, 4), (0, 0), (1, 4), (0, 0), (1, 0), (2, 2), (0, 4), (1, 2)))", "snip": {"score": 119.88560485839844, "time": 5.832465929997852}, "val_accuracy": 46.71}, {"idx": "125", "arch": "(((0, 1), (1, 0), (2, 4), (0, 1), (1, 0), (3, 5), (3, 5), (2, 4)), ((0, 3), (1, 1), (2, 2), (1, 0), (0, 4), (3, 5), (1, 1), (0, 3)))", "snip": {"score": 102.93000030517578, "time": 4.154440885991789}, "val_accuracy": 47.23}, {"idx": "126", "arch": "(((1, 6), (0, 6), (0, 6), (1, 1), (2, 1), (1, 3), (2, 5), (3, 4)), ((0, 5), (1, 3), (0, 1), (2, 6), (1, 3), (2, 5), (4, 0), (1, 6)))", "snip": {"score": 101.53341674804688, "time": 4.938088730006712}, "val_accuracy": 43.68}, {"idx": "127", "arch": "(((1, 5), (0, 0), (1, 1), (2, 1), (3, 5), (2, 4), (3, 2), (1, 3)), ((1, 6), (0, 5), (1, 2), (2, 0), (0, 2), (2, 2), (3, 3), (4, 6)))", "snip": {"score": 102.00463104248047, "time": 3.876683949987637}, "val_accuracy": 47.83}, {"idx": "128", "arch": "(((1, 1), (0, 5), (1, 1), (0, 0), (2, 0), (0, 3), (2, 6), (3, 3)), ((1, 5), (0, 3), (0, 5), (1, 3), (0, 0), (3, 5), (3, 4), (1, 2)))", "snip": {"score": 86.61064910888672, "time": 4.611296176997712}, "val_accuracy": 47.15}, {"idx": "129", "arch": "(((0, 3), (1, 2), (1, 6), (0, 5), (1, 0), (3, 6), (2, 0), (4, 3)), ((1, 0), (0, 5), (2, 1), (1, 0), (3, 2), (2, 1), (4, 0), (0, 0)))", "snip": {"score": 90.7697525024414, "time": 3.915781435003737}, "val_accuracy": 49.52}, {"idx": "130", "arch": "(((0, 0), (1, 3), (2, 5), (0, 2), (1, 0), (3, 4), (0, 2), (1, 0)), ((1, 6), (0, 2), (1, 5), (2, 5), (1, 5), (2, 1), (0, 5), (2, 4)))", "snip": {"score": 94.91683197021484, "time": 3.661805068986723}, "val_accuracy": 46.54}, {"idx": "131", "arch": "(((1, 6), (0, 1), (1, 0), (2, 1), (2, 6), (3, 3), (0, 4), (3, 3)), ((1, 1), (0, 3), (0, 0), (2, 3), (0, 1), (2, 3), (2, 0), (1, 2)))", "snip": {"score": 118.28245544433594, "time": 5.2789736239938065}, "val_accuracy": 49.1}, {"idx": "132", "arch": "(((1, 5), (0, 1), (1, 6), (0, 6), (2, 1), (1, 0), (2, 5), (4, 4)), ((1, 1), (0, 1), (0, 6), (1, 3), (3, 5), (2, 1), (0, 1), (2, 2)))", "snip": {"score": 75.91291809082031, "time": 4.1268608620157465}, "val_accuracy": 46.36}, {"idx": "133", "arch": "(((1, 6), (0, 1), (0, 6), (1, 5), (2, 6), (1, 1), (4, 0), (3, 6)), ((1, 2), (0, 1), (1, 0), (0, 2), (3, 1), (0, 3), (4, 5), (3, 4)))", "snip": {"score": 77.18219757080078, "time": 4.329086329002166}, "val_accuracy": 45.39}, {"idx": "134", "arch": "(((1, 3), (0, 5), (2, 1), (0, 0), (3, 1), (2, 0), (3, 4), (0, 5)), ((1, 3), (0, 0), (0, 2), (1, 6), (2, 0), (0, 3), (1, 6), (0, 0)))", "snip": {"score": 98.11859893798828, "time": 4.2974092139920685}, "val_accuracy": 47.99}, {"idx": "135", "arch": "(((0, 6), (1, 0), (1, 1), (2, 5), (1, 2), (0, 2), (4, 6), (2, 6)), ((0, 0), (1, 1), (0, 1), (2, 3), (0, 3), (2, 6), (0, 2), (2, 1)))", "snip": {"score": 64.23643493652344, "time": 3.6962445469980594}, "val_accuracy": 44.44}, {"idx": "136", "arch": "(((0, 6), (1, 0), (1, 3), (0, 1), (3, 2), (1, 6), (1, 6), (0, 0)), ((0, 1), (1, 6), (1, 5), (0, 1), (2, 4), (1, 0), (2, 3), (4, 0)))", "snip": {"score": 89.82496643066406, "time": 4.055625629000133}, "val_accuracy": 47.26}, {"idx": "137", "arch": "(((1, 5), (0, 5), (0, 2), (2, 2), (0, 0), (3, 2), (1, 1), (3, 6)), ((0, 2), (1, 3), (1, 5), (0, 0), (2, 4), (3, 5), (0, 6), (4, 5)))", "snip": {"score": 61.8353385925293, "time": 3.235485819983296}, "val_accuracy": 41.64}, {"idx": "138", "arch": "(((1, 5), (0, 4), (2, 6), (1, 5), (0, 2), (2, 3), (2, 1), (1, 5)), ((1, 2), (0, 2), (1, 0), (0, 1), (3, 3), (0, 4), (2, 5), (4, 3)))", "snip": {"score": 88.45015716552734, "time": 4.653317092976067}, "val_accuracy": 45.52}, {"idx": "139", "arch": "(((0, 3), (1, 2), (1, 3), (0, 6), (3, 2), (0, 3), (0, 5), (3, 5)), ((1, 4), (0, 2), (2, 2), (0, 0), (3, 3), (1, 0), (0, 2), (4, 6)))", "snip": {"score": 68.31404113769531, "time": 4.506759312993381}, "val_accuracy": 48.6}, {"idx": "140", "arch": "(((0, 3), (1, 5), (2, 2), (1, 5), (1, 2), (2, 5), (3, 3), (4, 4)), ((1, 2), (0, 3), (1, 2), (0, 2), (1, 2), (2, 1), (4, 4), (1, 2)))", "snip": {"score": 95.43894958496094, "time": 5.105209740984719}, "val_accuracy": 45.13}, {"idx": "141", "arch": "(((1, 4), (0, 6), (0, 2), (1, 0), (3, 6), (1, 3), (4, 2), (3, 4)), ((0, 0), (1, 3), (1, 2), (0, 5), (1, 3), (0, 3), (1, 1), (3, 4)))", "snip": {"score": 117.9941177368164, "time": 5.048407455004053}, "val_accuracy": 46.45}, {"idx": "142", "arch": "(((1, 2), (0, 4), (0, 4), (1, 0), (0, 5), (2, 2), (4, 0), (1, 1)), ((1, 4), (0, 4), (1, 5), (0, 4), (0, 6), (1, 0), (1, 5), (0, 6)))", "snip": {"score": 88.94120025634766, "time": 4.088341155991657}, "val_accuracy": 43.75}, {"idx": "143", "arch": "(((1, 5), (0, 5), (2, 2), (1, 3), (1, 0), (0, 6), (1, 0), (3, 0)), ((0, 0), (1, 4), (1, 5), (0, 4), (1, 2), (0, 3), (2, 6), (3, 4)))", "snip": {"score": 114.43180847167969, "time": 4.013219422020484}, "val_accuracy": 46.46}, {"idx": "144", "arch": "(((0, 6), (1, 3), (0, 1), (1, 1), (3, 0), (1, 1), (1, 3), (0, 1)), ((0, 3), (1, 4), (2, 0), (1, 3), (1, 0), (0, 2), (1, 6), (4, 4)))", "snip": {"score": 110.8037109375, "time": 4.220544976007659}, "val_accuracy": 47.17}, {"idx": "145", "arch": "(((0, 2), (1, 3), (2, 2), (0, 4), (3, 5), (2, 2), (1, 1), (3, 5)), ((1, 5), (0, 2), (2, 1), (1, 5), (0, 1), (1, 6), (3, 2), (1, 3)))", "snip": {"score": 74.27114868164062, "time": 3.4108375149953645}, "val_accuracy": 44.76}, {"idx": "146", "arch": "(((1, 4), (0, 4), (0, 0), (1, 6), (1, 3), (3, 6), (0, 0), (2, 1)), ((0, 3), (1, 2), (1, 3), (2, 2), (3, 5), (2, 2), (1, 3), (3, 6)))", "snip": {"score": 101.55534362792969, "time": 5.4609520560188685}, "val_accuracy": 45.35}, {"idx": "147", "arch": "(((0, 1), (1, 3), (0, 2), (2, 4), (0, 1), (1, 1), (0, 4), (4, 0)), ((1, 1), (0, 0), (0, 5), (1, 4), (1, 0), (3, 5), (4, 0), (0, 4)))", "snip": {"score": 84.56465911865234, "time": 3.9794836190121714}, "val_accuracy": 48.73}, {"idx": "148", "arch": "(((1, 1), (0, 4), (0, 1), (1, 5), (2, 5), (0, 4), (3, 6), (4, 4)), ((0, 6), (1, 3), (1, 6), (0, 6), (2, 5), (0, 3), (3, 0), (0, 4)))", "snip": {"score": 94.73825073242188, "time": 5.637076790997526}, "val_accuracy": 44.31}, {"idx": "149", "arch": "(((1, 3), (0, 6), (1, 1), (2, 0), (2, 4), (1, 1), (0, 6), (3, 4)), ((1, 5), (0, 6), (2, 4), (1, 6), (0, 5), (2, 0), (4, 6), (0, 5)))", "snip": {"score": 151.71621704101562, "time": 5.603861690993654}, "val_accuracy": 45.86}, {"idx": "150", "arch": "(((0, 5), (1, 1), (1, 4), (2, 4), (0, 6), (3, 0), (4, 0), (1, 1)), ((1, 5), (0, 6), (1, 1), (2, 2), (3, 4), (1, 2), (2, 1), (4, 1)))", "snip": {"score": 127.65523529052734, "time": 4.286099145974731}, "val_accuracy": 45.44}, {"idx": "151", "arch": "(((1, 3), (0, 3), (2, 5), (0, 6), (1, 5), (2, 0), (4, 3), (1, 5)), ((1, 2), (0, 1), (1, 5), (2, 3), (1, 3), (0, 6), (2, 1), (0, 2)))", "snip": {"score": 158.74057006835938, "time": 5.33415465298458}, "val_accuracy": 46.32}, {"idx": "152", "arch": "(((1, 6), (0, 2), (0, 3), (1, 3), (1, 4), (0, 3), (0, 2), (4, 5)), ((1, 1), (0, 4), (2, 5), (0, 2), (2, 1), (3, 5), (4, 5), (1, 0)))", "snip": {"score": 70.6419677734375, "time": 5.029283806012245}, "val_accuracy": 45.93}, {"idx": "153", "arch": "(((1, 2), (0, 6), (2, 0), (1, 2), (1, 1), (3, 0), (4, 0), (1, 5)), ((0, 5), (1, 1), (2, 1), (0, 2), (3, 4), (1, 2), (3, 5), (4, 1)))", "snip": {"score": 93.18505096435547, "time": 3.2603081890265457}, "val_accuracy": 45.0}, {"idx": "154", "arch": "(((0, 2), (1, 1), (2, 6), (0, 5), (2, 1), (0, 1), (2, 0), (1, 5)), ((1, 1), (0, 0), (1, 0), (0, 6), (1, 5), (2, 2), (3, 6), (1, 0)))", "snip": {"score": 56.55234909057617, "time": 3.444212447007885}, "val_accuracy": 48.86}, {"idx": "155", "arch": "(((0, 3), (1, 0), (2, 4), (0, 1), (3, 4), (1, 6), (1, 0), (2, 1)), ((0, 1), (1, 6), (1, 1), (0, 2), (1, 2), (3, 4), (1, 1), (3, 6)))", "snip": {"score": 139.8186492919922, "time": 5.230569423001725}, "val_accuracy": 47.56}, {"idx": "156", "arch": "(((1, 2), (0, 0), (0, 0), (1, 5), (2, 2), (1, 5), (3, 2), (1, 1)), ((1, 1), (0, 3), (0, 5), (2, 3), (1, 6), (0, 0), (4, 2), (0, 6)))", "snip": {"score": 56.06065368652344, "time": 2.939920598990284}, "val_accuracy": 44.76}, {"idx": "157", "arch": "(((1, 2), (0, 0), (1, 4), (0, 1), (0, 6), (3, 6), (4, 3), (0, 5)), ((1, 2), (0, 0), (1, 4), (0, 2), (1, 5), (3, 5), (1, 3), (2, 3)))", "snip": {"score": 85.36654663085938, "time": 4.776187707990175}, "val_accuracy": 47.08}, {"idx": "158", "arch": "(((0, 3), (1, 1), (0, 3), (1, 1), (3, 3), (2, 0), (3, 3), (1, 5)), ((0, 0), (1, 6), (2, 1), (0, 5), (3, 2), (2, 2), (2, 4), (4, 1)))", "snip": {"score": 97.32728576660156, "time": 4.833604452986037}, "val_accuracy": 52.6}, {"idx": "159", "arch": "(((1, 6), (0, 4), (1, 3), (0, 6), (2, 1), (0, 0), (1, 3), (4, 0)), ((1, 6), (0, 5), (1, 5), (2, 1), (1, 5), (2, 3), (3, 2), (1, 0)))", "snip": {"score": 95.03555297851562, "time": 5.287670811987482}, "val_accuracy": 47.13}, {"idx": "160", "arch": "(((1, 1), (0, 1), (2, 3), (0, 3), (2, 4), (3, 0), (1, 4), (2, 3)), ((1, 1), (0, 0), (2, 0), (0, 4), (1, 6), (3, 1), (2, 5), (4, 1)))", "snip": {"score": 116.80264282226562, "time": 5.408685435017105}, "val_accuracy": 51.25}, {"idx": "161", "arch": "(((1, 6), (0, 5), (2, 0), (1, 1), (2, 2), (3, 5), (4, 6), (3, 2)), ((1, 6), (0, 0), (2, 1), (1, 5), (3, 1), (2, 2), (2, 6), (3, 0)))", "snip": {"score": 87.2015609741211, "time": 3.484871363005368}, "val_accuracy": 44.25}, {"idx": "162", "arch": "(((0, 2), (1, 5), (1, 3), (0, 0), (3, 3), (2, 6), (1, 1), (2, 3)), ((1, 0), (0, 4), (1, 6), (2, 2), (0, 1), (2, 4), (1, 4), (4, 6)))", "snip": {"score": 98.41874694824219, "time": 4.882447636016877}, "val_accuracy": 47.46}, {"idx": "163", "arch": "(((1, 1), (0, 1), (1, 3), (2, 4), (2, 0), (1, 6), (2, 5), (1, 4)), ((1, 5), (0, 6), (2, 0), (0, 3), (3, 2), (0, 3), (2, 2), (1, 3)))", "snip": {"score": 104.60576629638672, "time": 5.28740413300693}, "val_accuracy": 46.54}, {"idx": "164", "arch": "(((1, 1), (0, 2), (1, 5), (0, 5), (3, 6), (2, 4), (3, 5), (4, 1)), ((1, 1), (0, 2), (1, 6), (0, 2), (0, 3), (2, 4), (2, 6), (3, 4)))", "snip": {"score": 82.08938598632812, "time": 4.141060483001638}, "val_accuracy": 44.58}, {"idx": "165", "arch": "(((1, 2), (0, 3), (1, 6), (2, 2), (3, 5), (2, 6), (3, 3), (2, 1)), ((0, 0), (1, 5), (0, 2), (2, 0), (1, 2), (2, 2), (4, 3), (2, 1)))", "snip": {"score": 72.7608413696289, "time": 3.8203762369812466}, "val_accuracy": 47.43}, {"idx": "166", "arch": "(((1, 6), (0, 4), (2, 3), (1, 0), (2, 4), (0, 0), (0, 4), (1, 4)), ((1, 3), (0, 5), (0, 4), (2, 6), (1, 3), (2, 4), (1, 1), (0, 4)))", "snip": {"score": 153.44366455078125, "time": 6.132287218992133}, "val_accuracy": 45.3}, {"idx": "167", "arch": "(((0, 3), (1, 1), (2, 1), (1, 5), (2, 0), (3, 6), (4, 3), (1, 5)), ((0, 6), (1, 5), (1, 0), (2, 4), (1, 5), (0, 4), (1, 3), (0, 3)))", "snip": {"score": 134.417236328125, "time": 4.378490642004181}, "val_accuracy": 48.14}, {"idx": "168", "arch": "(((1, 2), (0, 0), (1, 6), (0, 5), (3, 3), (2, 6), (2, 6), (4, 1)), ((0, 2), (1, 6), (2, 1), (1, 1), (0, 1), (1, 6), (1, 4), (0, 5)))", "snip": {"score": 74.65931701660156, "time": 4.2034769659803715}, "val_accuracy": 44.77}, {"idx": "169", "arch": "(((1, 0), (0, 6), (0, 1), (2, 2), (3, 5), (2, 1), (4, 4), (2, 5)), ((1, 0), (0, 6), (0, 6), (2, 2), (3, 0), (0, 1), (1, 3), (4, 3)))", "snip": {"score": 83.82543182373047, "time": 3.837496230000397}, "val_accuracy": 46.94}, {"idx": "170", "arch": "(((0, 2), (1, 1), (1, 1), (2, 4), (3, 0), (2, 5), (1, 2), (4, 0)), ((1, 1), (0, 5), (0, 2), (2, 0), (3, 3), (2, 0), (0, 2), (4, 6)))", "snip": {"score": 93.79769897460938, "time": 3.343310409982223}, "val_accuracy": 48.42}, {"idx": "171", "arch": "(((1, 2), (0, 2), (1, 4), (0, 3), (2, 1), (3, 6), (3, 1), (1, 4)), ((1, 6), (0, 4), (0, 2), (2, 6), (2, 6), (3, 3), (1, 3), (2, 6)))", "snip": {"score": 112.59358215332031, "time": 4.54950287900283}, "val_accuracy": 44.68}, {"idx": "172", "arch": "(((0, 2), (1, 3), (1, 4), (2, 3), (2, 4), (1, 5), (2, 0), (1, 4)), ((0, 1), (1, 3), (0, 5), (2, 4), (0, 4), (3, 4), (3, 0), (0, 2)))", "snip": {"score": 205.580078125, "time": 5.642648951004958}, "val_accuracy": 44.81}, {"idx": "173", "arch": "(((1, 6), (0, 3), (2, 4), (1, 1), (3, 0), (2, 4), (4, 3), (1, 0)), ((0, 1), (1, 3), (1, 6), (0, 1), (1, 5), (2, 2), (1, 0), (0, 1)))", "snip": {"score": 208.5285186767578, "time": 4.707112097996287}, "val_accuracy": 47.51}, {"idx": "174", "arch": "(((1, 6), (0, 6), (0, 0), (1, 4), (1, 0), (3, 0), (3, 4), (2, 1)), ((0, 2), (1, 0), (2, 5), (1, 5), (2, 4), (3, 1), (0, 5), (1, 2)))", "snip": {"score": 115.13035583496094, "time": 4.995570088009117}, "val_accuracy": 45.62}, {"idx": "175", "arch": "(((1, 3), (0, 5), (2, 3), (0, 4), (1, 3), (3, 1), (0, 2), (3, 4)), ((1, 6), (0, 4), (2, 6), (0, 1), (1, 3), (0, 1), (4, 4), (1, 1)))", "snip": {"score": 141.24267578125, "time": 5.442731909017311}, "val_accuracy": 44.99}, {"idx": "176", "arch": "(((1, 3), (0, 6), (0, 5), (2, 4), (0, 5), (2, 4), (0, 0), (2, 1)), ((1, 0), (0, 1), (0, 3), (1, 2), (2, 1), (1, 2), (2, 2), (0, 6)))", "snip": {"score": 82.29351806640625, "time": 5.534619230020326}, "val_accuracy": 47.07}, {"idx": "177", "arch": "(((0, 1), (1, 4), (1, 1), (2, 0), (1, 6), (2, 4), (0, 2), (2, 5)), ((1, 1), (0, 4), (0, 3), (2, 3), (2, 6), (3, 3), (2, 3), (4, 3)))", "snip": {"score": 137.71006774902344, "time": 4.5943209290271625}, "val_accuracy": 45.89}, {"idx": "178", "arch": "(((0, 1), (1, 6), (1, 4), (2, 5), (3, 2), (2, 6), (3, 6), (1, 5)), ((0, 1), (1, 5), (1, 4), (0, 1), (1, 2), (0, 4), (1, 5), (2, 0)))", "snip": {"score": 103.82998657226562, "time": 4.376115516992286}, "val_accuracy": 43.33}, {"idx": "179", "arch": "(((1, 6), (0, 1), (2, 2), (1, 4), (0, 2), (1, 0), (3, 3), (0, 3)), ((0, 3), (1, 6), (2, 2), (1, 1), (0, 1), (1, 4), (0, 4), (3, 3)))", "snip": {"score": 99.58753967285156, "time": 4.441294861986535}, "val_accuracy": 46.74}, {"idx": "180", "arch": "(((0, 2), (1, 2), (1, 4), (0, 2), (3, 1), (1, 0), (2, 5), (3, 2)), ((1, 3), (0, 2), (2, 5), (0, 2), (0, 3), (1, 0), (2, 3), (0, 5)))", "snip": {"score": 79.42115783691406, "time": 3.060398460016586}, "val_accuracy": 45.51}, {"idx": "181", "arch": "(((1, 0), (0, 5), (0, 3), (1, 2), (3, 1), (1, 0), (2, 6), (0, 4)), ((0, 3), (1, 3), (0, 1), (1, 3), (3, 0), (1, 2), (2, 5), (0, 6)))", "snip": {"score": 101.99767303466797, "time": 4.403085544006899}, "val_accuracy": 45.85}, {"idx": "182", "arch": "(((1, 6), (0, 5), (2, 3), (1, 0), (2, 0), (1, 3), (4, 3), (2, 2)), ((1, 3), (0, 3), (1, 1), (0, 4), (3, 3), (0, 0), (0, 6), (1, 3)))", "snip": {"score": 146.68211364746094, "time": 5.208262875996297}, "val_accuracy": 45.59}, {"idx": "183", "arch": "(((0, 2), (1, 6), (1, 5), (0, 6), (3, 6), (1, 4), (0, 6), (3, 5)), ((1, 2), (0, 2), (0, 4), (1, 5), (1, 1), (3, 1), (1, 1), (0, 2)))", "snip": {"score": 57.755775451660156, "time": 4.565418034006143}, "val_accuracy": 42.33}, {"idx": "184", "arch": "(((1, 6), (0, 5), (0, 3), (2, 1), (3, 2), (0, 5), (4, 5), (0, 6)), ((0, 5), (1, 5), (2, 4), (1, 2), (1, 6), (2, 4), (2, 0), (4, 0)))", "snip": {"score": 82.90538024902344, "time": 4.165941214974737}, "val_accuracy": 42.36}, {"idx": "185", "arch": "(((0, 2), (1, 2), (0, 4), (1, 6), (1, 2), (2, 2), (1, 6), (3, 1)), ((0, 4), (1, 3), (0, 1), (2, 2), (2, 1), (3, 3), (0, 5), (4, 5)))", "snip": {"score": 67.15630340576172, "time": 3.3339730039879214}, "val_accuracy": 42.41}, {"idx": "186", "arch": "(((0, 5), (1, 1), (0, 2), (2, 5), (2, 1), (3, 6), (3, 6), (0, 6)), ((1, 5), (0, 5), (1, 4), (2, 4), (2, 6), (3, 2), (2, 4), (3, 0)))", "snip": {"score": 79.0001449584961, "time": 4.04823382399627}, "val_accuracy": 41.24}, {"idx": "187", "arch": "(((1, 5), (0, 5), (2, 0), (0, 2), (0, 0), (2, 1), (4, 5), (3, 0)), ((1, 4), (0, 6), (2, 5), (0, 2), (2, 3), (3, 0), (2, 1), (1, 6)))", "snip": {"score": 85.74175262451172, "time": 3.4918987629935145}, "val_accuracy": 43.94}, {"idx": "188", "arch": "(((0, 4), (1, 4), (0, 2), (2, 1), (3, 6), (1, 3), (2, 6), (4, 3)), ((0, 2), (1, 5), (1, 4), (0, 2), (1, 1), (2, 6), (4, 3), (2, 4)))", "snip": {"score": 123.16036987304688, "time": 5.741787734004902}, "val_accuracy": 45.28}, {"idx": "189", "arch": "(((0, 1), (1, 6), (1, 0), (2, 6), (1, 3), (0, 2), (2, 6), (1, 1)), ((1, 2), (0, 4), (2, 5), (0, 0), (2, 4), (1, 5), (0, 3), (1, 2)))", "snip": {"score": 85.48274230957031, "time": 4.1890843900037}, "val_accuracy": 47.22}, {"idx": "190", "arch": "(((0, 0), (1, 0), (0, 4), (1, 6), (1, 2), (3, 4), (4, 1), (1, 5)), ((1, 3), (0, 5), (2, 5), (0, 6), (3, 6), (1, 3), (0, 2), (1, 1)))", "snip": {"score": 106.85284423828125, "time": 4.483757770998636}, "val_accuracy": 44.38}, {"idx": "191", "arch": "(((0, 4), (1, 1), (2, 4), (0, 1), (1, 0), (2, 6), (2, 3), (3, 4)), ((0, 6), (1, 3), (1, 6), (0, 0), (1, 4), (0, 0), (4, 4), (2, 5)))", "snip": {"score": 126.70626831054688, "time": 5.9122476969787385}, "val_accuracy": 46.93}, {"idx": "192", "arch": "(((1, 1), (0, 3), (1, 6), (2, 4), (3, 5), (1, 0), (1, 0), (0, 1)), ((1, 2), (0, 4), (1, 1), (0, 1), (3, 2), (2, 3), (3, 2), (0, 1)))", "snip": {"score": 86.57403564453125, "time": 4.1222125079948455}, "val_accuracy": 48.01}, {"idx": "193", "arch": "(((1, 4), (0, 3), (0, 0), (2, 3), (1, 4), (3, 1), (0, 2), (1, 4)), ((1, 5), (0, 3), (2, 3), (0, 1), (3, 4), (1, 1), (3, 0), (2, 4)))", "snip": {"score": 154.9900665283203, "time": 5.4392873420147225}, "val_accuracy": 45.89}, {"idx": "194", "arch": "(((0, 5), (1, 4), (0, 4), (1, 0), (1, 1), (2, 5), (1, 5), (3, 6)), ((1, 3), (0, 5), (0, 5), (2, 2), (0, 1), (1, 0), (1, 4), (4, 1)))", "snip": {"score": 100.72210693359375, "time": 4.50010880100308}, "val_accuracy": 46.55}, {"idx": "195", "arch": "(((1, 5), (0, 6), (0, 5), (1, 4), (3, 3), (1, 4), (2, 1), (4, 6)), ((1, 0), (0, 1), (1, 4), (2, 3), (1, 4), (0, 6), (3, 2), (0, 4)))", "snip": {"score": 140.41244506835938, "time": 5.926181762013584}, "val_accuracy": 45.09}, {"idx": "196", "arch": "(((1, 0), (0, 1), (2, 6), (1, 3), (2, 4), (3, 1), (1, 3), (4, 0)), ((0, 6), (1, 1), (1, 5), (0, 6), (2, 0), (0, 2), (1, 5), (0, 2)))", "snip": {"score": 121.6456298828125, "time": 5.3257783179869875}, "val_accuracy": 49.48}, {"idx": "197", "arch": "(((0, 2), (1, 0), (1, 4), (2, 4), (0, 6), (2, 2), (0, 2), (1, 1)), ((1, 6), (0, 2), (1, 5), (0, 6), (2, 2), (1, 6), (4, 4), (1, 2)))", "snip": {"score": 75.25848388671875, "time": 3.8236433290003333}, "val_accuracy": 45.68}, {"idx": "198", "arch": "(((0, 4), (1, 0), (0, 2), (1, 1), (3, 2), (0, 4), (3, 2), (0, 1)), ((0, 0), (1, 1), (1, 6), (0, 3), (2, 2), (1, 2), (1, 6), (3, 6)))", "snip": {"score": 71.78746032714844, "time": 3.463040001981426}, "val_accuracy": 46.49}]