[{"idx": "0", "arch": "(0, 3, 1, 0, 2, 3)", "l2_norm": {"score": 166.4534149169922, "time": 0.04374008398735896}, "val_accuracy": 32.12}, {"idx": "1", "arch": "(3, 2, 1, 2, 3, 0)", "l2_norm": {"score": 188.80271911621094, "time": 0.13614814402535558}, "val_accuracy": 32.4}, {"idx": "2", "arch": "(2, 3, 1, 2, 1, 2)", "l2_norm": {"score": 188.81378173828125, "time": 0.04362126099294983}, "val_accuracy": 35.38}, {"idx": "3", "arch": "(3, 1, 0, 2, 3, 3)", "l2_norm": {"score": 210.9958038330078, "time": 0.1325152730278205}, "val_accuracy": 31.49}, {"idx": "4", "arch": "(1, 3, 1, 3, 0, 0)", "l2_norm": {"score": 99.71786499023438, "time": 0.03173325501848012}, "val_accuracy": 27.08}, {"idx": "5", "arch": "(3, 1, 3, 2, 2, 1)", "l2_norm": {"score": 188.82235717773438, "time": 0.042665468994528055}, "val_accuracy": 33.09}, {"idx": "6", "arch": "(2, 3, 0, 3, 0, 0)", "l2_norm": {"score": 166.54454040527344, "time": 0.03291959300986491}, "val_accuracy": 29.4}, {"idx": "7", "arch": "(2, 0, 3, 1, 0, 2)", "l2_norm": {"score": 166.6191864013672, "time": 0.03666376898763701}, "val_accuracy": 33.14}, {"idx": "8", "arch": "(1, 3, 3, 2, 0, 2)", "l2_norm": {"score": 188.7904815673828, "time": 0.14748176600551233}, "val_accuracy": 31.86}, {"idx": "9", "arch": "(3, 3, 3, 2, 3, 2)", "l2_norm": {"score": 277.9429931640625, "time": 0.035516078991349787}, "val_accuracy": 32.85}, {"idx": "10", "arch": "(1, 0, 3, 1, 0, 3)", "l2_norm": {"score": 121.99176788330078, "time": 0.12464116400224157}, "val_accuracy": 25.44}, {"idx": "11", "arch": "(2, 3, 3, 3, 0, 1)", "l2_norm": {"score": 188.8714141845703, "time": 0.03312879300210625}, "val_accuracy": 32.07}, {"idx": "12", "arch": "(0, 3, 2, 2, 1, 2)", "l2_norm": {"score": 211.0867462158203, "time": 0.12043607298983261}, "val_accuracy": 36.64}, {"idx": "13", "arch": "(3, 1, 2, 1, 3, 1)", "l2_norm": {"score": 144.19952392578125, "time": 0.03242837899597362}, "val_accuracy": 31.84}, {"idx": "14", "arch": "(0, 2, 3, 2, 1, 0)", "l2_norm": {"score": 166.4739227294922, "time": 0.12081495899474248}, "val_accuracy": 33.35}, {"idx": "15", "arch": "(2, 3, 1, 2, 3, 0)", "l2_norm": {"score": 188.75650024414062, "time": 0.03399828900001012}, "val_accuracy": 35.49}, {"idx": "16", "arch": "(0, 0, 2, 1, 3, 3)", "l2_norm": {"score": 188.8323516845703, "time": 0.12083121898467652}, "val_accuracy": 30.84}, {"idx": "17", "arch": "(0, 2, 3, 0, 1, 3)", "l2_norm": {"score": 166.43833923339844, "time": 0.032538011990254745}, "val_accuracy": 31.92}, {"idx": "18", "arch": "(3, 2, 3, 3, 0, 2)", "l2_norm": {"score": 233.5192413330078, "time": 0.12478096602717414}, "val_accuracy": 33.63}, {"idx": "19", "arch": "(3, 1, 2, 3, 3, 3)", "l2_norm": {"score": 233.4544219970703, "time": 0.03465537799638696}, "val_accuracy": 31.5}, {"idx": "20", "arch": "(1, 1, 0, 3, 0, 1)", "l2_norm": {"score": 77.374755859375, "time": 0.03306585902464576}, "val_accuracy": 23.94}, {"idx": "21", "arch": "(0, 1, 2, 1, 2, 1)", "l2_norm": {"score": 121.91224670410156, "time": 0.03317167700151913}, "val_accuracy": 33.93}, {"idx": "22", "arch": "(0, 3, 3, 1, 3, 1)", "l2_norm": {"score": 166.3936004638672, "time": 0.03552206201129593}, "val_accuracy": 25.12}, {"idx": "23", "arch": "(2, 0, 3, 2, 2, 0)", "l2_norm": {"score": 211.22244262695312, "time": 0.03612636899924837}, "val_accuracy": 33.93}, {"idx": "24", "arch": "(1, 0, 3, 1, 2, 0)", "l2_norm": {"score": 122.03581237792969, "time": 0.03238175198202953}, "val_accuracy": 27.5}, {"idx": "25", "arch": "(0, 2, 2, 0, 0, 1)", "l2_norm": {"score": 121.91342163085938, "time": 0.12684295699000359}, "val_accuracy": 27.53}, {"idx": "26", "arch": "(3, 0, 0, 1, 2, 3)", "l2_norm": {"score": 188.87977600097656, "time": 0.034590480994665995}, "val_accuracy": 30.43}, {"idx": "27", "arch": "(2, 0, 1, 0, 3, 1)", "l2_norm": {"score": 121.99678802490234, "time": 0.11991547100478783}, "val_accuracy": 32.73}, {"idx": "28", "arch": "(1, 2, 1, 2, 2, 2)", "l2_norm": {"score": 188.85845947265625, "time": 0.03617225997732021}, "val_accuracy": 35.5}, {"idx": "29", "arch": "(1, 2, 1, 2, 0, 3)", "l2_norm": {"score": 144.2128143310547, "time": 0.12206329900072888}, "val_accuracy": 32.16}, {"idx": "30", "arch": "(1, 2, 3, 1, 1, 1)", "l2_norm": {"score": 99.61713409423828, "time": 0.031796813011169434}, "val_accuracy": 26.6}, {"idx": "31", "arch": "(1, 2, 2, 1, 2, 1)", "l2_norm": {"score": 144.26148986816406, "time": 0.12446531199384481}, "val_accuracy": 31.47}, {"idx": "32", "arch": "(0, 0, 0, 3, 3, 2)", "l2_norm": {"score": 211.1991424560547, "time": 0.03312634598114528}, "val_accuracy": 30.65}, {"idx": "33", "arch": "(0, 1, 0, 1, 3, 0)", "l2_norm": {"score": 99.4853744506836, "time": 0.12316431899671443}, "val_accuracy": 27.11}, {"idx": "34", "arch": "(1, 0, 1, 3, 1, 3)", "l2_norm": {"score": 122.11894226074219, "time": 0.032241775013972074}, "val_accuracy": 26.79}, {"idx": "35", "arch": "(0, 0, 3, 1, 2, 0)", "l2_norm": {"score": 144.29440307617188, "time": 0.12723685600212775}, "val_accuracy": 29.31}, {"idx": "36", "arch": "(3, 2, 0, 1, 3, 2)", "l2_norm": {"score": 211.04441833496094, "time": 0.03832021899870597}, "val_accuracy": 31.64}, {"idx": "37", "arch": "(3, 3, 2, 1, 1, 2)", "l2_norm": {"score": 188.8381805419922, "time": 0.041669947997434065}, "val_accuracy": 34.19}, {"idx": "38", "arch": "(0, 3, 1, 1, 3, 3)", "l2_norm": {"score": 166.39109802246094, "time": 0.033787992026191205}, "val_accuracy": 25.68}, {"idx": "39", "arch": "(2, 1, 3, 3, 0, 0)", "l2_norm": {"score": 144.29002380371094, "time": 0.03872615401633084}, "val_accuracy": 32.24}, {"idx": "40", "arch": "(2, 3, 2, 1, 3, 0)", "l2_norm": {"score": 188.76112365722656, "time": 0.131507871003123}, "val_accuracy": 33.24}, {"idx": "41", "arch": "(1, 3, 3, 0, 2, 2)", "l2_norm": {"score": 188.7989501953125, "time": 0.03494876399054192}, "val_accuracy": 31.87}, {"idx": "42", "arch": "(3, 2, 2, 2, 3, 3)", "l2_norm": {"score": 277.9681396484375, "time": 0.12277211298351176}, "val_accuracy": 34.16}, {"idx": "43", "arch": "(1, 0, 1, 3, 3, 3)", "l2_norm": {"score": 166.6632537841797, "time": 0.032319086021743715}, "val_accuracy": 27.81}, {"idx": "44", "arch": "(1, 2, 2, 0, 1, 2)", "l2_norm": {"score": 144.2564239501953, "time": 0.1198352689971216}, "val_accuracy": 36.58}, {"idx": "45", "arch": "(3, 2, 2, 0, 3, 2)", "l2_norm": {"score": 233.40895080566406, "time": 0.03514181598438881}, "val_accuracy": 33.88}, {"idx": "46", "arch": "(1, 2, 0, 2, 1, 2)", "l2_norm": {"score": 166.49008178710938, "time": 0.12147909100167453}, "val_accuracy": 32.23}, {"idx": "47", "arch": "(2, 0, 0, 3, 3, 3)", "l2_norm": {"score": 233.49000549316406, "time": 0.03475595900090411}, "val_accuracy": 29.83}, {"idx": "48", "arch": "(1, 2, 3, 1, 0, 2)", "l2_norm": {"score": 144.21873474121094, "time": 0.12234248698223382}, "val_accuracy": 36.05}, {"idx": "49", "arch": "(2, 0, 3, 1, 2, 1)", "l2_norm": {"score": 166.62423706054688, "time": 0.03346512600546703}, "val_accuracy": 35.48}, {"idx": "50", "arch": "(1, 0, 2, 0, 0, 3)", "l2_norm": {"score": 122.02945709228516, "time": 0.12293875199975446}, "val_accuracy": 31.35}, {"idx": "51", "arch": "(2, 3, 1, 1, 2, 0)", "l2_norm": {"score": 144.22064208984375, "time": 0.03296462699654512}, "val_accuracy": 35.29}, {"idx": "52", "arch": "(3, 0, 2, 3, 2, 2)", "l2_norm": {"score": 255.97561645507812, "time": 0.03911538200918585}, "val_accuracy": 35.91}, {"idx": "53", "arch": "(0, 1, 1, 0, 0, 0)", "l2_norm": {"score": 32.70277786254883, "time": 0.030587112996727228}, "val_accuracy": 23.74}, {"idx": "54", "arch": "(2, 1, 1, 0, 1, 0)", "l2_norm": {"score": 55.03260803222656, "time": 0.03458915598457679}, "val_accuracy": 31.6}, {"idx": "55", "arch": "(2, 1, 1, 1, 2, 2)", "l2_norm": {"score": 144.24085998535156, "time": 0.03507574999821372}, "val_accuracy": 34.89}, {"idx": "56", "arch": "(2, 3, 2, 2, 3, 3)", "l2_norm": {"score": 277.9219055175781, "time": 0.03626203301246278}, "val_accuracy": 37.22}, {"idx": "57", "arch": "(3, 2, 0, 3, 1, 1)", "l2_norm": {"score": 166.5907745361328, "time": 0.12628531397785991}, "val_accuracy": 23.58}, {"idx": "58", "arch": "(0, 0, 0, 0, 1, 1)", "l2_norm": {"score": 77.36092376708984, "time": 0.030764322000322863}, "val_accuracy": 24.33}, {"idx": "59", "arch": "(2, 3, 0, 0, 0, 2)", "l2_norm": {"score": 166.45387268066406, "time": 0.12256297099520452}, "val_accuracy": 30.71}, {"idx": "60", "arch": "(2, 1, 3, 0, 1, 3)", "l2_norm": {"score": 144.1603240966797, "time": 0.033207176020368934}, "val_accuracy": 33.71}, {"idx": "61", "arch": "(1, 3, 0, 2, 1, 1)", "l2_norm": {"score": 121.86204528808594, "time": 0.1207594340085052}, "val_accuracy": 23.71}, {"idx": "62", "arch": "(0, 3, 3, 1, 3, 2)", "l2_norm": {"score": 210.99522399902344, "time": 0.03376038500573486}, "val_accuracy": 32.45}, {"idx": "63", "arch": "(1, 3, 1, 1, 3, 3)", "l2_norm": {"score": 144.1324920654297, "time": 0.12233524597832002}, "val_accuracy": 25.93}, {"idx": "64", "arch": "(2, 2, 2, 2, 2, 1)", "l2_norm": {"score": 233.4480743408203, "time": 0.0363665460026823}, "val_accuracy": 36.42}, {"idx": "65", "arch": "(2, 0, 1, 3, 0, 0)", "l2_norm": {"score": 122.1447525024414, "time": 0.12214718697941862}, "val_accuracy": 29.02}, {"idx": "66", "arch": "(3, 1, 1, 0, 3, 2)", "l2_norm": {"score": 144.1983184814453, "time": 0.033253142988542095}, "val_accuracy": 32.72}, {"idx": "67", "arch": "(1, 0, 0, 1, 2, 0)", "l2_norm": {"score": 99.708984375, "time": 0.12285691799479537}, "val_accuracy": 24.28}, {"idx": "68", "arch": "(2, 1, 2, 2, 0, 2)", "l2_norm": {"score": 188.835205078125, "time": 0.0340409729979001}, "val_accuracy": 37.53}, {"idx": "69", "arch": "(0, 0, 3, 3, 2, 1)", "l2_norm": {"score": 188.98672485351562, "time": 0.03678599701379426}, "val_accuracy": 33.08}, {"idx": "70", "arch": "(2, 0, 1, 3, 2, 1)", "l2_norm": {"score": 166.75140380859375, "time": 0.03354590298840776}, "val_accuracy": 34.6}, {"idx": "71", "arch": "(2, 1, 2, 3, 3, 1)", "l2_norm": {"score": 188.8720245361328, "time": 0.035777459997916594}, "val_accuracy": 34.3}, {"idx": "72", "arch": "(2, 2, 1, 3, 2, 2)", "l2_norm": {"score": 233.54098510742188, "time": 0.13131469397922046}, "val_accuracy": 36.66}, {"idx": "73", "arch": "(3, 3, 0, 2, 0, 2)", "l2_norm": {"score": 211.07183837890625, "time": 0.034752427018247545}, "val_accuracy": 30.58}, {"idx": "74", "arch": "(1, 1, 2, 2, 3, 3)", "l2_norm": {"score": 188.75209045410156, "time": 0.11978215901763178}, "val_accuracy": 30.58}, {"idx": "75", "arch": "(0, 3, 0, 2, 0, 1)", "l2_norm": {"score": 144.12062072753906, "time": 0.03242069701082073}, "val_accuracy": 24.05}, {"idx": "76", "arch": "(1, 3, 0, 2, 3, 0)", "l2_norm": {"score": 166.4063720703125, "time": 0.11948358899098821}, "val_accuracy": 27.41}, {"idx": "77", "arch": "(1, 1, 3, 3, 0, 2)", "l2_norm": {"score": 144.30319213867188, "time": 0.032616221986245364}, "val_accuracy": 25.81}, {"idx": "78", "arch": "(2, 2, 0, 3, 3, 1)", "l2_norm": {"score": 211.11534118652344, "time": 0.12115839999751188}, "val_accuracy": 31.21}, {"idx": "79", "arch": "(1, 3, 0, 2, 1, 2)", "l2_norm": {"score": 166.46363830566406, "time": 0.03410797900869511}, "val_accuracy": 30.99}, {"idx": "80", "arch": "(0, 3, 0, 2, 2, 1)", "l2_norm": {"score": 188.727294921875, "time": 0.12176635401556268}, "val_accuracy": 29.94}, {"idx": "81", "arch": "(3, 0, 1, 1, 1, 2)", "l2_norm": {"score": 122.0738525390625, "time": 0.03206053300527856}, "val_accuracy": 33.41}, {"idx": "82", "arch": "(1, 2, 1, 1, 1, 3)", "l2_norm": {"score": 99.61461639404297, "time": 0.122438090009382}, "val_accuracy": 31.97}, {"idx": "83", "arch": "(3, 1, 3, 3, 1, 2)", "l2_norm": {"score": 188.9114227294922, "time": 0.03325488299014978}, "val_accuracy": 32.78}, {"idx": "84", "arch": "(3, 1, 2, 1, 2, 1)", "l2_norm": {"score": 144.26185607910156, "time": 0.03663677899749018}, "val_accuracy": 34.11}, {"idx": "85", "arch": "(0, 2, 1, 1, 0, 3)", "l2_norm": {"score": 121.87320709228516, "time": 0.03278819800470956}, "val_accuracy": 30.81}, {"idx": "86", "arch": "(3, 3, 1, 2, 3, 3)", "l2_norm": {"score": 233.33888244628906, "time": 0.037565350998193026}, "val_accuracy": 33.07}, {"idx": "87", "arch": "(0, 0, 0, 0, 2, 3)", "l2_norm": {"score": 166.53016662597656, "time": 0.03368257399415597}, "val_accuracy": 30.59}, {"idx": "88", "arch": "(3, 3, 0, 3, 0, 1)", "l2_norm": {"score": 166.56434631347656, "time": 0.03251869900850579}, "val_accuracy": 28.16}, {"idx": "89", "arch": "(2, 2, 3, 1, 3, 0)", "l2_norm": {"score": 188.74989318847656, "time": 0.12812183200730942}, "val_accuracy": 34.41}, {"idx": "90", "arch": "(0, 3, 2, 2, 2, 3)", "l2_norm": {"score": 255.65440368652344, "time": 0.03484824797487818}, "val_accuracy": 34.47}, {"idx": "91", "arch": "(1, 0, 3, 0, 2, 2)", "l2_norm": {"score": 166.63742065429688, "time": 0.12157568498514593}, "val_accuracy": 32.28}, {"idx": "92", "arch": "(2, 3, 3, 1, 0, 0)", "l2_norm": {"score": 144.17909240722656, "time": 0.03325901099015027}, "val_accuracy": 30.09}, {"idx": "93", "arch": "(2, 1, 1, 1, 0, 3)", "l2_norm": {"score": 99.59520721435547, "time": 0.1206459469976835}, "val_accuracy": 30.91}, {"idx": "94", "arch": "(2, 3, 0, 3, 1, 1)", "l2_norm": {"score": 166.54454040527344, "time": 0.03259468299802393}, "val_accuracy": 23.9}, {"idx": "95", "arch": "(2, 3, 0, 1, 2, 1)", "l2_norm": {"score": 166.45892333984375, "time": 0.12187000300036743}, "val_accuracy": 33.37}, {"idx": "96", "arch": "(2, 1, 3, 2, 2, 1)", "l2_norm": {"score": 188.80255126953125, "time": 0.033916865999344736}, "val_accuracy": 34.9}, {"idx": "97", "arch": "(1, 0, 0, 0, 0, 2)", "l2_norm": {"score": 99.70394134521484, "time": 0.12215054398984648}, "val_accuracy": 29.86}, {"idx": "98", "arch": "(2, 2, 2, 2, 1, 0)", "l2_norm": {"score": 188.8414306640625, "time": 0.035628256999189034}, "val_accuracy": 36.38}, {"idx": "99", "arch": "(2, 2, 3, 2, 3, 2)", "l2_norm": {"score": 277.9496765136719, "time": 0.12819427900831215}, "val_accuracy": 36.41}, {"idx": "100", "arch": "(0, 2, 3, 1, 0, 2)", "l2_norm": {"score": 166.4773406982422, "time": 0.03306457298458554}, "val_accuracy": 32.27}, {"idx": "101", "arch": "(0, 3, 1, 0, 3, 0)", "l2_norm": {"score": 121.82848358154297, "time": 0.0351810340071097}, "val_accuracy": 24.34}, {"idx": "102", "arch": "(2, 1, 1, 1, 1, 2)", "l2_norm": {"score": 99.63421630859375, "time": 0.032601884013274685}, "val_accuracy": 1.0}, {"idx": "103", "arch": "(2, 1, 2, 3, 2, 1)", "l2_norm": {"score": 188.93435668945312, "time": 0.03587130500818603}, "val_accuracy": 35.96}, {"idx": "104", "arch": "(3, 3, 1, 2, 0, 2)", "l2_norm": {"score": 188.83355712890625, "time": 0.12878867099061608}, "val_accuracy": 32.18}, {"idx": "105", "arch": "(3, 3, 0, 0, 3, 3)", "l2_norm": {"score": 210.97898864746094, "time": 0.033727446978446096}, "val_accuracy": 25.48}, {"idx": "106", "arch": "(3, 3, 1, 3, 2, 2)", "l2_norm": {"score": 233.5343017578125, "time": 0.12223471401375718}, "val_accuracy": 33.71}, {"idx": "107", "arch": "(3, 1, 3, 3, 0, 0)", "l2_norm": {"score": 144.30979919433594, "time": 0.03189178500906564}, "val_accuracy": 22.6}, {"idx": "108", "arch": "(3, 2, 0, 3, 2, 2)", "l2_norm": {"score": 255.79904174804688, "time": 0.12060124101117253}, "val_accuracy": 31.68}, {"idx": "109", "arch": "(2, 0, 1, 2, 2, 3)", "l2_norm": {"score": 211.2198944091797, "time": 0.034906081011286005}, "val_accuracy": 33.5}, {"idx": "110", "arch": "(3, 2, 3, 3, 1, 1)", "l2_norm": {"score": 188.9176483154297, "time": 0.12173667398747057}, "val_accuracy": 26.49}, {"idx": "111", "arch": "(3, 3, 2, 1, 2, 2)", "l2_norm": {"score": 233.44482421875, "time": 0.035249276988906786}, "val_accuracy": 34.41}, {"idx": "112", "arch": "(0, 2, 0, 2, 0, 1)", "l2_norm": {"score": 144.14707946777344, "time": 0.12251983399619348}, "val_accuracy": 24.07}, {"idx": "113", "arch": "(0, 0, 3, 3, 2, 0)", "l2_norm": {"score": 188.98672485351562, "time": 0.03367654400062747}, "val_accuracy": 29.93}, {"idx": "114", "arch": "(3, 2, 3, 0, 0, 3)", "l2_norm": {"score": 188.78794860839844, "time": 0.12375278500257991}, "val_accuracy": 31.38}, {"idx": "115", "arch": "(3, 1, 2, 3, 3, 1)", "l2_norm": {"score": 188.8917999267578, "time": 0.033367538009770215}, "val_accuracy": 31.82}, {"idx": "116", "arch": "(0, 1, 2, 0, 1, 1)", "l2_norm": {"score": 77.30559539794922, "time": 0.03462946799118072}, "val_accuracy": 31.46}, {"idx": "117", "arch": "(3, 2, 0, 1, 2, 0)", "l2_norm": {"score": 166.50514221191406, "time": 0.034307745983824134}, "val_accuracy": 30.15}, {"idx": "118", "arch": "(0, 0, 3, 3, 3, 3)", "l2_norm": {"score": 233.4869842529297, "time": 0.03690013801679015}, "val_accuracy": 26.02}, {"idx": "119", "arch": "(3, 3, 0, 0, 3, 1)", "l2_norm": {"score": 166.4163818359375, "time": 0.03319655600353144}, "val_accuracy": 25.1}, {"idx": "120", "arch": "(1, 3, 0, 0, 3, 1)", "l2_norm": {"score": 121.80817413330078, "time": 0.031539799994789064}, "val_accuracy": 25.24}, {"idx": "121", "arch": "(0, 1, 2, 3, 0, 1)", "l2_norm": {"score": 121.99788665771484, "time": 0.12424263000139035}, "val_accuracy": 27.19}, {"idx": "122", "arch": "(0, 2, 2, 3, 1, 2)", "l2_norm": {"score": 211.20729064941406, "time": 0.03498931499780156}, "val_accuracy": 36.44}, {"idx": "123", "arch": "(3, 0, 0, 0, 2, 2)", "l2_norm": {"score": 188.91879272460938, "time": 0.12186237500282004}, "val_accuracy": 30.99}, {"idx": "124", "arch": "(2, 2, 2, 2, 0, 0)", "l2_norm": {"score": 188.8414306640625, "time": 0.03548085197689943}, "val_accuracy": 35.53}, {"idx": "125", "arch": "(0, 2, 3, 2, 2, 1)", "l2_norm": {"score": 211.08056640625, "time": 0.12449392600683495}, "val_accuracy": 32.19}, {"idx": "126", "arch": "(3, 0, 1, 2, 3, 3)", "l2_norm": {"score": 211.17738342285156, "time": 0.03419372299686074}, "val_accuracy": 32.21}, {"idx": "127", "arch": "(1, 0, 3, 1, 3, 2)", "l2_norm": {"score": 166.57508850097656, "time": 0.12219647600431927}, "val_accuracy": 32.79}, {"idx": "128", "arch": "(0, 3, 0, 2, 1, 0)", "l2_norm": {"score": 144.12062072753906, "time": 0.032586429006187245}, "val_accuracy": 30.02}, {"idx": "129", "arch": "(2, 0, 2, 1, 2, 0)", "l2_norm": {"score": 166.66192626953125, "time": 0.12388534998171963}, "val_accuracy": 32.65}, {"idx": "130", "arch": "(3, 3, 3, 3, 0, 0)", "l2_norm": {"score": 188.8911895751953, "time": 0.03360257699387148}, "val_accuracy": 21.42}, {"idx": "131", "arch": "(3, 1, 2, 3, 0, 0)", "l2_norm": {"score": 144.3474884033203, "time": 0.12418014399008825}, "val_accuracy": 30.93}, {"idx": "132", "arch": "(2, 3, 1, 3, 2, 3)", "l2_norm": {"score": 233.4755401611328, "time": 0.03506136598298326}, "val_accuracy": 34.69}, {"idx": "133", "arch": "(3, 2, 0, 1, 2, 3)", "l2_norm": {"score": 211.06773376464844, "time": 0.037937329994747415}, "val_accuracy": 29.8}, {"idx": "134", "arch": "(1, 2, 2, 1, 3, 1)", "l2_norm": {"score": 144.19915771484375, "time": 0.032762210990767926}, "val_accuracy": 30.33}, {"idx": "135", "arch": "(1, 3, 1, 0, 1, 0)", "l2_norm": {"score": 55.025577545166016, "time": 0.03273342500324361}, "val_accuracy": 26.57}, {"idx": "136", "arch": "(2, 2, 1, 3, 0, 3)", "l2_norm": {"score": 188.8953094482422, "time": 0.12885698801255785}, "val_accuracy": 34.25}, {"idx": "137", "arch": "(2, 2, 2, 0, 0, 3)", "l2_norm": {"score": 188.8058319091797, "time": 0.0348011470050551}, "val_accuracy": 33.85}, {"idx": "138", "arch": "(1, 1, 2, 3, 2, 3)", "l2_norm": {"score": 188.9085235595703, "time": 0.12059027201030403}, "val_accuracy": 31.84}, {"idx": "139", "arch": "(1, 0, 1, 3, 2, 0)", "l2_norm": {"score": 122.16299438476562, "time": 0.032201212976360694}, "val_accuracy": 24.59}, {"idx": "140", "arch": "(2, 1, 3, 3, 3, 2)", "l2_norm": {"score": 233.4359588623047, "time": 0.12253513501491398}, "val_accuracy": 36.23}, {"idx": "141", "arch": "(0, 1, 2, 1, 0, 0)", "l2_norm": {"score": 77.30559539794922, "time": 0.031148730020504445}, "val_accuracy": 27.99}, {"idx": "142", "arch": "(0, 0, 3, 1, 0, 0)", "l2_norm": {"score": 99.6877670288086, "time": 0.11897914201836102}, "val_accuracy": 26.97}, {"idx": "143", "arch": "(3, 0, 0, 0, 3, 1)", "l2_norm": {"score": 144.25485229492188, "time": 0.03221673899679445}, "val_accuracy": 25.59}, {"idx": "144", "arch": "(1, 2, 3, 0, 1, 1)", "l2_norm": {"score": 99.61713409423828, "time": 0.12133246898883954}, "val_accuracy": 26.7}, {"idx": "145", "arch": "(2, 1, 1, 3, 3, 2)", "l2_norm": {"score": 188.87083435058594, "time": 0.03414677799446508}, "val_accuracy": 35.84}, {"idx": "146", "arch": "(1, 2, 1, 3, 0, 3)", "l2_norm": {"score": 144.30690002441406, "time": 0.12326302801375277}, "val_accuracy": 32.59}, {"idx": "147", "arch": "(0, 0, 2, 3, 1, 1)", "l2_norm": {"score": 144.41773986816406, "time": 0.032540738000534475}, "val_accuracy": 31.36}, {"idx": "148", "arch": "(1, 2, 3, 3, 2, 3)", "l2_norm": {"score": 233.4786834716797, "time": 0.03811823998694308}, "val_accuracy": 33.13}, {"idx": "149", "arch": "(3, 0, 3, 1, 2, 1)", "l2_norm": {"score": 166.64401245117188, "time": 0.033908721001353115}, "val_accuracy": 32.33}, {"idx": "150", "arch": "(3, 0, 0, 2, 3, 1)", "l2_norm": {"score": 188.85304260253906, "time": 0.03649190900614485}, "val_accuracy": 25.28}, {"idx": "151", "arch": "(1, 2, 3, 0, 1, 2)", "l2_norm": {"score": 144.21873474121094, "time": 0.034095690003596246}, "val_accuracy": 35.38}, {"idx": "152", "arch": "(2, 3, 1, 3, 1, 3)", "l2_norm": {"score": 188.86888122558594, "time": 0.03307529998710379}, "val_accuracy": 31.6}, {"idx": "153", "arch": "(1, 3, 0, 1, 2, 0)", "l2_norm": {"score": 121.87049865722656, "time": 0.1252178190043196}, "val_accuracy": 27.46}, {"idx": "154", "arch": "(3, 0, 2, 0, 2, 2)", "l2_norm": {"score": 211.28329467773438, "time": 0.03449028902105056}, "val_accuracy": 35.19}, {"idx": "155", "arch": "(1, 1, 2, 3, 3, 3)", "l2_norm": {"score": 188.84620666503906, "time": 0.12249768199399114}, "val_accuracy": 30.66}, {"idx": "156", "arch": "(3, 2, 1, 3, 1, 2)", "l2_norm": {"score": 188.95411682128906, "time": 0.034120811003958806}, "val_accuracy": 35.34}, {"idx": "157", "arch": "(2, 0, 0, 1, 3, 3)", "l2_norm": {"score": 188.7976837158203, "time": 0.12231567202252336}, "val_accuracy": 29.99}, {"idx": "158", "arch": "(2, 1, 0, 3, 0, 1)", "l2_norm": {"score": 121.9631576538086, "time": 0.032131354993907735}, "val_accuracy": 27.95}, {"idx": "159", "arch": "(1, 3, 0, 0, 0, 0)", "l2_norm": {"score": 77.26385498046875, "time": 0.12003925500903279}, "val_accuracy": 28.15}, {"idx": "160", "arch": "(0, 0, 3, 1, 1, 2)", "l2_norm": {"score": 144.2893524169922, "time": 0.032447386998683214}, "val_accuracy": 32.42}, {"idx": "161", "arch": "(3, 2, 2, 3, 2, 0)", "l2_norm": {"score": 233.56195068359375, "time": 0.12574056300218217}, "val_accuracy": 34.24}, {"idx": "162", "arch": "(1, 0, 2, 2, 0, 2)", "l2_norm": {"score": 166.66664123535156, "time": 0.03412337199551985}, "val_accuracy": 33.69}, {"idx": "163", "arch": "(2, 1, 3, 0, 2, 1)", "l2_norm": {"score": 144.20437622070312, "time": 0.12553046399261802}, "val_accuracy": 35.17}, {"idx": "164", "arch": "(3, 3, 3, 3, 0, 1)", "l2_norm": {"score": 188.8911895751953, "time": 0.032965943013550714}, "val_accuracy": 24.85}, {"idx": "165", "arch": "(3, 2, 1, 2, 0, 0)", "l2_norm": {"score": 144.25840759277344, "time": 0.03632013400783762}, "val_accuracy": 31.43}, {"idx": "166", "arch": "(2, 3, 1, 2, 3, 2)", "l2_norm": {"score": 233.35812377929688, "time": 0.03578187801758759}, "val_accuracy": 35.74}, {"idx": "167", "arch": "(2, 0, 3, 3, 0, 0)", "l2_norm": {"score": 166.7098846435547, "time": 0.034915218013338745}, "val_accuracy": 29.79}, {"idx": "168", "arch": "(3, 2, 3, 0, 2, 0)", "l2_norm": {"score": 188.83200073242188, "time": 0.12828210400766693}, "val_accuracy": 32.98}, {"idx": "169", "arch": "(3, 0, 0, 0, 0, 3)", "l2_norm": {"score": 144.2731475830078, "time": 0.0325863030157052}, "val_accuracy": 25.29}, {"idx": "170", "arch": "(2, 1, 0, 1, 2, 0)", "l2_norm": {"score": 121.87753295898438, "time": 0.11907593300566077}, "val_accuracy": 32.94}, {"idx": "171", "arch": "(1, 1, 0, 2, 0, 0)", "l2_norm": {"score": 77.28065490722656, "time": 0.03140495598199777}, "val_accuracy": 24.91}, {"idx": "172", "arch": "(1, 3, 0, 3, 1, 0)", "l2_norm": {"score": 121.95613861083984, "time": 0.11789763602428138}, "val_accuracy": 27.89}, {"idx": "173", "arch": "(0, 0, 0, 0, 3, 0)", "l2_norm": {"score": 121.90523529052734, "time": 0.031406183989020064}, "val_accuracy": 25.57}, {"idx": "174", "arch": "(1, 0, 3, 0, 2, 3)", "l2_norm": {"score": 166.59840393066406, "time": 0.12120046801283024}, "val_accuracy": 24.84}, {"idx": "175", "arch": "(2, 3, 0, 2, 2, 3)", "l2_norm": {"score": 255.6197052001953, "time": 0.035631453996757045}, "val_accuracy": 33.51}, {"idx": "176", "arch": "(3, 2, 2, 2, 0, 2)", "l2_norm": {"score": 233.4628143310547, "time": 0.12619671897846274}, "val_accuracy": 36.52}, {"idx": "177", "arch": "(3, 0, 0, 3, 0, 0)", "l2_norm": {"score": 144.40281677246094, "time": 0.031933214981108904}, "val_accuracy": 23.95}, {"idx": "178", "arch": "(3, 0, 1, 3, 3, 0)", "l2_norm": {"score": 166.70887756347656, "time": 0.1239574039936997}, "val_accuracy": 24.74}, {"idx": "179", "arch": "(2, 2, 3, 1, 1, 0)", "l2_norm": {"score": 144.20555114746094, "time": 0.03476472801412456}, "val_accuracy": 30.53}, {"idx": "180", "arch": "(2, 0, 1, 1, 3, 3)", "l2_norm": {"score": 166.5594024658203, "time": 0.03628859200398438}, "val_accuracy": 32.77}, {"idx": "181", "arch": "(3, 2, 3, 1, 2, 2)", "l2_norm": {"score": 233.43359375, "time": 0.03583311999682337}, "val_accuracy": 34.87}, {"idx": "182", "arch": "(1, 1, 0, 0, 2, 3)", "l2_norm": {"score": 121.8517074584961, "time": 0.03571205498883501}, "val_accuracy": 24.81}, {"idx": "183", "arch": "(1, 0, 2, 1, 2, 2)", "l2_norm": {"score": 166.67510986328125, "time": 0.03437237598700449}, "val_accuracy": 34.4}, {"idx": "184", "arch": "(0, 2, 0, 3, 3, 2)", "l2_norm": {"score": 233.38710021972656, "time": 0.03471022701705806}, "val_accuracy": 30.26}, {"idx": "185", "arch": "(1, 3, 1, 1, 3, 1)", "l2_norm": {"score": 99.56990051269531, "time": 0.12402760802069679}, "val_accuracy": 1.0}, {"idx": "186", "arch": "(2, 0, 2, 0, 2, 2)", "l2_norm": {"score": 211.26351928710938, "time": 0.03464835198246874}, "val_accuracy": 36.63}, {"idx": "187", "arch": "(1, 0, 1, 1, 0, 3)", "l2_norm": {"score": 77.42665100097656, "time": 0.121712929016212}, "val_accuracy": 27.8}, {"idx": "188", "arch": "(0, 3, 2, 3, 2, 2)", "l2_norm": {"score": 255.78750610351562, "time": 0.03651915298542008}, "val_accuracy": 34.93}, {"idx": "189", "arch": "(1, 3, 0, 3, 1, 3)", "l2_norm": {"score": 166.5187530517578, "time": 0.12155988701852039}, "val_accuracy": 24.82}, {"idx": "190", "arch": "(0, 2, 1, 0, 2, 1)", "l2_norm": {"score": 121.91726684570312, "time": 0.03289730998221785}, "val_accuracy": 33.29}, {"idx": "191", "arch": "(0, 3, 1, 0, 3, 3)", "l2_norm": {"score": 166.39109802246094, "time": 0.12208406999707222}, "val_accuracy": 25.91}]