[{"idx": "0", "arch": "(0, 3, 1, 0, 2, 3)", "params": {"score": 2.174162, "time": 0.1257418410095852}, "val_accuracy": 92.86798184847795}, {"idx": "1", "arch": "(3, 2, 1, 2, 3, 0)", "params": {"score": 3.536082, "time": 0.07892786202137358}, "val_accuracy": 91.80576623155423}, {"idx": "2", "arch": "(2, 3, 1, 2, 1, 2)", "params": {"score": 5.108946, "time": 0.08114967599976808}, "val_accuracy": 93.32321699544765}, {"idx": "3", "arch": "(3, 1, 0, 2, 3, 3)", "params": {"score": 2.372818, "time": 0.1518956029904075}, "val_accuracy": 92.86798179059181}, {"idx": "4", "arch": "(1, 3, 1, 3, 0, 0)", "params": {"score": 0.361682, "time": 0.0745062530040741}, "val_accuracy": 85.58421848974388}, {"idx": "5", "arch": "(3, 1, 3, 2, 2, 1)", "params": {"score": 3.863762, "time": 0.07787869099411182}, "val_accuracy": 92.56449157298063}, {"idx": "6", "arch": "(2, 3, 0, 3, 0, 0)", "params": {"score": 1.805522, "time": 0.07047040801262483}, "val_accuracy": 92.71623672230652}, {"idx": "7", "arch": "(2, 0, 3, 1, 0, 2)", "params": {"score": 3.378386, "time": 0.1640972699970007}, "val_accuracy": 91.50227623391042}, {"idx": "8", "arch": "(1, 3, 3, 2, 0, 2)", "params": {"score": 3.863762, "time": 0.07696129998657852}, "val_accuracy": 93.47496206373293}, {"idx": "9", "arch": "(3, 3, 3, 2, 3, 2)", "params": {"score": 4.220114, "time": 0.08395656099310145}, "val_accuracy": 93.01972677783648}, {"idx": "10", "arch": "(1, 0, 3, 1, 0, 3)", "params": {"score": 0.402642, "time": 0.06633238698123023}, "val_accuracy": 91.95751138088012}, {"idx": "11", "arch": "(2, 3, 3, 3, 0, 1)", "params": {"score": 1.922258, "time": 0.07277023201459087}, "val_accuracy": 92.26100143641007}, {"idx": "12", "arch": "(0, 3, 2, 2, 1, 2)", "params": {"score": 5.149906, "time": 0.17747451801551506}, "val_accuracy": 92.8679817095512}, {"idx": "13", "arch": "(3, 1, 2, 1, 3, 1)", "params": {"score": 1.764562, "time": 0.0693453129788395}, "val_accuracy": 93.47496206373293}, {"idx": "14", "arch": "(0, 2, 3, 2, 1, 0)", "params": {"score": 3.378386, "time": 0.07704252901021391}, "val_accuracy": 93.6267070509776}, {"idx": "15", "arch": "(2, 3, 1, 2, 3, 0)", "params": {"score": 3.536082, "time": 0.07772182099870406}, "val_accuracy": 92.86798179059181}, {"idx": "16", "arch": "(0, 0, 2, 1, 3, 3)", "params": {"score": 1.887442, "time": 0.15401020500576124}, "val_accuracy": 92.41274650469535}, {"idx": "17", "arch": "(0, 2, 3, 0, 1, 3)", "params": {"score": 1.805522, "time": 0.07049337701755576}, "val_accuracy": 93.62670713201821}, {"idx": "18", "arch": "(3, 2, 3, 3, 0, 2)", "params": {"score": 3.693778, "time": 0.07917689098394476}, "val_accuracy": 94.0819423947602}, {"idx": "19", "arch": "(3, 1, 2, 3, 3, 3)", "params": {"score": 2.161874, "time": 0.0969513230083976}, "val_accuracy": 93.17147192716237}, {"idx": "20", "arch": "(1, 1, 0, 3, 0, 1)", "params": {"score": 0.244946, "time": 0.061424755986081436}, "val_accuracy": 89.68133535660091}, {"idx": "21", "arch": "(0, 1, 2, 1, 2, 1)", "params": {"score": 3.22069, "time": 0.1579568280139938}, "val_accuracy": 92.26100143641007}, {"idx": "22", "arch": "(0, 3, 3, 1, 3, 1)", "params": {"score": 0.560338, "time": 0.06760298501467332}, "val_accuracy": 91.65402116326895}, {"idx": "23", "arch": "(2, 0, 3, 2, 2, 0)", "params": {"score": 5.149906, "time": 0.08120582200353965}, "val_accuracy": 93.32321691440704}, {"idx": "24", "arch": "(1, 0, 3, 1, 2, 0)", "params": {"score": 1.975506, "time": 0.06729013900621794}, "val_accuracy": 91.80576631259484}, {"idx": "25", "arch": "(0, 2, 2, 0, 0, 1)", "params": {"score": 2.85205, "time": 0.15031925999210216}, "val_accuracy": 93.47496206373293}, {"idx": "26", "arch": "(3, 0, 0, 1, 2, 3)", "params": {"score": 2.215122, "time": 0.07422982598654926}, "val_accuracy": 92.56449165402124}, {"idx": "27", "arch": "(2, 0, 1, 0, 3, 1)", "params": {"score": 1.647826, "time": 0.0670538790000137}, "val_accuracy": 92.56449165402124}, {"idx": "28", "arch": "(1, 2, 1, 2, 2, 2)", "params": {"score": 6.72277, "time": 0.08347295800922439}, "val_accuracy": 90.8952959607693}, {"idx": "29", "arch": "(1, 2, 1, 2, 0, 3)", "params": {"score": 3.378386, "time": 0.07308179402025416}, "val_accuracy": 92.41274650469535}, {"idx": "30", "arch": "(1, 2, 3, 1, 1, 1)", "params": {"score": 1.565906, "time": 0.0655781899986323}, "val_accuracy": 83.7632775892799}, {"idx": "31", "arch": "(1, 2, 2, 1, 2, 1)", "params": {"score": 4.58261, "time": 0.07570266700349748}, "val_accuracy": 91.80576623155423}, {"idx": "32", "arch": "(0, 0, 0, 3, 3, 2)", "params": {"score": 2.297042, "time": 0.07509521098108962}, "val_accuracy": 93.32321699544765}, {"idx": "33", "arch": "(0, 1, 0, 1, 3, 0)", "params": {"score": 0.285906, "time": 0.06173318097717129}, "val_accuracy": 91.04704089012783}, {"idx": "34", "arch": "(1, 0, 1, 3, 1, 3)", "params": {"score": 0.443602, "time": 0.143647617980605}, "val_accuracy": 91.80576631259484}, {"idx": "35", "arch": "(0, 0, 3, 1, 2, 0)", "params": {"score": 2.016466, "time": 0.06879323898465373}, "val_accuracy": 92.41274650469535}, {"idx": "36", "arch": "(3, 2, 0, 1, 3, 2)", "params": {"score": 3.577042, "time": 0.08014803400146775}, "val_accuracy": 93.01972685887709}, {"idx": "37", "arch": "(3, 3, 2, 1, 1, 2)", "params": {"score": 3.495122, "time": 0.07660889800172299}, "val_accuracy": 92.26100143641007}, {"idx": "38", "arch": "(0, 3, 1, 1, 3, 3)", "params": {"score": 0.601298, "time": 0.1471909300016705}, "val_accuracy": 92.56449157298063}, {"idx": "39", "arch": "(2, 1, 3, 3, 0, 0)", "params": {"score": 1.764562, "time": 0.07386945298640057}, "val_accuracy": 92.8679817095512}, {"idx": "40", "arch": "(2, 3, 2, 1, 3, 0)", "params": {"score": 3.167442, "time": 0.08477299500373192}, "val_accuracy": 92.41274664362211}, {"idx": "41", "arch": "(1, 3, 3, 0, 2, 2)", "params": {"score": 3.863762, "time": 0.07735939198755659}, "val_accuracy": 92.26100157533683}, {"idx": "42", "arch": "(3, 2, 2, 2, 3, 3)", "params": {"score": 5.137618, "time": 0.08699082501698285}, "val_accuracy": 93.01972685887709}, {"idx": "43", "arch": "(1, 0, 1, 3, 3, 3)", "params": {"score": 0.642258, "time": 0.06766587001038715}, "val_accuracy": 90.89529582184255}, {"idx": "44", "arch": "(1, 2, 2, 0, 1, 2)", "params": {"score": 4.58261, "time": 0.07506350800395012}, "val_accuracy": 91.65402130219572}, {"idx": "45", "arch": "(3, 2, 2, 0, 3, 2)", "params": {"score": 4.938962, "time": 0.08298323798226193}, "val_accuracy": 92.86798179059181}, {"idx": "46", "arch": "(1, 2, 0, 2, 1, 2)", "params": {"score": 4.99221, "time": 0.07845938199898228}, "val_accuracy": 92.41274664362211}, {"idx": "47", "arch": "(2, 0, 0, 3, 3, 3)", "params": {"score": 2.086098, "time": 0.1546396040066611}, "val_accuracy": 92.86798179059181}, {"idx": "48", "arch": "(1, 2, 3, 1, 0, 2)", "params": {"score": 3.337426, "time": 0.0727006689994596}, "val_accuracy": 92.56449157298063}, {"idx": "49", "arch": "(2, 0, 3, 1, 2, 1)", "params": {"score": 3.378386, "time": 0.07465759600745514}, "val_accuracy": 93.17147192716237}, {"idx": "50", "arch": "(1, 0, 2, 0, 0, 3)", "params": {"score": 1.647826, "time": 0.06680288098868914}, "val_accuracy": 92.71623664126592}, {"idx": "51", "arch": "(2, 3, 1, 1, 2, 0)", "params": {"score": 3.337426, "time": 0.1748476150096394}, "val_accuracy": 93.17147192716237}, {"idx": "52", "arch": "(3, 0, 2, 3, 2, 2)", "params": {"score": 5.348562, "time": 0.08531325001968071}, "val_accuracy": 92.10925636812479}, {"idx": "53", "arch": "(0, 1, 1, 0, 0, 0)", "params": {"score": 0.04629, "time": 0.056127866002498195}, "val_accuracy": 88.61911979756333}, {"idx": "54", "arch": "(2, 1, 1, 0, 1, 0)", "params": {"score": 1.40821, "time": 0.06086218301788904}, "val_accuracy": 92.26100151745068}, {"idx": "55", "arch": "(2, 1, 1, 1, 2, 2)", "params": {"score": 4.95125, "time": 0.07632674000342377}, "val_accuracy": 92.1092564491654}, {"idx": "56", "arch": "(2, 3, 2, 2, 3, 3)", "params": {"score": 5.137618, "time": 0.1642988649837207}, "val_accuracy": 92.71623664126592}, {"idx": "57", "arch": "(3, 2, 0, 3, 1, 1)", "params": {"score": 1.805522, "time": 0.0703293310070876}, "val_accuracy": 88.92261001517451}, {"idx": "58", "arch": "(0, 0, 0, 0, 1, 1)", "params": {"score": 0.12821, "time": 0.059590705001028255}, "val_accuracy": 89.37784522003035}, {"idx": "59", "arch": "(2, 3, 0, 0, 0, 2)", "params": {"score": 3.378386, "time": 0.07688755198614672}, "val_accuracy": 92.8679817095512}, {"idx": "60", "arch": "(2, 1, 3, 0, 1, 3)", "params": {"score": 1.764562, "time": 0.06963742000516504}, "val_accuracy": 92.56449157298063}, {"idx": "61", "arch": "(1, 3, 0, 2, 1, 1)", "params": {"score": 1.975506, "time": 0.06697612701100297}, "val_accuracy": 89.22610015174507}, {"idx": "62", "arch": "(0, 3, 3, 1, 3, 2)", "params": {"score": 2.331858, "time": 0.07464789901860058}, "val_accuracy": 93.32321699544765}, {"idx": "63", "arch": "(1, 3, 1, 1, 3, 3)", "params": {"score": 0.560338, "time": 0.06556682498194277}, "val_accuracy": 83.45978745270934}, {"idx": "64", "arch": "(2, 2, 2, 2, 2, 1)", "params": {"score": 7.75701, "time": 0.16958861800958402}, "val_accuracy": 92.71623672230652}, {"idx": "65", "arch": "(2, 0, 1, 3, 0, 0)", "params": {"score": 1.647826, "time": 0.07135292200837284}, "val_accuracy": 91.95751129983951}, {"idx": "66", "arch": "(3, 1, 1, 0, 3, 2)", "params": {"score": 2.133202, "time": 0.07909191999351606}, "val_accuracy": 93.93019726858877}, {"idx": "67", "arch": "(1, 0, 0, 1, 2, 0)", "params": {"score": 1.85877, "time": 0.06788270801189356}, "val_accuracy": 89.83308042488619}, {"idx": "68", "arch": "(2, 1, 2, 2, 0, 2)", "params": {"score": 6.35413, "time": 0.16963693301659077}, "val_accuracy": 92.71623678019267}, {"idx": "69", "arch": "(0, 0, 3, 3, 2, 1)", "params": {"score": 2.215122, "time": 0.0728701009938959}, "val_accuracy": 92.26100143641007}, {"idx": "70", "arch": "(2, 0, 1, 3, 2, 1)", "params": {"score": 3.419346, "time": 0.07443583299755119}, "val_accuracy": 91.80576631259484}, {"idx": "71", "arch": "(2, 1, 2, 3, 3, 1)", "params": {"score": 3.208402, "time": 0.07557185197947547}, "val_accuracy": 92.26100151745068}, {"idx": "72", "arch": "(2, 2, 1, 3, 2, 2)", "params": {"score": 6.552786, "time": 0.0866083389846608}, "val_accuracy": 91.95751129983951}, {"idx": "73", "arch": "(3, 3, 0, 2, 0, 2)", "params": {"score": 3.904722, "time": 0.1581690669991076}, "val_accuracy": 92.56449157298063}, {"idx": "74", "arch": "(1, 1, 2, 2, 3, 3)", "params": {"score": 3.577042, "time": 0.07601110998075455}, "val_accuracy": 92.71623672230652}, {"idx": "75", "arch": "(0, 3, 0, 2, 0, 1)", "params": {"score": 2.016466, "time": 0.06932427798165008}, "val_accuracy": 88.31562966099277}, {"idx": "76", "arch": "(1, 3, 0, 2, 3, 0)", "params": {"score": 2.174162, "time": 0.07242332099121995}, "val_accuracy": 92.1092564491654}, {"idx": "77", "arch": "(1, 1, 3, 3, 0, 2)", "params": {"score": 2.133202, "time": 0.1521579799882602}, "val_accuracy": 85.73596358118361}, {"idx": "78", "arch": "(2, 2, 0, 3, 3, 1)", "params": {"score": 3.249362, "time": 0.07729385301354341}, "val_accuracy": 93.93019718754816}, {"idx": "79", "arch": "(1, 3, 0, 2, 1, 2)", "params": {"score": 3.747026, "time": 0.07516400402528234}, "val_accuracy": 92.71623664126592}, {"idx": "80", "arch": "(0, 3, 0, 2, 2, 1)", "params": {"score": 3.787986, "time": 0.08014681699569337}, "val_accuracy": 93.01972685887709}, {"idx": "81", "arch": "(3, 0, 1, 1, 1, 2)", "params": {"score": 1.975506, "time": 0.06778637701063417}, "val_accuracy": 92.26100143641007}, {"idx": "82", "arch": "(1, 2, 1, 1, 1, 3)", "params": {"score": 1.606866, "time": 0.16417898298823275}, "val_accuracy": 92.10925636812479}, {"idx": "83", "arch": "(3, 1, 3, 3, 1, 2)", "params": {"score": 2.290898, "time": 0.07303781897644512}, "val_accuracy": 92.56449165402124}, {"idx": "84", "arch": "(3, 1, 2, 1, 2, 1)", "params": {"score": 3.337426, "time": 0.07277716402313672}, "val_accuracy": 92.41274664362211}, {"idx": "85", "arch": "(0, 2, 1, 1, 0, 3)", "params": {"score": 1.647826, "time": 0.066711816994939}, "val_accuracy": 92.71623664126592}, {"idx": "86", "arch": "(3, 3, 1, 2, 3, 3)", "params": {"score": 2.489554, "time": 0.1559963180043269}, "val_accuracy": 91.50227609498367}, {"idx": "87", "arch": "(0, 0, 0, 0, 2, 3)", "params": {"score": 2.098386, "time": 0.07095659902552143}, "val_accuracy": 92.8679817095512}, {"idx": "88", "arch": "(3, 3, 0, 3, 0, 1)", "params": {"score": 0.560338, "time": 0.06755939099821262}, "val_accuracy": 91.95751138088012}, {"idx": "89", "arch": "(2, 2, 3, 1, 3, 0)", "params": {"score": 3.167442, "time": 0.07518782300758176}, "val_accuracy": 93.6267070509776}, {"idx": "90", "arch": "(0, 3, 2, 2, 2, 3)", "params": {"score": 5.348562, "time": 0.08525719601311721}, "val_accuracy": 92.56449157298063}, {"idx": "91", "arch": "(1, 0, 3, 0, 2, 2)", "params": {"score": 3.747026, "time": 0.07537255197530612}, "val_accuracy": 93.01972685887709}, {"idx": "92", "arch": "(2, 3, 3, 1, 0, 0)", "params": {"score": 1.723602, "time": 0.0690229790052399}, "val_accuracy": 91.95751138088012}, {"idx": "93", "arch": "(2, 1, 1, 1, 0, 3)", "params": {"score": 1.606866, "time": 0.06497892501647584}, "val_accuracy": 92.26100143641007}, {"idx": "94", "arch": "(2, 3, 0, 3, 1, 1)", "params": {"score": 1.805522, "time": 0.07282789502642117}, "val_accuracy": 89.37784522003035}, {"idx": "95", "arch": "(2, 3, 0, 1, 2, 1)", "params": {"score": 3.378386, "time": 0.1529720800172072}, "val_accuracy": 93.17147192716237}, {"idx": "96", "arch": "(2, 1, 3, 2, 2, 1)", "params": {"score": 5.108946, "time": 0.07983096898533404}, "val_accuracy": 93.77845225818965}, {"idx": "97", "arch": "(1, 0, 0, 0, 0, 2)", "params": {"score": 1.85877, "time": 0.06559191801352426}, "val_accuracy": 93.01972677783648}, {"idx": "98", "arch": "(2, 2, 2, 2, 1, 0)", "params": {"score": 5.98549, "time": 0.08210164099000394}, "val_accuracy": 92.26100157533683}, {"idx": "99", "arch": "(2, 2, 3, 2, 3, 2)", "params": {"score": 6.710482, "time": 0.19609186600428075}, "val_accuracy": 92.71623678019267}, {"idx": "100", "arch": "(0, 2, 3, 1, 0, 2)", "params": {"score": 3.378386, "time": 0.08019122399855405}, "val_accuracy": 92.26100143641007}, {"idx": "101", "arch": "(0, 3, 1, 0, 3, 0)", "params": {"score": 0.402642, "time": 0.06398181300028227}, "val_accuracy": 92.1092564491654}, {"idx": "102", "arch": "(2, 1, 1, 1, 1, 2)", "params": {"score": 3.17973, "time": 0.06877004698617384}, "val_accuracy": 64.79514414044903}, {"idx": "103", "arch": "(2, 1, 2, 3, 2, 1)", "params": {"score": 4.781266, "time": 0.07910769499721937}, "val_accuracy": 91.65402116326895}, {"idx": "104", "arch": "(3, 3, 1, 2, 0, 2)", "params": {"score": 3.863762, "time": 0.07695370499277487}, "val_accuracy": 92.8679817095512}, {"idx": "105", "arch": "(3, 3, 0, 0, 3, 3)", "params": {"score": 0.758994, "time": 0.07137199598946609}, "val_accuracy": 90.74355083459787}, {"idx": "106", "arch": "(3, 3, 1, 3, 2, 2)", "params": {"score": 4.062418, "time": 0.07921196898678318}, "val_accuracy": 92.71623672230652}, {"idx": "107", "arch": "(3, 1, 3, 3, 0, 0)", "params": {"score": 0.519378, "time": 0.06543826698907651}, "val_accuracy": 85.12898328488802}, {"idx": "108", "arch": "(3, 2, 0, 3, 2, 2)", "params": {"score": 5.348562, "time": 0.16370148400892504}, "val_accuracy": 92.41274650469535}, {"idx": "109", "arch": "(2, 0, 1, 2, 2, 3)", "params": {"score": 5.190866, "time": 0.0822648309986107}, "val_accuracy": 92.10925636812479}, {"idx": "110", "arch": "(3, 2, 3, 3, 1, 1)", "params": {"score": 1.922258, "time": 0.07291596601135097}, "val_accuracy": 84.82549322935807}, {"idx": "111", "arch": "(3, 3, 2, 1, 2, 2)", "params": {"score": 5.266642, "time": 0.08327036601258442}, "val_accuracy": 92.10925650705155}, {"idx": "112", "arch": "(0, 2, 0, 2, 0, 1)", "params": {"score": 3.26165, "time": 0.15215291202184744}, "val_accuracy": 89.6813352755603}, {"idx": "113", "arch": "(0, 0, 3, 3, 2, 0)", "params": {"score": 2.215122, "time": 0.07252761800191365}, "val_accuracy": 93.01972685887709}, {"idx": "114", "arch": "(3, 2, 3, 0, 0, 3)", "params": {"score": 1.922258, "time": 0.07176951298606582}, "val_accuracy": 92.56449165402124}, {"idx": "115", "arch": "(3, 1, 2, 3, 3, 1)", "params": {"score": 1.963218, "time": 0.07171906300936826}, "val_accuracy": 92.1092564491654}, {"idx": "116", "arch": "(0, 1, 2, 0, 1, 1)", "params": {"score": 1.44917, "time": 0.06337548699229956}, "val_accuracy": 93.77845220030349}, {"idx": "117", "arch": "(3, 2, 0, 1, 2, 0)", "params": {"score": 3.378386, "time": 0.07782864000182599}, "val_accuracy": 92.71623678019267}, {"idx": "118", "arch": "(0, 0, 3, 3, 3, 3)", "params": {"score": 0.840914, "time": 0.07227266501286067}, "val_accuracy": 91.95751129983951}, {"idx": "119", "arch": "(3, 3, 0, 0, 3, 1)", "params": {"score": 0.560338, "time": 0.06642220698995516}, "val_accuracy": 91.50227609498367}, {"idx": "120", "arch": "(1, 3, 0, 0, 3, 1)", "params": {"score": 0.402642, "time": 0.06356656999560073}, "val_accuracy": 89.07435508345979}, {"idx": "121", "arch": "(0, 1, 2, 3, 0, 1)", "params": {"score": 1.647826, "time": 0.1657367370207794}, "val_accuracy": 93.17147184612176}, {"idx": "122", "arch": "(0, 2, 2, 3, 1, 2)", "params": {"score": 4.822226, "time": 0.08077683398732916}, "val_accuracy": 92.10925636812479}, {"idx": "123", "arch": "(3, 0, 0, 0, 2, 2)", "params": {"score": 3.787986, "time": 0.07658215699484572}, "val_accuracy": 92.86798179059181}, {"idx": "124", "arch": "(2, 2, 2, 2, 0, 0)", "params": {"score": 5.98549, "time": 0.08187843300402164}, "val_accuracy": 91.35053102669839}, {"idx": "125", "arch": "(0, 2, 3, 2, 2, 1)", "params": {"score": 5.149906, "time": 0.16167446001782082}, "val_accuracy": 92.56449157298063}, {"idx": "126", "arch": "(3, 0, 1, 2, 3, 3)", "params": {"score": 2.372818, "time": 0.07453635698766448}, "val_accuracy": 91.19878603945372}, {"idx": "127", "arch": "(1, 0, 3, 1, 3, 2)", "params": {"score": 2.174162, "time": 0.07092735701007769}, "val_accuracy": 91.95751129983951}, {"idx": "128", "arch": "(0, 3, 0, 2, 1, 0)", "params": {"score": 2.016466, "time": 0.06966065597953275}, "val_accuracy": 93.62670713201821}, {"idx": "129", "arch": "(2, 0, 2, 1, 2, 0)", "params": {"score": 4.62357, "time": 0.07770851897657849}, "val_accuracy": 92.41274658573596}, {"idx": "130", "arch": "(3, 3, 3, 3, 0, 0)", "params": {"score": 0.677074, "time": 0.06910646599135362}, "val_accuracy": 83.45978753374995}, {"idx": "131", "arch": "(3, 1, 2, 3, 0, 0)", "params": {"score": 1.764562, "time": 0.06807946501066908}, "val_accuracy": 92.26100143641007}, {"idx": "132", "arch": "(2, 3, 1, 3, 2, 3)", "params": {"score": 3.734738, "time": 0.08083828998496756}, "val_accuracy": 93.32321705333379}, {"idx": "133", "arch": "(3, 2, 0, 1, 2, 3)", "params": {"score": 3.577042, "time": 0.07814740200410597}, "val_accuracy": 93.17147184612176}, {"idx": "134", "arch": "(1, 2, 2, 1, 3, 1)", "params": {"score": 3.009746, "time": 0.15144337801029906}, "val_accuracy": 93.62670713201821}, {"idx": "135", "arch": "(1, 3, 1, 0, 1, 0)", "params": {"score": 0.163026, "time": 0.05806396799744107}, "val_accuracy": 84.37025802450223}, {"idx": "136", "arch": "(2, 2, 1, 3, 0, 3)", "params": {"score": 3.208402, "time": 0.07504902000073344}, "val_accuracy": 92.8679817095512}, {"idx": "137", "arch": "(2, 2, 2, 0, 0, 3)", "params": {"score": 4.412626, "time": 0.0812114079890307}, "val_accuracy": 91.95751129983951}, {"idx": "138", "arch": "(1, 1, 2, 3, 2, 3)", "params": {"score": 3.577042, "time": 0.1557041899941396}, "val_accuracy": 92.10925636812479}, {"idx": "139", "arch": "(1, 0, 1, 3, 2, 0)", "params": {"score": 2.016466, "time": 0.06793574398034252}, "val_accuracy": 89.37784522003035}, {"idx": "140", "arch": "(2, 1, 3, 3, 3, 2)", "params": {"score": 3.734738, "time": 0.07952632301021367}, "val_accuracy": 92.71623664126592}, {"idx": "141", "arch": "(0, 1, 2, 1, 0, 0)", "params": {"score": 1.44917, "time": 0.06355608001467772}, "val_accuracy": 92.10925636812479}, {"idx": "142", "arch": "(0, 0, 3, 1, 0, 0)", "params": {"score": 0.244946, "time": 0.08255806501256302}, "val_accuracy": 90.28831562974203}, {"idx": "143", "arch": "(3, 0, 0, 0, 3, 1)", "params": {"score": 0.443602, "time": 0.16206516698002815}, "val_accuracy": 91.80576623155423}, {"idx": "144", "arch": "(1, 2, 3, 0, 1, 1)", "params": {"score": 1.565906, "time": 0.06922491700970568}, "val_accuracy": 85.88770870735505}, {"idx": "145", "arch": "(2, 1, 1, 3, 3, 2)", "params": {"score": 3.577042, "time": 0.08071285099140368}, "val_accuracy": 91.50227609498367}, {"idx": "146", "arch": "(1, 2, 1, 3, 0, 3)", "params": {"score": 1.805522, "time": 0.0739302099973429}, "val_accuracy": 91.50227609498367}, {"idx": "147", "arch": "(0, 0, 2, 3, 1, 1)", "params": {"score": 1.688786, "time": 0.1595726210216526}, "val_accuracy": 92.41274650469535}, {"idx": "148", "arch": "(1, 2, 3, 3, 2, 3)", "params": {"score": 3.734738, "time": 0.08458101499127224}, "val_accuracy": 92.86798176743734}, {"idx": "149", "arch": "(3, 0, 3, 1, 2, 1)", "params": {"score": 2.133202, "time": 0.07581564399879426}, "val_accuracy": 92.56449165402124}, {"idx": "150", "arch": "(3, 0, 0, 2, 3, 1)", "params": {"score": 2.215122, "time": 0.07526947700534947}, "val_accuracy": 92.26100151745068}, {"idx": "151", "arch": "(1, 2, 3, 0, 1, 2)", "params": {"score": 3.337426, "time": 0.07636748300865293}, "val_accuracy": 92.41274650469535}, {"idx": "152", "arch": "(2, 3, 1, 3, 1, 3)", "params": {"score": 1.963218, "time": 0.15382532399962656}, "val_accuracy": 92.26100151745068}, {"idx": "153", "arch": "(1, 3, 0, 1, 2, 0)", "params": {"score": 1.975506, "time": 0.0719533959927503}, "val_accuracy": 91.80576631259484}, {"idx": "154", "arch": "(3, 0, 2, 0, 2, 2)", "params": {"score": 5.149906, "time": 0.08137611401616596}, "val_accuracy": 91.805766370481}, {"idx": "155", "arch": "(1, 1, 2, 3, 3, 3)", "params": {"score": 2.004178, "time": 0.0723012879898306}, "val_accuracy": 92.1092564491654}, {"idx": "156", "arch": "(3, 2, 1, 3, 1, 2)", "params": {"score": 3.536082, "time": 0.15528118301881477}, "val_accuracy": 91.65402130219572}, {"idx": "157", "arch": "(2, 0, 0, 1, 3, 3)", "params": {"score": 1.887442, "time": 0.07257129400386475}, "val_accuracy": 93.77845211926288}, {"idx": "158", "arch": "(2, 1, 0, 3, 0, 1)", "params": {"score": 1.647826, "time": 0.06685477201244794}, "val_accuracy": 92.86798179059181}, {"idx": "159", "arch": "(1, 3, 0, 0, 0, 0)", "params": {"score": 0.203986, "time": 0.059786339988932014}, "val_accuracy": 92.86798179059181}, {"idx": "160", "arch": "(0, 0, 3, 1, 1, 2)", "params": {"score": 2.016466, "time": 0.06985202900250442}, "val_accuracy": 92.86798184847795}, {"idx": "161", "arch": "(3, 2, 2, 3, 2, 0)", "params": {"score": 4.938962, "time": 0.16102461502305232}, "val_accuracy": 91.95751129983951}, {"idx": "162", "arch": "(1, 0, 2, 2, 0, 2)", "params": {"score": 4.99221, "time": 0.07818669898551889}, "val_accuracy": 92.5644917119074}, {"idx": "163", "arch": "(2, 1, 3, 0, 2, 1)", "params": {"score": 3.337426, "time": 0.072755353001412}, "val_accuracy": 93.32321691440704}, {"idx": "164", "arch": "(3, 3, 3, 3, 0, 1)", "params": {"score": 0.677074, "time": 0.06873537198407575}, "val_accuracy": 85.12898328488802}, {"idx": "165", "arch": "(3, 2, 1, 2, 0, 0)", "params": {"score": 3.337426, "time": 0.15201585600152612}, "val_accuracy": 92.71623678019267}, {"idx": "166", "arch": "(2, 3, 1, 2, 3, 2)", "params": {"score": 5.307602, "time": 0.08419550498365425}, "val_accuracy": 93.01972685887709}, {"idx": "167", "arch": "(2, 0, 3, 3, 0, 0)", "params": {"score": 1.805522, "time": 0.07049366200226359}, "val_accuracy": 93.93019718754816}, {"idx": "168", "arch": "(3, 2, 3, 0, 2, 0)", "params": {"score": 3.495122, "time": 0.0752460319781676}, "val_accuracy": 92.71623678019267}, {"idx": "169", "arch": "(3, 0, 0, 0, 0, 3)", "params": {"score": 0.443602, "time": 0.06551766901975498}, "val_accuracy": 91.04704097116844}, {"idx": "170", "arch": "(2, 1, 0, 1, 2, 0)", "params": {"score": 3.22069, "time": 0.16961467199143954}, "val_accuracy": 92.41274650469535}, {"idx": "171", "arch": "(1, 1, 0, 2, 0, 0)", "params": {"score": 1.81781, "time": 0.06374490700545721}, "val_accuracy": 89.68133535660091}, {"idx": "172", "arch": "(1, 3, 0, 3, 1, 0)", "params": {"score": 0.402642, "time": 0.06322599700069986}, "val_accuracy": 91.95751138088012}, {"idx": "173", "arch": "(0, 0, 0, 0, 3, 0)", "params": {"score": 0.326866, "time": 0.06305710598826408}, "val_accuracy": 91.350531107739}, {"idx": "174", "arch": "(1, 0, 3, 0, 2, 3)", "params": {"score": 2.174162, "time": 0.15186191897373646}, "val_accuracy": 91.80576623155423}, {"idx": "175", "arch": "(2, 3, 0, 2, 2, 3)", "params": {"score": 5.348562, "time": 0.08500398401520215}, "val_accuracy": 92.8679817095512}, {"idx": "176", "arch": "(3, 2, 2, 2, 0, 2)", "params": {"score": 6.511826, "time": 0.08662116699269973}, "val_accuracy": 93.01972677783648}, {"idx": "177", "arch": "(3, 0, 0, 3, 0, 0)", "params": {"score": 0.443602, "time": 0.06550122000044212}, "val_accuracy": 91.350531107739}, {"idx": "178", "arch": "(3, 0, 1, 3, 3, 0)", "params": {"score": 0.601298, "time": 0.14684934899560176}, "val_accuracy": 91.350531107739}, {"idx": "179", "arch": "(2, 2, 3, 1, 1, 0)", "params": {"score": 2.968786, "time": 0.07140662599704228}, "val_accuracy": 92.26100149429622}, {"idx": "180", "arch": "(2, 0, 1, 1, 3, 3)", "params": {"score": 1.846482, "time": 0.07047567199333571}, "val_accuracy": 93.17147192716237}, {"idx": "181", "arch": "(3, 2, 3, 1, 2, 2)", "params": {"score": 5.266642, "time": 0.08361061700270511}, "val_accuracy": 92.56449157298063}, {"idx": "182", "arch": "(1, 1, 0, 0, 2, 3)", "params": {"score": 2.016466, "time": 0.06753855998977087}, "val_accuracy": 89.07435508345979}, {"idx": "183", "arch": "(1, 0, 2, 1, 2, 2)", "params": {"score": 4.99221, "time": 0.07848370997817256}, "val_accuracy": 92.56449157298063}, {"idx": "184", "arch": "(0, 2, 0, 3, 3, 2)", "params": {"score": 3.658962, "time": 0.07922777000931092}, "val_accuracy": 92.8679817095512}, {"idx": "185", "arch": "(1, 3, 1, 1, 3, 1)", "params": {"score": 0.361682, "time": 0.0627175779954996}, "val_accuracy": 64.79514414044903}, {"idx": "186", "arch": "(2, 0, 2, 0, 2, 2)", "params": {"score": 6.39509, "time": 0.08449999600998126}, "val_accuracy": 92.10925650705155}, {"idx": "187", "arch": "(1, 0, 1, 1, 0, 3)", "params": {"score": 0.244946, "time": 0.1396989820059389}, "val_accuracy": 91.350531107739}, {"idx": "188", "arch": "(0, 3, 2, 3, 2, 2)", "params": {"score": 5.348562, "time": 0.08482847301638685}, "val_accuracy": 92.1092564491654}, {"idx": "189", "arch": "(1, 3, 0, 3, 1, 3)", "params": {"score": 0.601298, "time": 0.06787394799175672}, "val_accuracy": 91.80576623155423}, {"idx": "190", "arch": "(0, 2, 1, 0, 2, 1)", "params": {"score": 3.22069, "time": 0.07036669002263807}, "val_accuracy": 91.95751143876628}, {"idx": "191", "arch": "(0, 3, 1, 0, 3, 3)", "params": {"score": 0.601298, "time": 0.0672787049843464}, "val_accuracy": 91.95751129983951}]