[{"idx": "0", "arch": "(0, 3, 1, 0, 2, 3)", "params": {"score": 2.196388, "time": 0.1610684909974225}, "val_accuracy": 32.12}, {"idx": "1", "arch": "(3, 2, 1, 2, 3, 0)", "params": {"score": 3.558308, "time": 0.24045625602593645}, "val_accuracy": 32.4}, {"idx": "2", "arch": "(2, 3, 1, 2, 1, 2)", "params": {"score": 5.131172, "time": 0.14325406699208543}, "val_accuracy": 35.38}, {"idx": "3", "arch": "(3, 1, 0, 2, 3, 3)", "params": {"score": 2.395044, "time": 0.12690577798639424}, "val_accuracy": 31.49}, {"idx": "4", "arch": "(1, 3, 1, 3, 0, 0)", "params": {"score": 0.383908, "time": 0.18239413999253884}, "val_accuracy": 27.08}, {"idx": "5", "arch": "(3, 1, 3, 2, 2, 1)", "params": {"score": 3.885988, "time": 0.13124540998251177}, "val_accuracy": 33.09}, {"idx": "6", "arch": "(2, 3, 0, 3, 0, 0)", "params": {"score": 1.827748, "time": 0.23296187701635063}, "val_accuracy": 29.4}, {"idx": "7", "arch": "(2, 0, 3, 1, 0, 2)", "params": {"score": 3.400612, "time": 0.12812722500530072}, "val_accuracy": 33.14}, {"idx": "8", "arch": "(1, 3, 3, 2, 0, 2)", "params": {"score": 3.885988, "time": 0.13503109398880042}, "val_accuracy": 31.86}, {"idx": "9", "arch": "(3, 3, 3, 2, 3, 2)", "params": {"score": 4.24234, "time": 0.23387248598737642}, "val_accuracy": 32.85}, {"idx": "10", "arch": "(1, 0, 3, 1, 0, 3)", "params": {"score": 0.424868, "time": 0.10142203001305461}, "val_accuracy": 25.44}, {"idx": "11", "arch": "(2, 3, 3, 3, 0, 1)", "params": {"score": 1.944484, "time": 0.2014212970098015}, "val_accuracy": 32.07}, {"idx": "12", "arch": "(0, 3, 2, 2, 1, 2)", "params": {"score": 5.172132, "time": 0.23607577898656018}, "val_accuracy": 36.64}, {"idx": "13", "arch": "(3, 1, 2, 1, 3, 1)", "params": {"score": 1.786788, "time": 0.1170841490093153}, "val_accuracy": 31.84}, {"idx": "14", "arch": "(0, 2, 3, 2, 1, 0)", "params": {"score": 3.400612, "time": 0.2112195389927365}, "val_accuracy": 33.35}, {"idx": "15", "arch": "(2, 3, 1, 2, 3, 0)", "params": {"score": 3.558308, "time": 0.12995318899629638}, "val_accuracy": 35.49}, {"idx": "16", "arch": "(0, 0, 2, 1, 3, 3)", "params": {"score": 1.909668, "time": 0.20270437499857508}, "val_accuracy": 30.84}, {"idx": "17", "arch": "(0, 2, 3, 0, 1, 3)", "params": {"score": 1.827748, "time": 0.20412721901084296}, "val_accuracy": 31.92}, {"idx": "18", "arch": "(3, 2, 3, 3, 0, 2)", "params": {"score": 3.716004, "time": 0.14258128599612974}, "val_accuracy": 33.63}, {"idx": "19", "arch": "(3, 1, 2, 3, 3, 3)", "params": {"score": 2.1841, "time": 0.21200478900573216}, "val_accuracy": 31.5}, {"idx": "20", "arch": "(1, 1, 0, 3, 0, 1)", "params": {"score": 0.267172, "time": 0.09417420299723744}, "val_accuracy": 23.94}, {"idx": "21", "arch": "(0, 1, 2, 1, 2, 1)", "params": {"score": 3.242916, "time": 0.20458396599860862}, "val_accuracy": 33.93}, {"idx": "22", "arch": "(0, 3, 3, 1, 3, 1)", "params": {"score": 0.582564, "time": 0.19413484100368805}, "val_accuracy": 25.12}, {"idx": "23", "arch": "(2, 0, 3, 2, 2, 0)", "params": {"score": 5.172132, "time": 0.14820020500337705}, "val_accuracy": 33.93}, {"idx": "24", "arch": "(1, 0, 3, 1, 2, 0)", "params": {"score": 1.997732, "time": 0.19582704899949022}, "val_accuracy": 27.5}, {"idx": "25", "arch": "(0, 2, 2, 0, 0, 1)", "params": {"score": 2.874276, "time": 0.11896578202140518}, "val_accuracy": 27.53}, {"idx": "26", "arch": "(3, 0, 0, 1, 2, 3)", "params": {"score": 2.237348, "time": 0.20234840901684947}, "val_accuracy": 30.43}, {"idx": "27", "arch": "(2, 0, 1, 0, 3, 1)", "params": {"score": 1.670052, "time": 0.1966819579829462}, "val_accuracy": 32.73}, {"idx": "28", "arch": "(1, 2, 1, 2, 2, 2)", "params": {"score": 6.744996, "time": 0.15434592598467134}, "val_accuracy": 35.5}, {"idx": "29", "arch": "(1, 2, 1, 2, 0, 3)", "params": {"score": 3.400612, "time": 0.20667726499959826}, "val_accuracy": 32.16}, {"idx": "30", "arch": "(1, 2, 3, 1, 1, 1)", "params": {"score": 1.588132, "time": 0.10876317499787547}, "val_accuracy": 26.6}, {"idx": "31", "arch": "(1, 2, 2, 1, 2, 1)", "params": {"score": 4.604836, "time": 0.13413692999165505}, "val_accuracy": 31.47}, {"idx": "32", "arch": "(0, 0, 0, 3, 3, 2)", "params": {"score": 2.319268, "time": 0.21037532098125666}, "val_accuracy": 30.65}, {"idx": "33", "arch": "(0, 1, 0, 1, 3, 0)", "params": {"score": 0.308132, "time": 0.0999182740051765}, "val_accuracy": 27.11}, {"idx": "34", "arch": "(1, 0, 1, 3, 1, 3)", "params": {"score": 0.465828, "time": 0.18458393699256703}, "val_accuracy": 26.79}, {"idx": "35", "arch": "(0, 0, 3, 1, 2, 0)", "params": {"score": 2.038692, "time": 0.1149762140121311}, "val_accuracy": 29.31}, {"idx": "36", "arch": "(3, 2, 0, 1, 3, 2)", "params": {"score": 3.599268, "time": 0.13858752499800175}, "val_accuracy": 31.64}, {"idx": "37", "arch": "(3, 3, 2, 1, 1, 2)", "params": {"score": 3.517348, "time": 0.22340113398968242}, "val_accuracy": 34.19}, {"idx": "38", "arch": "(0, 3, 1, 1, 3, 3)", "params": {"score": 0.623524, "time": 0.10673449299065396}, "val_accuracy": 25.68}, {"idx": "39", "arch": "(2, 1, 3, 3, 0, 0)", "params": {"score": 1.786788, "time": 0.19538074498996139}, "val_accuracy": 32.24}, {"idx": "40", "arch": "(2, 3, 2, 1, 3, 0)", "params": {"score": 3.189668, "time": 0.22102676698705181}, "val_accuracy": 33.24}, {"idx": "41", "arch": "(1, 3, 3, 0, 2, 2)", "params": {"score": 3.885988, "time": 0.13384895701892674}, "val_accuracy": 31.87}, {"idx": "42", "arch": "(3, 2, 2, 2, 3, 3)", "params": {"score": 5.159844, "time": 0.24362945498432964}, "val_accuracy": 34.16}, {"idx": "43", "arch": "(1, 0, 1, 3, 3, 3)", "params": {"score": 0.664484, "time": 0.10696752200601622}, "val_accuracy": 27.81}, {"idx": "44", "arch": "(1, 2, 2, 0, 1, 2)", "params": {"score": 4.604836, "time": 0.21807507501216605}, "val_accuracy": 36.58}, {"idx": "45", "arch": "(3, 2, 2, 0, 3, 2)", "params": {"score": 4.961188, "time": 0.2346066449827049}, "val_accuracy": 33.88}, {"idx": "46", "arch": "(1, 2, 0, 2, 1, 2)", "params": {"score": 5.014436, "time": 0.14118432899704203}, "val_accuracy": 32.23}, {"idx": "47", "arch": "(2, 0, 0, 3, 3, 3)", "params": {"score": 2.108324, "time": 0.21125377499265596}, "val_accuracy": 29.83}, {"idx": "48", "arch": "(1, 2, 3, 1, 0, 2)", "params": {"score": 3.359652, "time": 0.12582770400331356}, "val_accuracy": 36.05}, {"idx": "49", "arch": "(2, 0, 3, 1, 2, 1)", "params": {"score": 3.400612, "time": 0.2112342790060211}, "val_accuracy": 35.48}, {"idx": "50", "arch": "(1, 0, 2, 0, 0, 3)", "params": {"score": 1.670052, "time": 0.19800739901256748}, "val_accuracy": 31.35}, {"idx": "51", "arch": "(2, 3, 1, 1, 2, 0)", "params": {"score": 3.359652, "time": 0.12438514298992231}, "val_accuracy": 35.29}, {"idx": "52", "arch": "(3, 0, 2, 3, 2, 2)", "params": {"score": 5.370788, "time": 0.23779969100723974}, "val_accuracy": 35.91}, {"idx": "53", "arch": "(0, 1, 1, 0, 0, 0)", "params": {"score": 0.068516, "time": 0.08887484899605624}, "val_accuracy": 23.74}, {"idx": "54", "arch": "(2, 1, 1, 0, 1, 0)", "params": {"score": 1.430436, "time": 0.18244509201031178}, "val_accuracy": 31.6}, {"idx": "55", "arch": "(2, 1, 1, 1, 2, 2)", "params": {"score": 4.973476, "time": 0.2257453850179445}, "val_accuracy": 34.89}, {"idx": "56", "arch": "(2, 3, 2, 2, 3, 3)", "params": {"score": 5.159844, "time": 0.1575573840236757}, "val_accuracy": 37.22}, {"idx": "57", "arch": "(3, 2, 0, 3, 1, 1)", "params": {"score": 1.827748, "time": 0.22037839199765585}, "val_accuracy": 23.58}, {"idx": "58", "arch": "(0, 0, 0, 0, 1, 1)", "params": {"score": 0.150436, "time": 0.09467626799596474}, "val_accuracy": 24.33}, {"idx": "59", "arch": "(2, 3, 0, 0, 0, 2)", "params": {"score": 3.400612, "time": 0.12916683297953568}, "val_accuracy": 30.71}, {"idx": "60", "arch": "(2, 1, 3, 0, 1, 3)", "params": {"score": 1.786788, "time": 0.1992514269950334}, "val_accuracy": 33.71}, {"idx": "61", "arch": "(1, 3, 0, 2, 1, 1)", "params": {"score": 1.997732, "time": 0.11260626802686602}, "val_accuracy": 23.71}, {"idx": "62", "arch": "(0, 3, 3, 1, 3, 2)", "params": {"score": 2.354084, "time": 0.20775227699778043}, "val_accuracy": 32.45}, {"idx": "63", "arch": "(1, 3, 1, 1, 3, 3)", "params": {"score": 0.582564, "time": 0.12211109302006662}, "val_accuracy": 25.93}, {"idx": "64", "arch": "(2, 2, 2, 2, 2, 1)", "params": {"score": 7.779236, "time": 0.17495427298126742}, "val_accuracy": 36.42}, {"idx": "65", "arch": "(2, 0, 1, 3, 0, 0)", "params": {"score": 1.670052, "time": 0.19631525001022965}, "val_accuracy": 29.02}, {"idx": "66", "arch": "(3, 1, 1, 0, 3, 2)", "params": {"score": 2.155428, "time": 0.11525020797853358}, "val_accuracy": 32.72}, {"idx": "67", "arch": "(1, 0, 0, 1, 2, 0)", "params": {"score": 1.880996, "time": 0.19347046100301668}, "val_accuracy": 24.28}, {"idx": "68", "arch": "(2, 1, 2, 2, 0, 2)", "params": {"score": 6.376356, "time": 0.239961338986177}, "val_accuracy": 37.53}, {"idx": "69", "arch": "(0, 0, 3, 3, 2, 1)", "params": {"score": 2.237348, "time": 0.12435213598655537}, "val_accuracy": 33.08}, {"idx": "70", "arch": "(2, 0, 1, 3, 2, 1)", "params": {"score": 3.441572, "time": 0.2161178080132231}, "val_accuracy": 34.6}, {"idx": "71", "arch": "(2, 1, 2, 3, 3, 1)", "params": {"score": 3.230628, "time": 0.12939605698920786}, "val_accuracy": 34.3}, {"idx": "72", "arch": "(2, 2, 1, 3, 2, 2)", "params": {"score": 6.575012, "time": 0.24182271599420346}, "val_accuracy": 36.66}, {"idx": "73", "arch": "(3, 3, 0, 2, 0, 2)", "params": {"score": 3.926948, "time": 0.2244568900205195}, "val_accuracy": 30.58}, {"idx": "74", "arch": "(1, 1, 2, 2, 3, 3)", "params": {"score": 3.599268, "time": 0.13346938701579347}, "val_accuracy": 30.58}, {"idx": "75", "arch": "(0, 3, 0, 2, 0, 1)", "params": {"score": 2.038692, "time": 0.2014983799890615}, "val_accuracy": 24.05}, {"idx": "76", "arch": "(1, 3, 0, 2, 3, 0)", "params": {"score": 2.196388, "time": 0.11852734402054921}, "val_accuracy": 27.41}, {"idx": "77", "arch": "(1, 1, 3, 3, 0, 2)", "params": {"score": 2.155428, "time": 0.19704665199969895}, "val_accuracy": 25.81}, {"idx": "78", "arch": "(2, 2, 0, 3, 3, 1)", "params": {"score": 3.271588, "time": 0.22140712800319307}, "val_accuracy": 31.21}, {"idx": "79", "arch": "(1, 3, 0, 2, 1, 2)", "params": {"score": 3.769252, "time": 0.12952394600142725}, "val_accuracy": 30.99}, {"idx": "80", "arch": "(0, 3, 0, 2, 2, 1)", "params": {"score": 3.810212, "time": 0.2166841080179438}, "val_accuracy": 29.94}, {"idx": "81", "arch": "(3, 0, 1, 1, 1, 2)", "params": {"score": 1.997732, "time": 0.11302350499317981}, "val_accuracy": 33.41}, {"idx": "82", "arch": "(1, 2, 1, 1, 1, 3)", "params": {"score": 1.629092, "time": 0.18908560302224942}, "val_accuracy": 31.97}, {"idx": "83", "arch": "(3, 1, 3, 3, 1, 2)", "params": {"score": 2.313124, "time": 0.2105298860114999}, "val_accuracy": 32.78}, {"idx": "84", "arch": "(3, 1, 2, 1, 2, 1)", "params": {"score": 3.359652, "time": 0.12900215401896276}, "val_accuracy": 34.11}, {"idx": "85", "arch": "(0, 2, 1, 1, 0, 3)", "params": {"score": 1.670052, "time": 0.19430415402166545}, "val_accuracy": 30.81}, {"idx": "86", "arch": "(3, 3, 1, 2, 3, 3)", "params": {"score": 2.51178, "time": 0.13089584998670034}, "val_accuracy": 33.07}, {"idx": "87", "arch": "(0, 0, 0, 0, 2, 3)", "params": {"score": 2.120612, "time": 0.11942484200699255}, "val_accuracy": 30.59}, {"idx": "88", "arch": "(3, 3, 0, 3, 0, 1)", "params": {"score": 0.582564, "time": 0.19328899000538513}, "val_accuracy": 28.16}, {"idx": "89", "arch": "(2, 2, 3, 1, 3, 0)", "params": {"score": 3.189668, "time": 0.13350871502188966}, "val_accuracy": 34.41}, {"idx": "90", "arch": "(0, 3, 2, 2, 2, 3)", "params": {"score": 5.370788, "time": 0.23797788700903766}, "val_accuracy": 34.47}, {"idx": "91", "arch": "(1, 0, 3, 0, 2, 2)", "params": {"score": 3.769252, "time": 0.13077455200254917}, "val_accuracy": 32.28}, {"idx": "92", "arch": "(2, 3, 3, 1, 0, 0)", "params": {"score": 1.745828, "time": 0.11436918398248963}, "val_accuracy": 30.09}, {"idx": "93", "arch": "(2, 1, 1, 1, 0, 3)", "params": {"score": 1.629092, "time": 0.21021779399598017}, "val_accuracy": 30.91}, {"idx": "94", "arch": "(2, 3, 0, 3, 1, 1)", "params": {"score": 1.827748, "time": 0.12157510299584828}, "val_accuracy": 23.9}, {"idx": "95", "arch": "(2, 3, 0, 1, 2, 1)", "params": {"score": 3.400612, "time": 0.2223384749959223}, "val_accuracy": 33.37}, {"idx": "96", "arch": "(2, 1, 3, 2, 2, 1)", "params": {"score": 5.131172, "time": 0.24813691698363982}, "val_accuracy": 34.9}, {"idx": "97", "arch": "(1, 0, 0, 0, 0, 2)", "params": {"score": 1.880996, "time": 0.11244514200370759}, "val_accuracy": 29.86}, {"idx": "98", "arch": "(2, 2, 2, 2, 1, 0)", "params": {"score": 6.007716, "time": 0.2482405379996635}, "val_accuracy": 36.38}, {"idx": "99", "arch": "(2, 2, 3, 2, 3, 2)", "params": {"score": 6.732708, "time": 0.17391924597905017}, "val_accuracy": 36.41}, {"idx": "100", "arch": "(0, 2, 3, 1, 0, 2)", "params": {"score": 3.400612, "time": 0.2104473500221502}, "val_accuracy": 32.27}, {"idx": "101", "arch": "(0, 3, 1, 0, 3, 0)", "params": {"score": 0.424868, "time": 0.19115137198241428}, "val_accuracy": 24.34}, {"idx": "102", "arch": "(2, 1, 1, 1, 1, 2)", "params": {"score": 3.201956, "time": 0.1204112300183624}, "val_accuracy": 1.0}, {"idx": "103", "arch": "(2, 1, 2, 3, 2, 1)", "params": {"score": 4.803492, "time": 0.225971230014693}, "val_accuracy": 35.96}, {"idx": "104", "arch": "(3, 3, 1, 2, 0, 2)", "params": {"score": 3.885988, "time": 0.13479668699437752}, "val_accuracy": 32.18}, {"idx": "105", "arch": "(3, 3, 0, 0, 3, 3)", "params": {"score": 0.78122, "time": 0.19665696000447497}, "val_accuracy": 25.48}, {"idx": "106", "arch": "(3, 3, 1, 3, 2, 2)", "params": {"score": 4.084644, "time": 0.22731491399463266}, "val_accuracy": 33.71}, {"idx": "107", "arch": "(3, 1, 3, 3, 0, 0)", "params": {"score": 0.541604, "time": 0.10417125801905058}, "val_accuracy": 22.6}, {"idx": "108", "arch": "(3, 2, 0, 3, 2, 2)", "params": {"score": 5.370788, "time": 0.23945982300210744}, "val_accuracy": 31.68}, {"idx": "109", "arch": "(2, 0, 1, 2, 2, 3)", "params": {"score": 5.213092, "time": 0.1448703909991309}, "val_accuracy": 33.5}, {"idx": "110", "arch": "(3, 2, 3, 3, 1, 1)", "params": {"score": 1.944484, "time": 0.20373081299476326}, "val_accuracy": 26.49}, {"idx": "111", "arch": "(3, 3, 2, 1, 2, 2)", "params": {"score": 5.288868, "time": 0.23954839000361972}, "val_accuracy": 34.41}, {"idx": "112", "arch": "(0, 2, 0, 2, 0, 1)", "params": {"score": 3.283876, "time": 0.12528458901215345}, "val_accuracy": 24.07}, {"idx": "113", "arch": "(0, 0, 3, 3, 2, 0)", "params": {"score": 2.237348, "time": 0.22738323599332944}, "val_accuracy": 29.93}, {"idx": "114", "arch": "(3, 2, 3, 0, 0, 3)", "params": {"score": 1.944484, "time": 0.12169419700512663}, "val_accuracy": 31.38}, {"idx": "115", "arch": "(3, 1, 2, 3, 3, 1)", "params": {"score": 1.985444, "time": 0.12229413102613762}, "val_accuracy": 31.82}, {"idx": "116", "arch": "(0, 1, 2, 0, 1, 1)", "params": {"score": 1.471396, "time": 0.19237453601090237}, "val_accuracy": 31.46}, {"idx": "117", "arch": "(3, 2, 0, 1, 2, 0)", "params": {"score": 3.400612, "time": 0.12934671400580555}, "val_accuracy": 30.15}, {"idx": "118", "arch": "(0, 0, 3, 3, 3, 3)", "params": {"score": 0.86314, "time": 0.20055858400883153}, "val_accuracy": 26.02}, {"idx": "119", "arch": "(3, 3, 0, 0, 3, 1)", "params": {"score": 0.582564, "time": 0.10802690501441248}, "val_accuracy": 25.1}, {"idx": "120", "arch": "(1, 3, 0, 0, 3, 1)", "params": {"score": 0.424868, "time": 0.10182054599863477}, "val_accuracy": 25.24}, {"idx": "121", "arch": "(0, 1, 2, 3, 0, 1)", "params": {"score": 1.670052, "time": 0.1969568679924123}, "val_accuracy": 27.19}, {"idx": "122", "arch": "(0, 2, 2, 3, 1, 2)", "params": {"score": 4.844452, "time": 0.15861532400595024}, "val_accuracy": 36.44}, {"idx": "123", "arch": "(3, 0, 0, 0, 2, 2)", "params": {"score": 3.810212, "time": 0.23738235101336613}, "val_accuracy": 30.99}, {"idx": "124", "arch": "(2, 2, 2, 2, 0, 0)", "params": {"score": 6.007716, "time": 0.23725853298674338}, "val_accuracy": 35.53}, {"idx": "125", "arch": "(0, 2, 3, 2, 2, 1)", "params": {"score": 5.172132, "time": 0.14487267698859796}, "val_accuracy": 32.19}, {"idx": "126", "arch": "(3, 0, 1, 2, 3, 3)", "params": {"score": 2.395044, "time": 0.21278157600318082}, "val_accuracy": 32.21}, {"idx": "127", "arch": "(1, 0, 3, 1, 3, 2)", "params": {"score": 2.196388, "time": 0.11951184898498468}, "val_accuracy": 32.79}, {"idx": "128", "arch": "(0, 3, 0, 2, 1, 0)", "params": {"score": 2.038692, "time": 0.19969255701289512}, "val_accuracy": 30.02}, {"idx": "129", "arch": "(2, 0, 2, 1, 2, 0)", "params": {"score": 4.645796, "time": 0.22625261198845692}, "val_accuracy": 32.65}, {"idx": "130", "arch": "(3, 3, 3, 3, 0, 0)", "params": {"score": 0.6993, "time": 0.10948209400521591}, "val_accuracy": 21.42}, {"idx": "131", "arch": "(3, 1, 2, 3, 0, 0)", "params": {"score": 1.786788, "time": 0.19841658099903725}, "val_accuracy": 30.93}, {"idx": "132", "arch": "(2, 3, 1, 3, 2, 3)", "params": {"score": 3.756964, "time": 0.14071528299245983}, "val_accuracy": 34.69}, {"idx": "133", "arch": "(3, 2, 0, 1, 2, 3)", "params": {"score": 3.599268, "time": 0.21798419000697322}, "val_accuracy": 29.8}, {"idx": "134", "arch": "(1, 2, 2, 1, 3, 1)", "params": {"score": 3.031972, "time": 0.21332392102340236}, "val_accuracy": 30.33}, {"idx": "135", "arch": "(1, 3, 1, 0, 1, 0)", "params": {"score": 0.185252, "time": 0.09210902600898407}, "val_accuracy": 26.57}, {"idx": "136", "arch": "(2, 2, 1, 3, 0, 3)", "params": {"score": 3.230628, "time": 0.21401416600565426}, "val_accuracy": 34.25}, {"idx": "137", "arch": "(2, 2, 2, 0, 0, 3)", "params": {"score": 4.434852, "time": 0.14027990397880785}, "val_accuracy": 33.85}, {"idx": "138", "arch": "(1, 1, 2, 3, 2, 3)", "params": {"score": 3.599268, "time": 0.21112506301142275}, "val_accuracy": 31.84}, {"idx": "139", "arch": "(1, 0, 1, 3, 2, 0)", "params": {"score": 2.038692, "time": 0.19929623600910418}, "val_accuracy": 24.59}, {"idx": "140", "arch": "(2, 1, 3, 3, 3, 2)", "params": {"score": 3.756964, "time": 0.1400690859882161}, "val_accuracy": 36.23}, {"idx": "141", "arch": "(0, 1, 2, 1, 0, 0)", "params": {"score": 1.471396, "time": 0.1884041719895322}, "val_accuracy": 27.99}, {"idx": "142", "arch": "(0, 0, 3, 1, 0, 0)", "params": {"score": 0.267172, "time": 0.09871615102747455}, "val_accuracy": 26.97}, {"idx": "143", "arch": "(3, 0, 0, 0, 3, 1)", "params": {"score": 0.465828, "time": 0.10477475999505259}, "val_accuracy": 25.59}, {"idx": "144", "arch": "(1, 2, 3, 0, 1, 1)", "params": {"score": 1.588132, "time": 0.19554329197853804}, "val_accuracy": 26.7}, {"idx": "145", "arch": "(2, 1, 1, 3, 3, 2)", "params": {"score": 3.599268, "time": 0.13356152598862536}, "val_accuracy": 35.84}, {"idx": "146", "arch": "(1, 2, 1, 3, 0, 3)", "params": {"score": 1.827748, "time": 0.1967395390092861}, "val_accuracy": 32.59}, {"idx": "147", "arch": "(0, 0, 2, 3, 1, 1)", "params": {"score": 1.711012, "time": 0.11476948999916203}, "val_accuracy": 31.36}, {"idx": "148", "arch": "(1, 2, 3, 3, 2, 3)", "params": {"score": 3.756964, "time": 0.14117908000480384}, "val_accuracy": 33.13}, {"idx": "149", "arch": "(3, 0, 3, 1, 2, 1)", "params": {"score": 2.155428, "time": 0.20760973199503496}, "val_accuracy": 32.33}, {"idx": "150", "arch": "(3, 0, 0, 2, 3, 1)", "params": {"score": 2.237348, "time": 0.12454132799757645}, "val_accuracy": 25.28}, {"idx": "151", "arch": "(1, 2, 3, 0, 1, 2)", "params": {"score": 3.359652, "time": 0.20815036300336942}, "val_accuracy": 35.38}, {"idx": "152", "arch": "(2, 3, 1, 3, 1, 3)", "params": {"score": 1.985444, "time": 0.11913882498629391}, "val_accuracy": 31.6}, {"idx": "153", "arch": "(1, 3, 0, 1, 2, 0)", "params": {"score": 1.997732, "time": 0.11360150101245381}, "val_accuracy": 27.46}, {"idx": "154", "arch": "(3, 0, 2, 0, 2, 2)", "params": {"score": 5.172132, "time": 0.23384400102077052}, "val_accuracy": 35.19}, {"idx": "155", "arch": "(1, 1, 2, 3, 3, 3)", "params": {"score": 2.026404, "time": 0.12095960797159933}, "val_accuracy": 30.66}, {"idx": "156", "arch": "(3, 2, 1, 3, 1, 2)", "params": {"score": 3.558308, "time": 0.21474006300559267}, "val_accuracy": 35.34}, {"idx": "157", "arch": "(2, 0, 0, 1, 3, 3)", "params": {"score": 1.909668, "time": 0.2078523400123231}, "val_accuracy": 29.99}, {"idx": "158", "arch": "(2, 1, 0, 3, 0, 1)", "params": {"score": 1.670052, "time": 0.1106928999943193}, "val_accuracy": 27.95}, {"idx": "159", "arch": "(1, 3, 0, 0, 0, 0)", "params": {"score": 0.226212, "time": 0.18040986498817801}, "val_accuracy": 28.15}, {"idx": "160", "arch": "(0, 0, 3, 1, 1, 2)", "params": {"score": 2.038692, "time": 0.1167646599933505}, "val_accuracy": 32.42}, {"idx": "161", "arch": "(3, 2, 2, 3, 2, 0)", "params": {"score": 4.961188, "time": 0.22713189900969155}, "val_accuracy": 34.24}, {"idx": "162", "arch": "(1, 0, 2, 2, 0, 2)", "params": {"score": 5.014436, "time": 0.22805869998410344}, "val_accuracy": 33.69}, {"idx": "163", "arch": "(2, 1, 3, 0, 2, 1)", "params": {"score": 3.359652, "time": 0.12738424001145177}, "val_accuracy": 35.17}, {"idx": "164", "arch": "(3, 3, 3, 3, 0, 1)", "params": {"score": 0.6993, "time": 0.1959107029833831}, "val_accuracy": 24.85}, {"idx": "165", "arch": "(3, 2, 1, 2, 0, 0)", "params": {"score": 3.359652, "time": 0.12580437900032848}, "val_accuracy": 31.43}, {"idx": "166", "arch": "(2, 3, 1, 2, 3, 2)", "params": {"score": 5.329828, "time": 0.23259048999170773}, "val_accuracy": 35.74}, {"idx": "167", "arch": "(2, 0, 3, 3, 0, 0)", "params": {"score": 1.827748, "time": 0.2050169899885077}, "val_accuracy": 29.79}, {"idx": "168", "arch": "(3, 2, 3, 0, 2, 0)", "params": {"score": 3.517348, "time": 0.1323470169736538}, "val_accuracy": 32.98}, {"idx": "169", "arch": "(3, 0, 0, 0, 0, 3)", "params": {"score": 0.465828, "time": 0.18896699702600017}, "val_accuracy": 25.29}, {"idx": "170", "arch": "(2, 1, 0, 1, 2, 0)", "params": {"score": 3.242916, "time": 0.12574886399670504}, "val_accuracy": 32.94}, {"idx": "171", "arch": "(1, 1, 0, 2, 0, 0)", "params": {"score": 1.840036, "time": 0.1873254529782571}, "val_accuracy": 24.91}, {"idx": "172", "arch": "(1, 3, 0, 3, 1, 0)", "params": {"score": 0.424868, "time": 0.18941828099195845}, "val_accuracy": 27.89}, {"idx": "173", "arch": "(0, 0, 0, 0, 3, 0)", "params": {"score": 0.349092, "time": 0.10087737301364541}, "val_accuracy": 25.57}, {"idx": "174", "arch": "(1, 0, 3, 0, 2, 3)", "params": {"score": 2.196388, "time": 0.20474552901578136}, "val_accuracy": 24.84}, {"idx": "175", "arch": "(2, 3, 0, 2, 2, 3)", "params": {"score": 5.370788, "time": 0.1539622499840334}, "val_accuracy": 33.51}, {"idx": "176", "arch": "(3, 2, 2, 2, 0, 2)", "params": {"score": 6.534052, "time": 0.15647747900220565}, "val_accuracy": 36.52}, {"idx": "177", "arch": "(3, 0, 0, 3, 0, 0)", "params": {"score": 0.465828, "time": 0.19135735800955445}, "val_accuracy": 23.95}, {"idx": "178", "arch": "(3, 0, 1, 3, 3, 0)", "params": {"score": 0.623524, "time": 0.1073328579950612}, "val_accuracy": 24.74}, {"idx": "179", "arch": "(2, 2, 3, 1, 1, 0)", "params": {"score": 2.991012, "time": 0.20981109800050035}, "val_accuracy": 30.53}, {"idx": "180", "arch": "(2, 0, 1, 1, 3, 3)", "params": {"score": 1.868708, "time": 0.11935597300180234}, "val_accuracy": 32.77}, {"idx": "181", "arch": "(3, 2, 3, 1, 2, 2)", "params": {"score": 5.288868, "time": 0.1535893969994504}, "val_accuracy": 34.87}, {"idx": "182", "arch": "(1, 1, 0, 0, 2, 3)", "params": {"score": 2.038692, "time": 0.19982382500893436}, "val_accuracy": 24.81}, {"idx": "183", "arch": "(1, 0, 2, 1, 2, 2)", "params": {"score": 5.014436, "time": 0.14287333699758165}, "val_accuracy": 34.4}, {"idx": "184", "arch": "(0, 2, 0, 3, 3, 2)", "params": {"score": 3.681188, "time": 0.22227409298648126}, "val_accuracy": 30.26}, {"idx": "185", "arch": "(1, 3, 1, 1, 3, 1)", "params": {"score": 0.383908, "time": 0.09975397499511018}, "val_accuracy": 1.0}, {"idx": "186", "arch": "(2, 0, 2, 0, 2, 2)", "params": {"score": 6.417316, "time": 0.15405425400240347}, "val_accuracy": 36.63}, {"idx": "187", "arch": "(1, 0, 1, 1, 0, 3)", "params": {"score": 0.267172, "time": 0.18251471998519264}, "val_accuracy": 27.8}, {"idx": "188", "arch": "(0, 3, 2, 3, 2, 2)", "params": {"score": 5.370788, "time": 0.1552584349992685}, "val_accuracy": 34.93}, {"idx": "189", "arch": "(1, 3, 0, 3, 1, 3)", "params": {"score": 0.623524, "time": 0.2102010989910923}, "val_accuracy": 24.82}, {"idx": "190", "arch": "(0, 2, 1, 0, 2, 1)", "params": {"score": 3.242916, "time": 0.21272961699287407}, "val_accuracy": 33.29}, {"idx": "191", "arch": "(0, 3, 1, 0, 3, 3)", "params": {"score": 0.623524, "time": 0.10766652598977089}, "val_accuracy": 25.91}]