[{"idx": "1500", "arch": "(4, 3, 0, 0, 0, 3)", "zen": {"score": 191.98728942871094, "time": 1.098032234236598}, "val_accuracy": 84.7}, {"idx": "1501", "arch": "(0, 1, 4, 1, 3, 3)", "zen": {"score": 36.31768035888672, "time": 0.7112168790772557}, "val_accuracy": 84.64}, {"idx": "1502", "arch": "(4, 4, 3, 1, 3, 3)", "zen": {"score": 59.22565460205078, "time": 0.8770081629045308}, "val_accuracy": 86.26}, {"idx": "1503", "arch": "(4, 1, 4, 0, 1, 1)", "zen": {"score": 8.308661460876465, "time": 0.7496374254114926}, "val_accuracy": 70.77}, {"idx": "1504", "arch": "(1, 2, 3, 0, 0, 2)", "zen": {"score": 78.82686614990234, "time": 0.7192906569689512}, "val_accuracy": 89.79}, {"idx": "1505", "arch": "(0, 0, 0, 3, 4, 0)", "zen": {"score": 163.42669677734375, "time": 0.6338268988765776}, "val_accuracy": 74.37}, {"idx": "1506", "arch": "(0, 4, 0, 4, 2, 3)", "zen": {"score": 115.25138854980469, "time": 0.8161878450773656}, "val_accuracy": 88.76}, {"idx": "1507", "arch": "(4, 1, 1, 3, 0, 4)", "zen": {"score": 41.103729248046875, "time": 0.7872420968487859}, "val_accuracy": 74.65}, {"idx": "1508", "arch": "(2, 2, 1, 3, 1, 3)", "zen": {"score": 83.93692779541016, "time": 0.7624963247217238}, "val_accuracy": 87.59}, {"idx": "1509", "arch": "(4, 3, 0, 3, 4, 2)", "zen": {"score": 211.34519958496094, "time": 0.87656463496387}, "val_accuracy": 84.75}, {"idx": "1510", "arch": "(0, 1, 1, 4, 0, 3)", "zen": {"score": 45.61216354370117, "time": 0.6540343998931348}, "val_accuracy": 85.2}, {"idx": "1511", "arch": "(3, 0, 3, 3, 1, 2)", "zen": {"score": 81.51966857910156, "time": 0.7399418670684099}, "val_accuracy": 89.1}, {"idx": "1512", "arch": "(0, 1, 3, 0, 4, 3)", "zen": {"score": 67.4615478515625, "time": 0.6909344848245382}, "val_accuracy": 85.04}, {"idx": "1513", "arch": "(4, 3, 3, 0, 3, 4)", "zen": {"score": 112.502685546875, "time": 0.8413514820858836}, "val_accuracy": 83.33}, {"idx": "1514", "arch": "(3, 4, 1, 0, 1, 1)", "zen": {"score": -100000000.0, "time": 0.6574934748932719}, "val_accuracy": 10.0}, {"idx": "1515", "arch": "(4, 0, 1, 3, 2, 2)", "zen": {"score": 79.95419311523438, "time": 0.8498225817456841}, "val_accuracy": 88.8}, {"idx": "1516", "arch": "(4, 4, 2, 3, 3, 0)", "zen": {"score": 133.37258911132812, "time": 0.8699630233459175}, "val_accuracy": 87.27}, {"idx": "1517", "arch": "(1, 0, 1, 4, 1, 3)", "zen": {"score": 22.50202178955078, "time": 0.6569237019866705}, "val_accuracy": 85.89}, {"idx": "1518", "arch": "(1, 1, 0, 1, 4, 0)", "zen": {"score": 11.491884231567383, "time": 0.6074770861305296}, "val_accuracy": 84.25}, {"idx": "1519", "arch": "(0, 0, 0, 3, 0, 2)", "zen": {"score": 235.47555541992188, "time": 0.6668789270333946}, "val_accuracy": 84.75}, {"idx": "1520", "arch": "(1, 3, 4, 2, 0, 0)", "zen": {"score": 32.779945373535156, "time": 0.7321151331998408}, "val_accuracy": 84.91}, {"idx": "1521", "arch": "(3, 0, 0, 3, 1, 2)", "zen": {"score": 99.50704193115234, "time": 0.6816291329450905}, "val_accuracy": 89.33}, {"idx": "1522", "arch": "(3, 4, 1, 4, 4, 4)", "zen": {"score": 51.251834869384766, "time": 0.9371203240007162}, "val_accuracy": 78.2}, {"idx": "1523", "arch": "(1, 4, 1, 4, 4, 2)", "zen": {"score": 32.106239318847656, "time": 0.9104663971811533}, "val_accuracy": 79.12}, {"idx": "1524", "arch": "(2, 4, 0, 1, 3, 2)", "zen": {"score": 120.35152435302734, "time": 0.8059072862379253}, "val_accuracy": 90.05}, {"idx": "1525", "arch": "(4, 3, 0, 3, 0, 4)", "zen": {"score": 190.3133544921875, "time": 0.7910396470688283}, "val_accuracy": 82.33}, {"idx": "1526", "arch": "(1, 0, 4, 0, 1, 1)", "zen": {"score": 7.982497215270996, "time": 0.6098764771595597}, "val_accuracy": 71.45}, {"idx": "1527", "arch": "(0, 2, 4, 1, 2, 3)", "zen": {"score": 105.65142822265625, "time": 0.8128407620824873}, "val_accuracy": 89.73}, {"idx": "1528", "arch": "(0, 2, 2, 2, 3, 2)", "zen": {"score": 152.25396728515625, "time": 0.8587279440835118}, "val_accuracy": 89.73}, {"idx": "1529", "arch": "(4, 1, 4, 3, 1, 2)", "zen": {"score": 59.67815399169922, "time": 0.8257377990521491}, "val_accuracy": 79.88}, {"idx": "1530", "arch": "(4, 3, 4, 0, 1, 1)", "zen": {"score": 17.526676177978516, "time": 0.7456220616586506}, "val_accuracy": 71.48}, {"idx": "1531", "arch": "(1, 1, 1, 2, 4, 4)", "zen": {"score": -100000000.0, "time": 0.7691324837505817}, "val_accuracy": 10.0}, {"idx": "1532", "arch": "(3, 4, 4, 0, 4, 2)", "zen": {"score": 83.43499755859375, "time": 0.9621997480280697}, "val_accuracy": 86.22}, {"idx": "1533", "arch": "(3, 3, 4, 3, 2, 3)", "zen": {"score": 105.27490234375, "time": 0.874762574210763}, "val_accuracy": 88.03}, {"idx": "1534", "arch": "(4, 4, 3, 3, 4, 0)", "zen": {"score": 185.8375244140625, "time": 0.8866758150979877}, "val_accuracy": 79.65}, {"idx": "1535", "arch": "(3, 0, 4, 1, 3, 4)", "zen": {"score": 110.07202911376953, "time": 0.7909967312589288}, "val_accuracy": 84.21}, {"idx": "1536", "arch": "(3, 0, 2, 2, 4, 3)", "zen": {"score": 96.52352905273438, "time": 0.8838388132862747}, "val_accuracy": 89.49}, {"idx": "1537", "arch": "(3, 4, 1, 3, 1, 2)", "zen": {"score": 58.93914031982422, "time": 0.7792068556882441}, "val_accuracy": 86.88}, {"idx": "1538", "arch": "(4, 3, 1, 1, 4, 1)", "zen": {"score": 16.40577507019043, "time": 0.7932755891233683}, "val_accuracy": 62.51}, {"idx": "1539", "arch": "(0, 4, 0, 0, 0, 2)", "zen": {"score": 145.2797393798828, "time": 0.6653336207382381}, "val_accuracy": 85.11}, {"idx": "1540", "arch": "(0, 2, 3, 3, 2, 0)", "zen": {"score": 116.5002670288086, "time": 0.7398874522186816}, "val_accuracy": 88.95}, {"idx": "1541", "arch": "(0, 2, 2, 1, 0, 0)", "zen": {"score": 116.91445922851562, "time": 0.6366705279797316}, "val_accuracy": 89.1}, {"idx": "1542", "arch": "(4, 4, 3, 3, 0, 2)", "zen": {"score": 120.84110260009766, "time": 0.866469310130924}, "val_accuracy": 86.42}, {"idx": "1543", "arch": "(1, 4, 4, 4, 0, 0)", "zen": {"score": 26.457910537719727, "time": 0.7894111559726298}, "val_accuracy": 70.66}, {"idx": "1544", "arch": "(1, 1, 1, 1, 1, 2)", "zen": {"score": -100000000.0, "time": 0.5810775882564485}, "val_accuracy": 10.0}, {"idx": "1545", "arch": "(2, 1, 0, 0, 0, 4)", "zen": {"score": 71.97842407226562, "time": 0.6707386416383088}, "val_accuracy": 88.48}, {"idx": "1546", "arch": "(3, 3, 2, 3, 0, 0)", "zen": {"score": 91.95525360107422, "time": 0.725748703815043}, "val_accuracy": 88.33}, {"idx": "1547", "arch": "(0, 2, 4, 4, 2, 4)", "zen": {"score": 210.43014526367188, "time": 0.9311477541923523}, "val_accuracy": 83.86}, {"idx": "1548", "arch": "(3, 2, 1, 2, 2, 0)", "zen": {"score": 106.86857604980469, "time": 0.7758493949659169}, "val_accuracy": 88.77}, {"idx": "1549", "arch": "(4, 1, 1, 2, 2, 2)", "zen": {"score": 86.984130859375, "time": 0.8841232121922076}, "val_accuracy": 83.98}, {"idx": "1550", "arch": "(2, 2, 3, 1, 2, 2)", "zen": {"score": 138.9954833984375, "time": 0.8612838974222541}, "val_accuracy": 89.89}, {"idx": "1551", "arch": "(4, 3, 1, 1, 0, 3)", "zen": {"score": 43.15205383300781, "time": 0.7508953749202192}, "val_accuracy": 86.09}, {"idx": "1552", "arch": "(3, 0, 2, 1, 1, 1)", "zen": {"score": 46.460662841796875, "time": 0.6566609600558877}, "val_accuracy": 88.29}, {"idx": "1553", "arch": "(3, 0, 0, 2, 2, 0)", "zen": {"score": 171.47293090820312, "time": 0.6941831992007792}, "val_accuracy": 85.05}, {"idx": "1554", "arch": "(1, 1, 0, 4, 0, 3)", "zen": {"score": 9.870246887207031, "time": 0.6556028020568192}, "val_accuracy": 84.16}, {"idx": "1555", "arch": "(2, 3, 1, 4, 2, 1)", "zen": {"score": 70.62139892578125, "time": 0.8114564567804337}, "val_accuracy": 86.47}, {"idx": "1556", "arch": "(1, 1, 3, 4, 3, 0)", "zen": {"score": 20.96617889404297, "time": 0.7121223858557642}, "val_accuracy": 86.12}, {"idx": "1557", "arch": "(0, 4, 3, 1, 4, 4)", "zen": {"score": 103.27660369873047, "time": 0.8404551767744124}, "val_accuracy": 82.16}, {"idx": "1558", "arch": "(0, 3, 0, 4, 1, 2)", "zen": {"score": 91.8741455078125, "time": 0.7596724280156195}, "val_accuracy": 88.5}, {"idx": "1559", "arch": "(4, 1, 2, 4, 0, 4)", "zen": {"score": 116.52220153808594, "time": 0.8722388232126832}, "val_accuracy": 82.94}, {"idx": "1560", "arch": "(2, 2, 0, 1, 2, 4)", "zen": {"score": 135.09515380859375, "time": 0.8317537792026997}, "val_accuracy": 90.31}, {"idx": "1561", "arch": "(0, 2, 1, 3, 3, 2)", "zen": {"score": 97.7713394165039, "time": 0.763361216057092}, "val_accuracy": 89.77}, {"idx": "1562", "arch": "(0, 0, 0, 2, 2, 0)", "zen": {"score": 254.8096466064453, "time": 0.6499652490019798}, "val_accuracy": 84.9}, {"idx": "1563", "arch": "(0, 3, 4, 0, 2, 3)", "zen": {"score": 107.48443603515625, "time": 0.8000009921379387}, "val_accuracy": 87.77}, {"idx": "1564", "arch": "(2, 2, 2, 4, 1, 3)", "zen": {"score": 109.87689208984375, "time": 0.9039328629150987}, "val_accuracy": 88.94}, {"idx": "1565", "arch": "(4, 3, 1, 4, 4, 2)", "zen": {"score": 75.20870971679688, "time": 0.9879080159589648}, "val_accuracy": 84.36}, {"idx": "1566", "arch": "(3, 0, 1, 4, 0, 2)", "zen": {"score": 56.57236099243164, "time": 0.7285407236777246}, "val_accuracy": 88.91}, {"idx": "1567", "arch": "(2, 0, 2, 2, 4, 0)", "zen": {"score": 140.4109344482422, "time": 0.8263367121107876}, "val_accuracy": 90.25}, {"idx": "1568", "arch": "(2, 4, 0, 3, 0, 1)", "zen": {"score": 69.40345001220703, "time": 0.7220456637442112}, "val_accuracy": 88.75}, {"idx": "1569", "arch": "(1, 0, 0, 2, 2, 2)", "zen": {"score": 58.07740783691406, "time": 0.717436270788312}, "val_accuracy": 89.11}, {"idx": "1570", "arch": "(1, 2, 0, 0, 0, 2)", "zen": {"score": 84.06127166748047, "time": 0.6365064610727131}, "val_accuracy": 89.93}, {"idx": "1571", "arch": "(0, 2, 2, 4, 0, 1)", "zen": {"score": 106.47882843017578, "time": 0.735478987917304}, "val_accuracy": 88.73}, {"idx": "1572", "arch": "(2, 3, 0, 2, 2, 0)", "zen": {"score": 152.67117309570312, "time": 0.8096218788996339}, "val_accuracy": 90.8}, {"idx": "1573", "arch": "(0, 2, 4, 0, 4, 1)", "zen": {"score": 114.16769409179688, "time": 0.7635140051133931}, "val_accuracy": 71.01}, {"idx": "1574", "arch": "(0, 3, 3, 3, 1, 4)", "zen": {"score": 55.149818420410156, "time": 0.7534030359238386}, "val_accuracy": 86.63}, {"idx": "1575", "arch": "(1, 0, 3, 1, 1, 4)", "zen": {"score": 33.41364669799805, "time": 0.6841372032649815}, "val_accuracy": 85.29}, {"idx": "1576", "arch": "(3, 1, 2, 1, 4, 3)", "zen": {"score": 49.87568283081055, "time": 0.7758557670749724}, "val_accuracy": 88.08}, {"idx": "1577", "arch": "(4, 4, 1, 0, 4, 1)", "zen": {"score": 7.991865158081055, "time": 0.795125694014132}, "val_accuracy": 63.14}, {"idx": "1578", "arch": "(4, 3, 1, 4, 0, 4)", "zen": {"score": 104.93800354003906, "time": 0.8406883841380477}, "val_accuracy": 78.97}, {"idx": "1579", "arch": "(2, 4, 3, 2, 0, 3)", "zen": {"score": 97.93107604980469, "time": 0.840636873152107}, "val_accuracy": 89.43}, {"idx": "1580", "arch": "(1, 4, 1, 3, 2, 2)", "zen": {"score": 29.200458526611328, "time": 0.8082705610431731}, "val_accuracy": 79.57}, {"idx": "1581", "arch": "(0, 1, 2, 1, 4, 3)", "zen": {"score": 48.243194580078125, "time": 0.7290013898164034}, "val_accuracy": 87.16}, {"idx": "1582", "arch": "(0, 4, 3, 4, 1, 0)", "zen": {"score": 102.53604888916016, "time": 0.7499792608432472}, "val_accuracy": 82.59}, {"idx": "1583", "arch": "(2, 1, 1, 0, 1, 2)", "zen": {"score": 60.31180191040039, "time": 0.6795314690098166}, "val_accuracy": 87.16}, {"idx": "1584", "arch": "(4, 1, 2, 0, 2, 1)", "zen": {"score": 65.75822448730469, "time": 0.7619925308972597}, "val_accuracy": 88.37}, {"idx": "1585", "arch": "(3, 0, 2, 4, 1, 2)", "zen": {"score": 85.89691162109375, "time": 0.8142745909281075}, "val_accuracy": 89.08}, {"idx": "1586", "arch": "(1, 2, 3, 0, 3, 3)", "zen": {"score": 63.09201431274414, "time": 0.7292585279792547}, "val_accuracy": 89.08}, {"idx": "1587", "arch": "(2, 0, 3, 1, 2, 1)", "zen": {"score": 78.98471069335938, "time": 0.7217512582428753}, "val_accuracy": 89.58}, {"idx": "1588", "arch": "(2, 4, 0, 0, 1, 2)", "zen": {"score": 103.64291381835938, "time": 0.7553969831205904}, "val_accuracy": 89.95}, {"idx": "1589", "arch": "(0, 1, 1, 0, 0, 1)", "zen": {"score": 11.367607116699219, "time": 0.4960136660374701}, "val_accuracy": 83.9}, {"idx": "1590", "arch": "(4, 0, 4, 2, 4, 2)", "zen": {"score": 204.29124450683594, "time": 0.9339426611550152}, "val_accuracy": 82.65}, {"idx": "1591", "arch": "(2, 0, 1, 0, 4, 2)", "zen": {"score": 69.56224060058594, "time": 0.750799807254225}, "val_accuracy": 88.66}, {"idx": "1592", "arch": "(1, 0, 1, 0, 1, 1)", "zen": {"score": -100000000.0, "time": 0.5416150484234095}, "val_accuracy": 10.0}, {"idx": "1593", "arch": "(3, 0, 3, 3, 4, 3)", "zen": {"score": 68.93303680419922, "time": 0.8448203927837312}, "val_accuracy": 86.59}, {"idx": "1594", "arch": "(2, 2, 0, 3, 3, 1)", "zen": {"score": 123.75286865234375, "time": 0.7382960920222104}, "val_accuracy": 89.99}, {"idx": "1595", "arch": "(4, 4, 1, 0, 0, 3)", "zen": {"score": 50.51957321166992, "time": 0.7497330568730831}, "val_accuracy": 75.62}, {"idx": "1596", "arch": "(1, 3, 1, 1, 4, 1)", "zen": {"score": -100000000.0, "time": 0.663202868308872}, "val_accuracy": 10.0}, {"idx": "1597", "arch": "(1, 2, 0, 3, 0, 3)", "zen": {"score": 67.92132568359375, "time": 0.679404694121331}, "val_accuracy": 90.04}, {"idx": "1598", "arch": "(0, 1, 2, 4, 4, 0)", "zen": {"score": 115.23770904541016, "time": 0.7614375781267881}, "val_accuracy": 83.59}, {"idx": "1599", "arch": "(0, 1, 1, 3, 4, 0)", "zen": {"score": 34.718074798583984, "time": 0.6457928768359125}, "val_accuracy": 85.07}, {"idx": "1600", "arch": "(1, 2, 3, 3, 3, 0)", "zen": {"score": 52.33463668823242, "time": 0.7136222086846828}, "val_accuracy": 89.2}, {"idx": "1601", "arch": "(4, 1, 3, 0, 3, 1)", "zen": {"score": 38.1307258605957, "time": 0.7008487386628985}, "val_accuracy": 86.9}, {"idx": "1602", "arch": "(1, 3, 2, 2, 1, 0)", "zen": {"score": 54.01573944091797, "time": 0.7497631455771625}, "val_accuracy": 88.7}, {"idx": "1603", "arch": "(0, 2, 3, 2, 0, 0)", "zen": {"score": 158.42666625976562, "time": 0.6914096251130104}, "val_accuracy": 88.76}, {"idx": "1604", "arch": "(0, 1, 2, 0, 1, 1)", "zen": {"score": 36.39579391479492, "time": 0.581469704862684}, "val_accuracy": 88.05}, {"idx": "1605", "arch": "(3, 0, 3, 2, 0, 1)", "zen": {"score": 62.61571502685547, "time": 0.685268766246736}, "val_accuracy": 85.88}, {"idx": "1606", "arch": "(1, 0, 2, 0, 2, 1)", "zen": {"score": 34.841373443603516, "time": 0.6531316800974309}, "val_accuracy": 88.58}, {"idx": "1607", "arch": "(2, 1, 1, 3, 1, 3)", "zen": {"score": 55.21699523925781, "time": 0.6918666907586157}, "val_accuracy": 85.21}, {"idx": "1608", "arch": "(3, 2, 3, 0, 1, 4)", "zen": {"score": 70.75392150878906, "time": 0.7674954002723098}, "val_accuracy": 87.33}, {"idx": "1609", "arch": "(4, 1, 2, 3, 2, 2)", "zen": {"score": 109.28286743164062, "time": 0.8797769541852176}, "val_accuracy": 88.63}, {"idx": "1610", "arch": "(2, 2, 0, 0, 4, 2)", "zen": {"score": 140.93020629882812, "time": 0.8129573920741677}, "val_accuracy": 90.41}, {"idx": "1611", "arch": "(3, 3, 0, 0, 0, 3)", "zen": {"score": 93.71627807617188, "time": 0.6824919190257788}, "val_accuracy": 87.27}, {"idx": "1612", "arch": "(0, 1, 1, 3, 0, 2)", "zen": {"score": 67.92832946777344, "time": 0.6335839862003922}, "val_accuracy": 89.23}, {"idx": "1613", "arch": "(3, 3, 1, 0, 1, 1)", "zen": {"score": -100000000.0, "time": 0.6153510259464383}, "val_accuracy": 10.0}, {"idx": "1614", "arch": "(0, 0, 1, 3, 1, 0)", "zen": {"score": 46.009544372558594, "time": 0.5473913922905922}, "val_accuracy": 86.61}, {"idx": "1615", "arch": "(1, 1, 2, 2, 0, 0)", "zen": {"score": 34.84291076660156, "time": 0.6395167289301753}, "val_accuracy": 88.59}, {"idx": "1616", "arch": "(2, 3, 2, 4, 1, 0)", "zen": {"score": 86.67169952392578, "time": 0.8059762087650597}, "val_accuracy": 88.87}, {"idx": "1617", "arch": "(1, 0, 1, 3, 1, 2)", "zen": {"score": 34.7610969543457, "time": 0.6348745920695364}, "val_accuracy": 88.37}, {"idx": "1618", "arch": "(1, 3, 1, 4, 4, 2)", "zen": {"score": 46.14530944824219, "time": 0.8524822909384966}, "val_accuracy": 87.37}, {"idx": "1619", "arch": "(2, 1, 0, 2, 2, 3)", "zen": {"score": 118.98628234863281, "time": 0.7923817089758813}, "val_accuracy": 90.85}, {"idx": "1620", "arch": "(3, 2, 0, 0, 3, 3)", "zen": {"score": 122.60969543457031, "time": 0.7286221240647137}, "val_accuracy": 90.46}, {"idx": "1621", "arch": "(3, 4, 1, 3, 4, 3)", "zen": {"score": 48.509525299072266, "time": 0.8417108790017664}, "val_accuracy": 84.67}, {"idx": "1622", "arch": "(1, 0, 4, 0, 0, 4)", "zen": {"score": 26.73381233215332, "time": 0.6750384140759706}, "val_accuracy": 70.1}, {"idx": "1623", "arch": "(1, 1, 2, 1, 4, 1)", "zen": {"score": 36.2896728515625, "time": 0.6774720563553274}, "val_accuracy": 88.76}, {"idx": "1624", "arch": "(2, 0, 4, 3, 0, 3)", "zen": {"score": 89.17341613769531, "time": 0.8265756820328534}, "val_accuracy": 88.44}, {"idx": "1625", "arch": "(4, 2, 3, 4, 0, 2)", "zen": {"score": 131.39894104003906, "time": 0.893413033336401}, "val_accuracy": 87.25}, {"idx": "1626", "arch": "(4, 2, 1, 1, 3, 0)", "zen": {"score": 52.35811233520508, "time": 0.7349556419067085}, "val_accuracy": 88.72}, {"idx": "1627", "arch": "(1, 4, 0, 1, 2, 1)", "zen": {"score": 9.952106475830078, "time": 0.6773045500740409}, "val_accuracy": 84.2}, {"idx": "1628", "arch": "(1, 3, 4, 0, 4, 0)", "zen": {"score": 34.698097229003906, "time": 0.778140211943537}, "val_accuracy": 84.63}, {"idx": "1629", "arch": "(0, 0, 3, 0, 4, 3)", "zen": {"score": 74.36217498779297, "time": 0.6918526249937713}, "val_accuracy": 85.21}, {"idx": "1630", "arch": "(1, 4, 2, 4, 1, 0)", "zen": {"score": 49.5076789855957, "time": 0.7863489096052945}, "val_accuracy": 86.98}, {"idx": "1631", "arch": "(0, 1, 3, 2, 3, 3)", "zen": {"score": 86.21336364746094, "time": 0.7212048131041229}, "val_accuracy": 89.82}, {"idx": "1632", "arch": "(0, 3, 1, 0, 2, 3)", "zen": {"score": 72.61450958251953, "time": 0.6693324157968163}, "val_accuracy": 89.11}, {"idx": "1633", "arch": "(3, 3, 0, 3, 1, 0)", "zen": {"score": 93.44465637207031, "time": 0.6581305819563568}, "val_accuracy": 88.06}, {"idx": "1634", "arch": "(1, 2, 4, 1, 2, 3)", "zen": {"score": 56.45322036743164, "time": 0.8146711057052016}, "val_accuracy": 88.41}, {"idx": "1635", "arch": "(1, 2, 1, 4, 2, 2)", "zen": {"score": 58.89518737792969, "time": 0.8410534211434424}, "val_accuracy": 86.2}, {"idx": "1636", "arch": "(4, 1, 3, 1, 4, 4)", "zen": {"score": 35.76979446411133, "time": 0.9005088349804282}, "val_accuracy": 84.15}, {"idx": "1637", "arch": "(4, 3, 3, 0, 0, 1)", "zen": {"score": 55.60397720336914, "time": 0.6974864220246673}, "val_accuracy": 85.27}, {"idx": "1638", "arch": "(3, 0, 2, 1, 4, 2)", "zen": {"score": 87.63422393798828, "time": 0.8008290128782392}, "val_accuracy": 88.46}, {"idx": "1639", "arch": "(2, 1, 2, 1, 1, 2)", "zen": {"score": 58.805328369140625, "time": 0.735978483222425}, "val_accuracy": 88.12}, {"idx": "1640", "arch": "(0, 3, 3, 1, 0, 0)", "zen": {"score": 84.32539367675781, "time": 0.593870515935123}, "val_accuracy": 86.13}, {"idx": "1641", "arch": "(3, 1, 1, 0, 3, 4)", "zen": {"score": 34.33371353149414, "time": 0.6977767702192068}, "val_accuracy": 85.12}, {"idx": "1642", "arch": "(3, 3, 3, 4, 4, 4)", "zen": {"score": 68.14118957519531, "time": 0.9685900299809873}, "val_accuracy": 86.65}, {"idx": "1643", "arch": "(1, 1, 1, 4, 4, 0)", "zen": {"score": -100000000.0, "time": 0.7010884443297982}, "val_accuracy": 10.0}, {"idx": "1644", "arch": "(0, 1, 0, 1, 4, 1)", "zen": {"score": 26.999664306640625, "time": 0.6055684629827738}, "val_accuracy": 78.41}, {"idx": "1645", "arch": "(1, 3, 4, 4, 0, 0)", "zen": {"score": 33.42505645751953, "time": 0.7454780749976635}, "val_accuracy": 85.91}, {"idx": "1646", "arch": "(2, 2, 4, 1, 1, 3)", "zen": {"score": 92.57585906982422, "time": 0.8253267239779234}, "val_accuracy": 88.0}, {"idx": "1647", "arch": "(4, 4, 3, 2, 0, 1)", "zen": {"score": 67.9776840209961, "time": 0.8407120811752975}, "val_accuracy": 84.96}, {"idx": "1648", "arch": "(3, 3, 1, 1, 2, 4)", "zen": {"score": 60.48593521118164, "time": 0.8552775853313506}, "val_accuracy": 87.57}, {"idx": "1649", "arch": "(0, 1, 3, 1, 0, 1)", "zen": {"score": 44.715065002441406, "time": 0.5692794690839946}, "val_accuracy": 86.49}, {"idx": "1650", "arch": "(0, 1, 1, 2, 1, 0)", "zen": {"score": 36.3134880065918, "time": 0.5759436558000743}, "val_accuracy": 88.53}, {"idx": "1651", "arch": "(1, 4, 0, 4, 2, 2)", "zen": {"score": 57.14939498901367, "time": 0.8483211477287114}, "val_accuracy": 86.8}, {"idx": "1652", "arch": "(0, 2, 2, 4, 3, 2)", "zen": {"score": 121.22701263427734, "time": 0.8746118941344321}, "val_accuracy": 89.28}, {"idx": "1653", "arch": "(0, 2, 4, 3, 2, 3)", "zen": {"score": 136.9612579345703, "time": 0.8539984310045838}, "val_accuracy": 89.03}, {"idx": "1654", "arch": "(4, 1, 1, 1, 2, 1)", "zen": {"score": 32.344886779785156, "time": 0.6949769025668502}, "val_accuracy": 79.97}, {"idx": "1655", "arch": "(1, 3, 0, 3, 0, 0)", "zen": {"score": 43.881099700927734, "time": 0.6378327268175781}, "val_accuracy": 86.36}, {"idx": "1656", "arch": "(4, 4, 2, 4, 2, 3)", "zen": {"score": 94.13024139404297, "time": 1.0070655038580298}, "val_accuracy": 87.14}, {"idx": "1657", "arch": "(3, 4, 3, 1, 4, 2)", "zen": {"score": 72.13679504394531, "time": 0.8717979630455375}, "val_accuracy": 87.76}, {"idx": "1658", "arch": "(3, 3, 1, 4, 2, 1)", "zen": {"score": 56.43079376220703, "time": 0.7826555939391255}, "val_accuracy": 87.21}, {"idx": "1659", "arch": "(2, 4, 3, 2, 3, 4)", "zen": {"score": 115.94039916992188, "time": 0.9237720379605889}, "val_accuracy": 88.32}, {"idx": "1660", "arch": "(3, 2, 4, 1, 1, 4)", "zen": {"score": 81.16936492919922, "time": 0.8143596299923956}, "val_accuracy": 84.29}, {"idx": "1661", "arch": "(3, 0, 2, 4, 4, 3)", "zen": {"score": 73.98945617675781, "time": 0.8919619317166507}, "val_accuracy": 88.32}, {"idx": "1662", "arch": "(3, 2, 2, 2, 2, 3)", "zen": {"score": 150.6754608154297, "time": 0.9021695908159018}, "val_accuracy": 89.41}, {"idx": "1663", "arch": "(1, 1, 1, 3, 0, 2)", "zen": {"score": -100000000.0, "time": 0.6408669170923531}, "val_accuracy": 10.0}, {"idx": "1664", "arch": "(4, 3, 2, 4, 4, 1)", "zen": {"score": 73.02532196044922, "time": 0.9227455230429769}, "val_accuracy": 85.82}, {"idx": "1665", "arch": "(2, 4, 4, 2, 4, 0)", "zen": {"score": 144.28652954101562, "time": 0.9282652931287885}, "val_accuracy": 85.37}, {"idx": "1666", "arch": "(0, 1, 0, 4, 4, 2)", "zen": {"score": 126.18523406982422, "time": 0.757507982198149}, "val_accuracy": 83.04}, {"idx": "1667", "arch": "(4, 2, 3, 3, 2, 0)", "zen": {"score": 111.38330078125, "time": 0.8375836410559714}, "val_accuracy": 88.69}, {"idx": "1668", "arch": "(3, 3, 4, 1, 3, 0)", "zen": {"score": 73.1846923828125, "time": 0.7650357750244439}, "val_accuracy": 86.54}, {"idx": "1669", "arch": "(2, 2, 4, 4, 1, 4)", "zen": {"score": 104.57144165039062, "time": 0.9223236539401114}, "val_accuracy": 83.18}, {"idx": "1670", "arch": "(0, 2, 2, 3, 0, 0)", "zen": {"score": 159.42935180664062, "time": 0.6729691629298031}, "val_accuracy": 88.63}, {"idx": "1671", "arch": "(3, 4, 3, 1, 0, 4)", "zen": {"score": 66.25147247314453, "time": 0.7722715870477259}, "val_accuracy": 85.34}, {"idx": "1672", "arch": "(0, 3, 3, 2, 1, 3)", "zen": {"score": 83.1699447631836, "time": 0.719862591009587}, "val_accuracy": 89.14}, {"idx": "1673", "arch": "(1, 0, 3, 0, 1, 3)", "zen": {"score": 40.841514587402344, "time": 0.6513320370577276}, "val_accuracy": 86.37}, {"idx": "1674", "arch": "(4, 4, 4, 4, 2, 3)", "zen": {"score": 101.41229248046875, "time": 0.9905771929770708}, "val_accuracy": 79.23}, {"idx": "1675", "arch": "(3, 1, 2, 0, 4, 2)", "zen": {"score": 81.26493835449219, "time": 0.7817615517415106}, "val_accuracy": 87.82}, {"idx": "1676", "arch": "(2, 1, 3, 2, 3, 1)", "zen": {"score": 87.15934753417969, "time": 0.7323030792176723}, "val_accuracy": 89.28}, {"idx": "1677", "arch": "(4, 4, 2, 0, 4, 0)", "zen": {"score": 162.9200897216797, "time": 0.8319029859267175}, "val_accuracy": 73.39}, {"idx": "1678", "arch": "(4, 1, 1, 4, 2, 2)", "zen": {"score": 63.522064208984375, "time": 0.8291954440064728}, "val_accuracy": 78.86}, {"idx": "1679", "arch": "(1, 2, 1, 3, 4, 0)", "zen": {"score": 34.77885055541992, "time": 0.7372461860068142}, "val_accuracy": 88.1}, {"idx": "1680", "arch": "(3, 0, 0, 4, 2, 0)", "zen": {"score": 146.88851928710938, "time": 0.7237749448977411}, "val_accuracy": 85.6}, {"idx": "1681", "arch": "(3, 1, 3, 2, 2, 4)", "zen": {"score": 87.28297424316406, "time": 0.8552612108178437}, "val_accuracy": 88.75}, {"idx": "1682", "arch": "(3, 0, 3, 2, 3, 2)", "zen": {"score": 110.79637908935547, "time": 0.7973272819072008}, "val_accuracy": 90.13}, {"idx": "1683", "arch": "(0, 4, 3, 3, 4, 4)", "zen": {"score": 179.17572021484375, "time": 0.9435618086718023}, "val_accuracy": 78.72}, {"idx": "1684", "arch": "(4, 4, 1, 3, 3, 1)", "zen": {"score": 29.18437957763672, "time": 0.8123705568723381}, "val_accuracy": 75.09}, {"idx": "1685", "arch": "(4, 3, 2, 3, 0, 3)", "zen": {"score": 133.40650939941406, "time": 0.8257123213261366}, "val_accuracy": 87.53}, {"idx": "1686", "arch": "(2, 2, 0, 3, 2, 4)", "zen": {"score": 148.09872436523438, "time": 0.877723942976445}, "val_accuracy": 90.52}, {"idx": "1687", "arch": "(0, 0, 2, 2, 4, 3)", "zen": {"score": 120.38648986816406, "time": 0.7951476997695863}, "val_accuracy": 88.45}, {"idx": "1688", "arch": "(2, 2, 3, 0, 2, 3)", "zen": {"score": 129.31321716308594, "time": 0.8269763919524848}, "val_accuracy": 89.75}, {"idx": "1689", "arch": "(0, 2, 4, 2, 3, 1)", "zen": {"score": 107.0207748413086, "time": 0.8397402670234442}, "val_accuracy": 84.92}, {"idx": "1690", "arch": "(0, 4, 0, 3, 1, 1)", "zen": {"score": 32.738441467285156, "time": 0.6507828258909285}, "val_accuracy": 84.21}, {"idx": "1691", "arch": "(2, 2, 4, 0, 3, 1)", "zen": {"score": 94.67265319824219, "time": 0.8063550600782037}, "val_accuracy": 87.66}, {"idx": "1692", "arch": "(3, 1, 2, 0, 0, 4)", "zen": {"score": 62.969261169433594, "time": 0.7228845292702317}, "val_accuracy": 88.04}, {"idx": "1693", "arch": "(1, 1, 0, 2, 1, 0)", "zen": {"score": 9.960399627685547, "time": 0.5820109401829541}, "val_accuracy": 84.31}, {"idx": "1694", "arch": "(1, 4, 0, 3, 4, 0)", "zen": {"score": 25.897239685058594, "time": 0.7391489678993821}, "val_accuracy": 77.56}, {"idx": "1695", "arch": "(3, 0, 4, 2, 4, 2)", "zen": {"score": 109.0691146850586, "time": 0.8958220463246107}, "val_accuracy": 88.0}, {"idx": "1696", "arch": "(2, 1, 4, 2, 1, 2)", "zen": {"score": 95.46644592285156, "time": 0.8271653270348907}, "val_accuracy": 88.33}, {"idx": "1697", "arch": "(4, 1, 2, 2, 1, 1)", "zen": {"score": 47.628936767578125, "time": 0.7664400790818036}, "val_accuracy": 88.74}, {"idx": "1698", "arch": "(3, 2, 4, 0, 2, 2)", "zen": {"score": 130.16822814941406, "time": 0.8688312279991806}, "val_accuracy": 88.28}, {"idx": "1699", "arch": "(1, 0, 2, 0, 1, 4)", "zen": {"score": 50.72580337524414, "time": 0.6702941609546542}, "val_accuracy": 87.63}, {"idx": "1700", "arch": "(4, 4, 2, 3, 4, 1)", "zen": {"score": 68.23651885986328, "time": 0.9149670409969985}, "val_accuracy": 85.86}, {"idx": "1701", "arch": "(4, 2, 1, 4, 1, 2)", "zen": {"score": 62.492042541503906, "time": 0.8605762952938676}, "val_accuracy": 86.93}, {"idx": "1702", "arch": "(2, 0, 4, 3, 3, 4)", "zen": {"score": 134.80751037597656, "time": 0.8991264868527651}, "val_accuracy": 85.73}, {"idx": "1703", "arch": "(3, 0, 3, 1, 0, 0)", "zen": {"score": 83.79647064208984, "time": 0.6087766140699387}, "val_accuracy": 86.29}, {"idx": "1704", "arch": "(0, 4, 1, 3, 2, 1)", "zen": {"score": 46.517024993896484, "time": 0.7379897651262581}, "val_accuracy": 88.13}, {"idx": "1705", "arch": "(3, 3, 3, 2, 3, 0)", "zen": {"score": 100.14080810546875, "time": 0.7824122351594269}, "val_accuracy": 88.38}, {"idx": "1706", "arch": "(1, 4, 4, 1, 1, 0)", "zen": {"score": 25.988887786865234, "time": 0.6995253460481763}, "val_accuracy": 70.78}, {"idx": "1707", "arch": "(2, 1, 4, 0, 2, 4)", "zen": {"score": 79.30226135253906, "time": 0.8431541197933257}, "val_accuracy": 87.61}, {"idx": "1708", "arch": "(0, 3, 0, 0, 4, 1)", "zen": {"score": 102.9498519897461, "time": 0.6339564179070294}, "val_accuracy": 78.49}, {"idx": "1709", "arch": "(3, 0, 4, 2, 0, 4)", "zen": {"score": 128.05670166015625, "time": 0.8128609419800341}, "val_accuracy": 85.03}, {"idx": "1710", "arch": "(2, 0, 1, 2, 4, 2)", "zen": {"score": 91.9547119140625, "time": 0.8247652999125421}, "val_accuracy": 88.75}, {"idx": "1711", "arch": "(1, 3, 1, 3, 4, 1)", "zen": {"score": -100000000.0, "time": 0.7179814479313791}, "val_accuracy": 10.0}, {"idx": "1712", "arch": "(4, 3, 1, 2, 1, 1)", "zen": {"score": -100000000.0, "time": 0.7321082572452724}, "val_accuracy": 10.0}, {"idx": "1713", "arch": "(3, 4, 2, 3, 4, 2)", "zen": {"score": 95.84629821777344, "time": 0.9549119733273983}, "val_accuracy": 88.73}, {"idx": "1714", "arch": "(4, 2, 1, 1, 2, 3)", "zen": {"score": 75.88280487060547, "time": 0.8194021359086037}, "val_accuracy": 88.01}, {"idx": "1715", "arch": "(4, 1, 4, 1, 0, 0)", "zen": {"score": 25.987770080566406, "time": 0.7140237260609865}, "val_accuracy": 71.54}, {"idx": "1716", "arch": "(1, 1, 2, 0, 4, 0)", "zen": {"score": 36.39890670776367, "time": 0.7224058248102665}, "val_accuracy": 88.39}, {"idx": "1717", "arch": "(1, 3, 4, 2, 3, 3)", "zen": {"score": 39.58726501464844, "time": 0.8279339019209146}, "val_accuracy": 85.94}, {"idx": "1718", "arch": "(2, 2, 2, 1, 2, 3)", "zen": {"score": 139.93630981445312, "time": 0.8497100747190416}, "val_accuracy": 89.61}, {"idx": "1719", "arch": "(2, 2, 0, 2, 3, 2)", "zen": {"score": 175.19570922851562, "time": 0.8397345282137394}, "val_accuracy": 91.32}, {"idx": "1720", "arch": "(3, 0, 3, 4, 0, 1)", "zen": {"score": 41.11707305908203, "time": 0.6967263799160719}, "val_accuracy": 85.78}, {"idx": "1721", "arch": "(2, 1, 2, 0, 0, 1)", "zen": {"score": 70.36602783203125, "time": 0.6454756851308048}, "val_accuracy": 88.54}, {"idx": "1722", "arch": "(0, 1, 3, 1, 3, 2)", "zen": {"score": 39.315147399902344, "time": 0.6775323343463242}, "val_accuracy": 85.74}, {"idx": "1723", "arch": "(0, 0, 2, 4, 1, 2)", "zen": {"score": 76.34703826904297, "time": 0.7514649769291282}, "val_accuracy": 88.96}, {"idx": "1724", "arch": "(1, 4, 4, 4, 1, 1)", "zen": {"score": 8.19457721710205, "time": 0.8180880048312247}, "val_accuracy": 71.63}, {"idx": "1725", "arch": "(1, 2, 2, 0, 0, 1)", "zen": {"score": 61.078739166259766, "time": 0.651655213907361}, "val_accuracy": 88.45}, {"idx": "1726", "arch": "(2, 3, 4, 2, 4, 0)", "zen": {"score": 111.24198913574219, "time": 0.9026273279450834}, "val_accuracy": 88.68}, {"idx": "1727", "arch": "(1, 2, 2, 4, 4, 0)", "zen": {"score": 70.40640258789062, "time": 0.8548007598146796}, "val_accuracy": 89.2}, {"idx": "1728", "arch": "(2, 4, 2, 2, 4, 2)", "zen": {"score": 125.5325927734375, "time": 0.9889476299285889}, "val_accuracy": 88.43}, {"idx": "1729", "arch": "(2, 0, 2, 0, 3, 1)", "zen": {"score": 79.91241455078125, "time": 0.7043064222671092}, "val_accuracy": 89.23}, {"idx": "1730", "arch": "(3, 1, 3, 0, 0, 0)", "zen": {"score": 53.035316467285156, "time": 0.6348635661415756}, "val_accuracy": 86.48}, {"idx": "1731", "arch": "(3, 4, 2, 2, 0, 4)", "zen": {"score": 107.67119598388672, "time": 0.8898717979900539}, "val_accuracy": 87.13}, {"idx": "1732", "arch": "(0, 1, 0, 0, 4, 0)", "zen": {"score": 40.05733871459961, "time": 0.5876432936638594}, "val_accuracy": 66.63}, {"idx": "1733", "arch": "(4, 1, 4, 4, 0, 1)", "zen": {"score": 26.87517738342285, "time": 0.7943005422130227}, "val_accuracy": 70.14}, {"idx": "1734", "arch": "(3, 2, 0, 2, 3, 3)", "zen": {"score": 144.19776916503906, "time": 0.7891712747514248}, "val_accuracy": 90.65}, {"idx": "1735", "arch": "(2, 2, 0, 1, 0, 0)", "zen": {"score": 115.54963684082031, "time": 0.6338121858425438}, "val_accuracy": 88.78}, {"idx": "1736", "arch": "(3, 3, 4, 4, 1, 2)", "zen": {"score": 86.72161865234375, "time": 0.8764326670207083}, "val_accuracy": 87.4}, {"idx": "1737", "arch": "(4, 2, 1, 3, 3, 0)", "zen": {"score": 73.02664184570312, "time": 0.7807341860607266}, "val_accuracy": 88.25}, {"idx": "1738", "arch": "(2, 2, 2, 4, 2, 4)", "zen": {"score": 129.08103942871094, "time": 0.9861591057851911}, "val_accuracy": 89.36}, {"idx": "1739", "arch": "(1, 3, 3, 2, 3, 4)", "zen": {"score": 32.9500846862793, "time": 0.8225630070082843}, "val_accuracy": 86.28}, {"idx": "1740", "arch": "(2, 4, 2, 2, 0, 4)", "zen": {"score": 120.9192123413086, "time": 0.9161468702368438}, "val_accuracy": 87.73}, {"idx": "1741", "arch": "(2, 0, 3, 0, 4, 1)", "zen": {"score": 51.1678352355957, "time": 0.7175993570126593}, "val_accuracy": 88.45}, {"idx": "1742", "arch": "(0, 3, 1, 2, 2, 3)", "zen": {"score": 97.59902954101562, "time": 0.7623767741024494}, "val_accuracy": 89.11}, {"idx": "1743", "arch": "(1, 3, 3, 1, 4, 0)", "zen": {"score": 41.14937210083008, "time": 0.7564608948305249}, "val_accuracy": 85.43}, {"idx": "1744", "arch": "(3, 4, 3, 0, 4, 1)", "zen": {"score": 36.447967529296875, "time": 0.8127315873280168}, "val_accuracy": 86.72}, {"idx": "1745", "arch": "(4, 3, 3, 2, 0, 1)", "zen": {"score": 85.73453521728516, "time": 0.7913928511552513}, "val_accuracy": 85.52}, {"idx": "1746", "arch": "(0, 4, 2, 4, 2, 1)", "zen": {"score": 70.25377655029297, "time": 0.8666195729747415}, "val_accuracy": 88.14}, {"idx": "1747", "arch": "(2, 4, 4, 2, 3, 3)", "zen": {"score": 113.43427276611328, "time": 0.9535398259758949}, "val_accuracy": 88.85}, {"idx": "1748", "arch": "(2, 1, 3, 4, 1, 2)", "zen": {"score": 73.05168151855469, "time": 0.8240058496594429}, "val_accuracy": 89.04}, {"idx": "1749", "arch": "(1, 1, 3, 0, 2, 4)", "zen": {"score": 20.885635375976562, "time": 0.7227582293562591}, "val_accuracy": 85.05}]