[{"idx": "9500", "arch": "(1, 0, 3, 4, 2, 2)", "zen": {"score": 53.922733306884766, "time": 1.2372893141582608}, "val_accuracy": 88.95}, {"idx": "9501", "arch": "(3, 3, 4, 3, 1, 0)", "zen": {"score": 73.77584838867188, "time": 0.7797602852806449}, "val_accuracy": 86.73}, {"idx": "9502", "arch": "(4, 1, 4, 3, 3, 4)", "zen": {"score": 76.30009460449219, "time": 0.9116581967100501}, "val_accuracy": 75.8}, {"idx": "9503", "arch": "(2, 1, 4, 3, 2, 0)", "zen": {"score": 84.52405548095703, "time": 0.8199969059787691}, "val_accuracy": 88.48}, {"idx": "9504", "arch": "(3, 1, 0, 4, 3, 0)", "zen": {"score": 57.9620361328125, "time": 0.7171371821314096}, "val_accuracy": 86.87}, {"idx": "9505", "arch": "(1, 1, 0, 1, 2, 4)", "zen": {"score": 9.834184646606445, "time": 0.6973050311207771}, "val_accuracy": 83.78}, {"idx": "9506", "arch": "(3, 0, 4, 1, 2, 1)", "zen": {"score": 56.14091491699219, "time": 0.7969334800727665}, "val_accuracy": 86.98}, {"idx": "9507", "arch": "(2, 0, 2, 0, 2, 0)", "zen": {"score": 143.8244171142578, "time": 0.7508249497041106}, "val_accuracy": 90.52}, {"idx": "9508", "arch": "(2, 3, 4, 0, 0, 0)", "zen": {"score": 96.789794921875, "time": 0.7391550918109715}, "val_accuracy": 87.26}, {"idx": "9509", "arch": "(1, 4, 3, 2, 4, 0)", "zen": {"score": 34.199546813964844, "time": 0.852940792683512}, "val_accuracy": 85.22}, {"idx": "9510", "arch": "(1, 3, 0, 1, 3, 2)", "zen": {"score": 67.7972183227539, "time": 0.7130155730992556}, "val_accuracy": 88.97}, {"idx": "9511", "arch": "(3, 2, 4, 1, 3, 4)", "zen": {"score": 91.09569549560547, "time": 0.89614128600806}, "val_accuracy": 86.62}, {"idx": "9512", "arch": "(2, 2, 0, 2, 4, 3)", "zen": {"score": 147.7135772705078, "time": 0.9381033098325133}, "val_accuracy": 91.2}, {"idx": "9513", "arch": "(1, 1, 3, 1, 2, 0)", "zen": {"score": 20.832956314086914, "time": 0.7371162590570748}, "val_accuracy": 85.42}, {"idx": "9514", "arch": "(2, 4, 2, 0, 4, 3)", "zen": {"score": 88.38443756103516, "time": 0.9319742131046951}, "val_accuracy": 88.22}, {"idx": "9515", "arch": "(4, 1, 0, 2, 4, 4)", "zen": {"score": 123.99700927734375, "time": 0.8988292799331248}, "val_accuracy": 81.61}, {"idx": "9516", "arch": "(2, 0, 1, 3, 4, 4)", "zen": {"score": 66.3175277709961, "time": 0.8917339378967881}, "val_accuracy": 86.31}, {"idx": "9517", "arch": "(2, 2, 3, 2, 0, 3)", "zen": {"score": 128.44215393066406, "time": 0.8854831978678703}, "val_accuracy": 89.87}, {"idx": "9518", "arch": "(4, 3, 2, 2, 3, 2)", "zen": {"score": 128.71041870117188, "time": 0.9579485352151096}, "val_accuracy": 89.29}, {"idx": "9519", "arch": "(1, 4, 4, 4, 2, 2)", "zen": {"score": 52.92958068847656, "time": 0.9551987769082189}, "val_accuracy": 80.24}, {"idx": "9520", "arch": "(3, 3, 2, 3, 2, 2)", "zen": {"score": 137.99124145507812, "time": 0.8936190558597445}, "val_accuracy": 89.12}, {"idx": "9521", "arch": "(0, 3, 1, 2, 1, 2)", "zen": {"score": 75.43248748779297, "time": 0.7292327089235187}, "val_accuracy": 87.42}, {"idx": "9522", "arch": "(1, 4, 3, 2, 0, 2)", "zen": {"score": 49.275978088378906, "time": 0.8242635759525001}, "val_accuracy": 87.83}, {"idx": "9523", "arch": "(2, 3, 4, 4, 0, 1)", "zen": {"score": 70.90909576416016, "time": 0.8510027402080595}, "val_accuracy": 87.07}, {"idx": "9524", "arch": "(3, 2, 1, 2, 4, 2)", "zen": {"score": 101.18728637695312, "time": 0.911849691066891}, "val_accuracy": 88.28}, {"idx": "9525", "arch": "(2, 3, 1, 0, 1, 0)", "zen": {"score": 55.515499114990234, "time": 0.6423552348278463}, "val_accuracy": 89.11}, {"idx": "9526", "arch": "(4, 0, 2, 0, 4, 3)", "zen": {"score": 90.78689575195312, "time": 0.8849491672590375}, "val_accuracy": 86.55}, {"idx": "9527", "arch": "(0, 3, 4, 1, 0, 4)", "zen": {"score": 106.1100845336914, "time": 0.7676077950745821}, "val_accuracy": 83.43}, {"idx": "9528", "arch": "(0, 2, 1, 4, 1, 3)", "zen": {"score": 49.14859390258789, "time": 0.8279806496575475}, "val_accuracy": 87.25}, {"idx": "9529", "arch": "(2, 0, 2, 3, 2, 1)", "zen": {"score": 102.15766906738281, "time": 0.7957261721603572}, "val_accuracy": 89.62}, {"idx": "9530", "arch": "(2, 3, 1, 4, 4, 3)", "zen": {"score": 63.54471969604492, "time": 0.957575669977814}, "val_accuracy": 87.67}, {"idx": "9531", "arch": "(2, 2, 0, 1, 1, 1)", "zen": {"score": 83.01290893554688, "time": 0.6704906579107046}, "val_accuracy": 83.98}, {"idx": "9532", "arch": "(1, 0, 0, 3, 0, 3)", "zen": {"score": 42.69647979736328, "time": 0.6073143729008734}, "val_accuracy": 86.38}, {"idx": "9533", "arch": "(1, 3, 0, 4, 3, 3)", "zen": {"score": 52.057621002197266, "time": 0.7689891969785094}, "val_accuracy": 87.62}, {"idx": "9534", "arch": "(1, 4, 2, 1, 1, 2)", "zen": {"score": 64.94552612304688, "time": 0.7958675930276513}, "val_accuracy": 88.78}, {"idx": "9535", "arch": "(2, 3, 0, 3, 0, 1)", "zen": {"score": 97.95502471923828, "time": 0.699476073961705}, "val_accuracy": 88.87}, {"idx": "9536", "arch": "(3, 0, 1, 4, 2, 4)", "zen": {"score": 60.51921081542969, "time": 0.8817192567512393}, "val_accuracy": 86.9}, {"idx": "9537", "arch": "(4, 3, 2, 1, 0, 0)", "zen": {"score": 82.8321533203125, "time": 0.7416042126715183}, "val_accuracy": 87.66}, {"idx": "9538", "arch": "(4, 3, 4, 1, 2, 1)", "zen": {"score": 80.15234375, "time": 0.8582391529344022}, "val_accuracy": 79.03}, {"idx": "9539", "arch": "(1, 0, 0, 2, 4, 4)", "zen": {"score": 26.12825584411621, "time": 0.7831282927654684}, "val_accuracy": 77.53}, {"idx": "9540", "arch": "(4, 0, 0, 1, 1, 4)", "zen": {"score": 27.18479347229004, "time": 0.7013369677588344}, "val_accuracy": 78.49}, {"idx": "9541", "arch": "(1, 2, 0, 0, 2, 4)", "zen": {"score": 55.55046463012695, "time": 0.7648009448312223}, "val_accuracy": 88.24}, {"idx": "9542", "arch": "(0, 0, 2, 0, 3, 4)", "zen": {"score": 190.0374298095703, "time": 0.754670605994761}, "val_accuracy": 83.66}, {"idx": "9543", "arch": "(4, 3, 0, 2, 4, 4)", "zen": {"score": 201.0426788330078, "time": 0.9389948919415474}, "val_accuracy": 81.02}, {"idx": "9544", "arch": "(4, 0, 2, 4, 4, 4)", "zen": {"score": 164.0140838623047, "time": 0.9703529989346862}, "val_accuracy": 72.63}, {"idx": "9545", "arch": "(0, 4, 0, 1, 0, 2)", "zen": {"score": 130.32247924804688, "time": 0.6860019462183118}, "val_accuracy": 84.59}, {"idx": "9546", "arch": "(0, 1, 2, 2, 2, 4)", "zen": {"score": 102.14778137207031, "time": 0.8511297316290438}, "val_accuracy": 88.5}, {"idx": "9547", "arch": "(2, 3, 2, 0, 3, 4)", "zen": {"score": 100.222412109375, "time": 0.9234183821827173}, "val_accuracy": 89.1}, {"idx": "9548", "arch": "(2, 3, 1, 3, 1, 1)", "zen": {"score": -100000000.0, "time": 0.7175225559622049}, "val_accuracy": 10.0}, {"idx": "9549", "arch": "(0, 1, 2, 1, 3, 0)", "zen": {"score": 55.558990478515625, "time": 0.6542420852929354}, "val_accuracy": 88.73}, {"idx": "9550", "arch": "(1, 1, 0, 0, 4, 2)", "zen": {"score": 10.032363891601562, "time": 0.7035714033991098}, "val_accuracy": 83.81}, {"idx": "9551", "arch": "(2, 3, 3, 3, 3, 2)", "zen": {"score": 123.16920471191406, "time": 0.8851264952681959}, "val_accuracy": 90.22}, {"idx": "9552", "arch": "(2, 1, 1, 0, 3, 4)", "zen": {"score": 48.6622200012207, "time": 0.7890636590309441}, "val_accuracy": 87.13}, {"idx": "9553", "arch": "(4, 1, 2, 0, 4, 3)", "zen": {"score": 87.5223159790039, "time": 0.8849995960481465}, "val_accuracy": 85.66}, {"idx": "9554", "arch": "(2, 2, 4, 3, 2, 4)", "zen": {"score": 134.463134765625, "time": 1.0036486559547484}, "val_accuracy": 88.2}, {"idx": "9555", "arch": "(0, 0, 4, 4, 2, 0)", "zen": {"score": 170.43707275390625, "time": 0.7725051529705524}, "val_accuracy": 72.23}, {"idx": "9556", "arch": "(2, 4, 0, 0, 3, 4)", "zen": {"score": 131.06695556640625, "time": 0.8346602008678019}, "val_accuracy": 85.86}, {"idx": "9557", "arch": "(2, 2, 0, 4, 1, 2)", "zen": {"score": 134.83938598632812, "time": 0.8619134300388396}, "val_accuracy": 90.4}, {"idx": "9558", "arch": "(1, 3, 1, 2, 2, 2)", "zen": {"score": 43.61180877685547, "time": 0.8242650851607323}, "val_accuracy": 86.97}, {"idx": "9559", "arch": "(2, 0, 3, 1, 4, 3)", "zen": {"score": 72.38900756835938, "time": 0.8459334182552993}, "val_accuracy": 88.02}, {"idx": "9560", "arch": "(3, 0, 1, 0, 4, 1)", "zen": {"score": 19.85214614868164, "time": 0.6606209282763302}, "val_accuracy": 81.44}, {"idx": "9561", "arch": "(3, 4, 3, 0, 1, 4)", "zen": {"score": 64.60101318359375, "time": 0.821823752950877}, "val_accuracy": 83.39}, {"idx": "9562", "arch": "(0, 1, 3, 3, 1, 2)", "zen": {"score": 64.04618835449219, "time": 0.7221695049665868}, "val_accuracy": 88.88}, {"idx": "9563", "arch": "(0, 2, 0, 3, 2, 0)", "zen": {"score": 160.7863311767578, "time": 0.724366445094347}, "val_accuracy": 89.01}, {"idx": "9564", "arch": "(4, 0, 0, 4, 2, 1)", "zen": {"score": 59.854854583740234, "time": 0.7879869141615927}, "val_accuracy": 86.52}, {"idx": "9565", "arch": "(1, 0, 1, 0, 3, 3)", "zen": {"score": 21.044452667236328, "time": 0.6420749481767416}, "val_accuracy": 85.63}, {"idx": "9566", "arch": "(1, 4, 4, 3, 4, 0)", "zen": {"score": 25.319486618041992, "time": 0.8677807706408203}, "val_accuracy": 68.61}, {"idx": "9567", "arch": "(3, 0, 4, 0, 0, 1)", "zen": {"score": 33.87842559814453, "time": 0.6663735597394407}, "val_accuracy": 84.65}, {"idx": "9568", "arch": "(1, 0, 3, 2, 0, 2)", "zen": {"score": 53.93183135986328, "time": 0.7249896880239248}, "val_accuracy": 88.8}, {"idx": "9569", "arch": "(2, 0, 2, 4, 3, 4)", "zen": {"score": 113.84854888916016, "time": 0.9252898790873587}, "val_accuracy": 88.54}, {"idx": "9570", "arch": "(2, 0, 0, 4, 1, 3)", "zen": {"score": 93.34925842285156, "time": 0.7684797230176628}, "val_accuracy": 89.01}, {"idx": "9571", "arch": "(0, 1, 0, 3, 1, 4)", "zen": {"score": 45.13666534423828, "time": 0.6798229170963168}, "val_accuracy": 86.35}, {"idx": "9572", "arch": "(2, 3, 3, 2, 0, 0)", "zen": {"score": 105.9448471069336, "time": 0.8382560140453279}, "val_accuracy": 89.57}, {"idx": "9573", "arch": "(1, 0, 2, 1, 0, 2)", "zen": {"score": 70.50340270996094, "time": 0.691505054011941}, "val_accuracy": 88.44}, {"idx": "9574", "arch": "(0, 2, 3, 2, 2, 2)", "zen": {"score": 152.4813995361328, "time": 0.9122380311600864}, "val_accuracy": 89.79}, {"idx": "9575", "arch": "(3, 4, 2, 1, 3, 3)", "zen": {"score": 81.8919448852539, "time": 0.8916811351664364}, "val_accuracy": 88.5}, {"idx": "9576", "arch": "(2, 1, 1, 3, 4, 1)", "zen": {"score": 40.540714263916016, "time": 0.7772961128503084}, "val_accuracy": 84.18}, {"idx": "9577", "arch": "(4, 1, 0, 0, 2, 0)", "zen": {"score": 124.4609375, "time": 0.717494634911418}, "val_accuracy": 83.32}, {"idx": "9578", "arch": "(2, 0, 1, 1, 2, 0)", "zen": {"score": 82.72570037841797, "time": 0.6964646792039275}, "val_accuracy": 90.81}, {"idx": "9579", "arch": "(3, 3, 0, 0, 3, 1)", "zen": {"score": 84.80909729003906, "time": 0.7635375848039985}, "val_accuracy": 87.23}, {"idx": "9580", "arch": "(4, 1, 2, 3, 4, 4)", "zen": {"score": 89.19439697265625, "time": 0.982267715036869}, "val_accuracy": 85.1}, {"idx": "9581", "arch": "(1, 3, 3, 4, 1, 4)", "zen": {"score": 36.54983901977539, "time": 0.8478777157142758}, "val_accuracy": 86.34}, {"idx": "9582", "arch": "(0, 1, 1, 3, 2, 4)", "zen": {"score": 49.75726318359375, "time": 0.7740233661606908}, "val_accuracy": 88.11}, {"idx": "9583", "arch": "(0, 0, 1, 3, 3, 2)", "zen": {"score": 72.6825942993164, "time": 0.7140521598048508}, "val_accuracy": 88.88}, {"idx": "9584", "arch": "(0, 4, 2, 3, 4, 0)", "zen": {"score": 200.9607391357422, "time": 0.8537840810604393}, "val_accuracy": 83.56}, {"idx": "9585", "arch": "(1, 1, 4, 1, 1, 3)", "zen": {"score": 6.7804083824157715, "time": 0.6913850991986692}, "val_accuracy": 71.22}, {"idx": "9586", "arch": "(1, 1, 2, 2, 2, 2)", "zen": {"score": 31.547950744628906, "time": 0.9012547037564218}, "val_accuracy": 88.32}, {"idx": "9587", "arch": "(4, 0, 1, 2, 4, 3)", "zen": {"score": 75.59154510498047, "time": 0.867007349152118}, "val_accuracy": 85.47}, {"idx": "9588", "arch": "(2, 0, 0, 0, 3, 0)", "zen": {"score": 153.23226928710938, "time": 0.6585090169683099}, "val_accuracy": 86.27}, {"idx": "9589", "arch": "(1, 0, 1, 3, 3, 4)", "zen": {"score": 4.975377082824707, "time": 0.7386622419580817}, "val_accuracy": 71.87}, {"idx": "9590", "arch": "(0, 2, 4, 1, 0, 3)", "zen": {"score": 131.2263641357422, "time": 0.7699610036797822}, "val_accuracy": 86.3}, {"idx": "9591", "arch": "(1, 3, 4, 1, 2, 1)", "zen": {"score": 15.86457633972168, "time": 0.7886699549853802}, "val_accuracy": 71.6}, {"idx": "9592", "arch": "(3, 4, 4, 0, 2, 2)", "zen": {"score": 107.27228546142578, "time": 0.9521544761955738}, "val_accuracy": 87.32}, {"idx": "9593", "arch": "(3, 4, 2, 0, 0, 1)", "zen": {"score": 55.514015197753906, "time": 0.7593246991746128}, "val_accuracy": 88.66}, {"idx": "9594", "arch": "(0, 3, 0, 3, 1, 4)", "zen": {"score": 76.27030944824219, "time": 0.7931270669214427}, "val_accuracy": 86.19}, {"idx": "9595", "arch": "(3, 4, 0, 1, 1, 0)", "zen": {"score": 102.63092041015625, "time": 0.6857966491952538}, "val_accuracy": 77.1}, {"idx": "9596", "arch": "(2, 2, 4, 2, 3, 2)", "zen": {"score": 154.08987426757812, "time": 0.9972841991111636}, "val_accuracy": 89.44}, {"idx": "9597", "arch": "(1, 1, 1, 1, 3, 0)", "zen": {"score": -100000000.0, "time": 0.6147357309237123}, "val_accuracy": 10.0}, {"idx": "9598", "arch": "(4, 1, 4, 2, 3, 3)", "zen": {"score": 99.33541870117188, "time": 0.9258146062493324}, "val_accuracy": 82.25}, {"idx": "9599", "arch": "(1, 4, 2, 4, 3, 2)", "zen": {"score": 64.02239227294922, "time": 0.945411684922874}, "val_accuracy": 88.38}, {"idx": "9600", "arch": "(3, 0, 4, 1, 1, 4)", "zen": {"score": 97.71141815185547, "time": 0.7832446009851992}, "val_accuracy": 70.36}, {"idx": "9601", "arch": "(3, 3, 4, 2, 4, 4)", "zen": {"score": 101.9222640991211, "time": 1.0199756058864295}, "val_accuracy": 85.31}, {"idx": "9602", "arch": "(1, 3, 3, 0, 3, 1)", "zen": {"score": 31.05239486694336, "time": 0.7477736342698336}, "val_accuracy": 85.9}, {"idx": "9603", "arch": "(3, 3, 0, 3, 3, 2)", "zen": {"score": 130.76025390625, "time": 0.821030406281352}, "val_accuracy": 89.84}, {"idx": "9604", "arch": "(1, 4, 3, 2, 3, 3)", "zen": {"score": 35.17034912109375, "time": 0.88882522797212}, "val_accuracy": 86.69}, {"idx": "9605", "arch": "(2, 3, 1, 0, 4, 1)", "zen": {"score": 40.774723052978516, "time": 0.7510133828036487}, "val_accuracy": 84.41}, {"idx": "9606", "arch": "(0, 2, 1, 4, 4, 4)", "zen": {"score": 116.39173126220703, "time": 0.8931185100227594}, "val_accuracy": 81.58}, {"idx": "9607", "arch": "(2, 1, 2, 1, 3, 4)", "zen": {"score": 80.35209655761719, "time": 0.8630347899161279}, "val_accuracy": 88.78}, {"idx": "9608", "arch": "(3, 3, 3, 4, 3, 1)", "zen": {"score": 65.46453857421875, "time": 0.8651451556943357}, "val_accuracy": 85.86}, {"idx": "9609", "arch": "(4, 1, 0, 1, 3, 3)", "zen": {"score": 44.26932144165039, "time": 0.7525958432815969}, "val_accuracy": 85.17}, {"idx": "9610", "arch": "(1, 1, 3, 0, 4, 4)", "zen": {"score": 22.73282241821289, "time": 0.8267148872837424}, "val_accuracy": 84.94}, {"idx": "9611", "arch": "(2, 0, 0, 3, 3, 1)", "zen": {"score": 77.48023223876953, "time": 0.7181679201312363}, "val_accuracy": 90.03}, {"idx": "9612", "arch": "(2, 2, 4, 1, 0, 0)", "zen": {"score": 97.22982025146484, "time": 0.7937236838042736}, "val_accuracy": 87.29}, {"idx": "9613", "arch": "(0, 2, 4, 4, 0, 4)", "zen": {"score": 171.316650390625, "time": 0.9176177121698856}, "val_accuracy": 73.04}, {"idx": "9614", "arch": "(1, 3, 4, 4, 2, 2)", "zen": {"score": 56.48710250854492, "time": 0.96220185700804}, "val_accuracy": 87.39}, {"idx": "9615", "arch": "(4, 2, 3, 0, 4, 1)", "zen": {"score": 67.84697723388672, "time": 0.869110468775034}, "val_accuracy": 83.89}, {"idx": "9616", "arch": "(4, 1, 1, 2, 0, 2)", "zen": {"score": 75.32896423339844, "time": 0.8051006351597607}, "val_accuracy": 82.64}, {"idx": "9617", "arch": "(4, 4, 3, 2, 2, 3)", "zen": {"score": 100.56842041015625, "time": 0.99286751402542}, "val_accuracy": 87.8}, {"idx": "9618", "arch": "(4, 2, 4, 4, 1, 1)", "zen": {"score": 29.3220157623291, "time": 0.9187286840751767}, "val_accuracy": 71.82}, {"idx": "9619", "arch": "(0, 2, 2, 0, 2, 1)", "zen": {"score": 98.68133544921875, "time": 0.8379627228714526}, "val_accuracy": 88.82}, {"idx": "9620", "arch": "(2, 2, 3, 1, 0, 2)", "zen": {"score": 116.2046127319336, "time": 0.826635998673737}, "val_accuracy": 89.79}, {"idx": "9621", "arch": "(4, 3, 2, 1, 3, 1)", "zen": {"score": 67.747314453125, "time": 0.8267289632931352}, "val_accuracy": 88.43}, {"idx": "9622", "arch": "(3, 4, 4, 3, 2, 3)", "zen": {"score": 98.95845031738281, "time": 0.9790470227599144}, "val_accuracy": 87.52}, {"idx": "9623", "arch": "(3, 3, 2, 2, 2, 1)", "zen": {"score": 115.0283432006836, "time": 0.8967098547145724}, "val_accuracy": 89.11}, {"idx": "9624", "arch": "(1, 1, 0, 3, 1, 4)", "zen": {"score": 9.889138221740723, "time": 0.7539245402440429}, "val_accuracy": 84.19}, {"idx": "9625", "arch": "(1, 4, 3, 1, 0, 1)", "zen": {"score": 22.57967758178711, "time": 0.7030402878299356}, "val_accuracy": 85.26}, {"idx": "9626", "arch": "(0, 4, 3, 1, 2, 4)", "zen": {"score": 78.38252258300781, "time": 0.8725037649273872}, "val_accuracy": 86.86}, {"idx": "9627", "arch": "(4, 2, 2, 3, 3, 2)", "zen": {"score": 130.686279296875, "time": 0.978449487593025}, "val_accuracy": 89.62}, {"idx": "9628", "arch": "(4, 1, 1, 1, 4, 3)", "zen": {"score": 6.4589667320251465, "time": 0.7929554362781346}, "val_accuracy": 63.06}, {"idx": "9629", "arch": "(3, 2, 1, 1, 4, 1)", "zen": {"score": 41.93645477294922, "time": 0.8209358090534806}, "val_accuracy": 79.64}, {"idx": "9630", "arch": "(1, 3, 0, 3, 2, 2)", "zen": {"score": 66.28865051269531, "time": 0.8266879939474165}, "val_accuracy": 89.69}, {"idx": "9631", "arch": "(0, 3, 4, 0, 0, 3)", "zen": {"score": 185.8446502685547, "time": 0.7407691702246666}, "val_accuracy": 83.23}, {"idx": "9632", "arch": "(0, 2, 1, 3, 1, 2)", "zen": {"score": 76.06328582763672, "time": 0.7568648061715066}, "val_accuracy": 87.54}, {"idx": "9633", "arch": "(3, 0, 0, 1, 4, 1)", "zen": {"score": 41.613525390625, "time": 0.6653120666742325}, "val_accuracy": 86.8}, {"idx": "9634", "arch": "(1, 2, 1, 1, 2, 4)", "zen": {"score": 31.289447784423828, "time": 0.7870572451502085}, "val_accuracy": 84.62}, {"idx": "9635", "arch": "(4, 0, 3, 4, 3, 3)", "zen": {"score": 65.90250396728516, "time": 0.8829376068897545}, "val_accuracy": 86.27}, {"idx": "9636", "arch": "(2, 0, 2, 2, 2, 0)", "zen": {"score": 166.75328063964844, "time": 0.84833515714854}, "val_accuracy": 90.48}, {"idx": "9637", "arch": "(2, 3, 1, 3, 4, 2)", "zen": {"score": 88.1982421875, "time": 0.9297558311372995}, "val_accuracy": 88.73}, {"idx": "9638", "arch": "(3, 1, 0, 3, 3, 1)", "zen": {"score": 61.58124542236328, "time": 0.6804981459863484}, "val_accuracy": 87.22}, {"idx": "9639", "arch": "(1, 1, 4, 0, 3, 1)", "zen": {"score": 6.558961391448975, "time": 0.6716255559585989}, "val_accuracy": 71.4}, {"idx": "9640", "arch": "(4, 1, 0, 4, 3, 4)", "zen": {"score": 104.1355209350586, "time": 0.9044860783033073}, "val_accuracy": 75.27}, {"idx": "9641", "arch": "(2, 2, 2, 3, 3, 4)", "zen": {"score": 124.16622161865234, "time": 0.9609536221250892}, "val_accuracy": 89.39}, {"idx": "9642", "arch": "(3, 1, 4, 0, 1, 4)", "zen": {"score": 38.8369026184082, "time": 0.7788824746385217}, "val_accuracy": 82.46}, {"idx": "9643", "arch": "(3, 0, 1, 3, 2, 3)", "zen": {"score": 75.8665771484375, "time": 0.7708247089758515}, "val_accuracy": 89.29}, {"idx": "9644", "arch": "(4, 1, 0, 3, 4, 0)", "zen": {"score": 109.75431060791016, "time": 0.7883322448469698}, "val_accuracy": 76.42}, {"idx": "9645", "arch": "(2, 2, 1, 1, 1, 4)", "zen": {"score": 53.29151916503906, "time": 0.787689431104809}, "val_accuracy": 84.6}, {"idx": "9646", "arch": "(4, 3, 0, 1, 4, 3)", "zen": {"score": 110.96063232421875, "time": 0.8385330019518733}, "val_accuracy": 83.92}, {"idx": "9647", "arch": "(4, 0, 2, 3, 4, 3)", "zen": {"score": 107.1963882446289, "time": 0.9498231848701835}, "val_accuracy": 86.98}, {"idx": "9648", "arch": "(4, 0, 4, 4, 1, 0)", "zen": {"score": 38.65142059326172, "time": 0.7997384942136705}, "val_accuracy": 56.49}, {"idx": "9649", "arch": "(2, 2, 1, 0, 2, 0)", "zen": {"score": 99.28460693359375, "time": 0.75263184402138}, "val_accuracy": 88.95}, {"idx": "9650", "arch": "(2, 0, 0, 4, 4, 4)", "zen": {"score": 128.5915985107422, "time": 0.8997419970110059}, "val_accuracy": 81.52}, {"idx": "9651", "arch": "(1, 4, 3, 4, 0, 2)", "zen": {"score": 50.73392105102539, "time": 0.8604853870347142}, "val_accuracy": 87.64}, {"idx": "9652", "arch": "(1, 0, 1, 2, 1, 4)", "zen": {"score": 6.453024864196777, "time": 0.7322260127402842}, "val_accuracy": 70.76}, {"idx": "9653", "arch": "(3, 2, 1, 4, 4, 2)", "zen": {"score": 76.89228057861328, "time": 0.9724506321363151}, "val_accuracy": 88.16}, {"idx": "9654", "arch": "(3, 3, 3, 0, 0, 4)", "zen": {"score": 69.81913757324219, "time": 0.7805140470154583}, "val_accuracy": 86.08}, {"idx": "9655", "arch": "(2, 3, 1, 2, 1, 0)", "zen": {"score": 78.7601547241211, "time": 0.7686897846870124}, "val_accuracy": 89.47}, {"idx": "9656", "arch": "(1, 1, 1, 0, 0, 0)", "zen": {"score": -100000000.0, "time": 0.5164103829301894}, "val_accuracy": 10.0}, {"idx": "9657", "arch": "(0, 3, 4, 3, 0, 4)", "zen": {"score": 190.0836944580078, "time": 0.8202586378902197}, "val_accuracy": 81.92}, {"idx": "9658", "arch": "(4, 4, 0, 1, 0, 4)", "zen": {"score": 38.854347229003906, "time": 0.8089817399159074}, "val_accuracy": 57.12}, {"idx": "9659", "arch": "(3, 0, 0, 4, 4, 2)", "zen": {"score": 99.78803253173828, "time": 0.8454867419786751}, "val_accuracy": 88.92}, {"idx": "9660", "arch": "(4, 1, 0, 3, 0, 2)", "zen": {"score": 130.78338623046875, "time": 0.7592368857003748}, "val_accuracy": 82.66}, {"idx": "9661", "arch": "(0, 4, 1, 4, 4, 0)", "zen": {"score": 38.98217010498047, "time": 0.8017188902013004}, "val_accuracy": 56.8}, {"idx": "9662", "arch": "(0, 4, 3, 3, 3, 1)", "zen": {"score": 54.61796951293945, "time": 0.7953878049738705}, "val_accuracy": 86.11}, {"idx": "9663", "arch": "(4, 0, 4, 2, 2, 2)", "zen": {"score": 153.04220581054688, "time": 0.9655214641243219}, "val_accuracy": 88.53}, {"idx": "9664", "arch": "(0, 0, 2, 2, 3, 0)", "zen": {"score": 159.5151824951172, "time": 0.7353005837649107}, "val_accuracy": 89.19}, {"idx": "9665", "arch": "(2, 2, 0, 3, 1, 1)", "zen": {"score": 90.13269805908203, "time": 0.7422286048531532}, "val_accuracy": 84.18}, {"idx": "9666", "arch": "(1, 3, 1, 1, 2, 1)", "zen": {"score": -100000000.0, "time": 0.6793729867786169}, "val_accuracy": 10.0}, {"idx": "9667", "arch": "(0, 4, 4, 1, 3, 2)", "zen": {"score": 90.13250732421875, "time": 0.9319073450751603}, "val_accuracy": 86.7}, {"idx": "9668", "arch": "(0, 1, 2, 4, 2, 0)", "zen": {"score": 95.0162353515625, "time": 0.7854733718559146}, "val_accuracy": 87.38}, {"idx": "9669", "arch": "(1, 4, 2, 3, 1, 2)", "zen": {"score": 64.21965026855469, "time": 0.8326156507246196}, "val_accuracy": 88.12}, {"idx": "9670", "arch": "(1, 2, 3, 3, 1, 0)", "zen": {"score": 53.84729766845703, "time": 0.7793783196248114}, "val_accuracy": 88.59}, {"idx": "9671", "arch": "(4, 0, 0, 3, 2, 0)", "zen": {"score": 219.08828735351562, "time": 0.742801577784121}, "val_accuracy": 83.85}, {"idx": "9672", "arch": "(4, 1, 3, 0, 1, 1)", "zen": {"score": 22.5887508392334, "time": 0.6799587598070502}, "val_accuracy": 85.55}, {"idx": "9673", "arch": "(3, 0, 4, 3, 2, 3)", "zen": {"score": 99.0656967163086, "time": 0.8661349229514599}, "val_accuracy": 87.57}, {"idx": "9674", "arch": "(4, 4, 4, 3, 1, 3)", "zen": {"score": 65.71209716796875, "time": 0.933084880001843}, "val_accuracy": 75.32}, {"idx": "9675", "arch": "(0, 2, 3, 1, 1, 1)", "zen": {"score": 46.95803451538086, "time": 0.6801771777682006}, "val_accuracy": 85.74}, {"idx": "9676", "arch": "(1, 1, 4, 1, 4, 4)", "zen": {"score": 8.122270584106445, "time": 0.8308604918420315}, "val_accuracy": 71.29}, {"idx": "9677", "arch": "(1, 1, 0, 2, 3, 2)", "zen": {"score": 6.6754865646362305, "time": 0.7610028930939734}, "val_accuracy": 84.46}, {"idx": "9678", "arch": "(0, 4, 1, 4, 0, 2)", "zen": {"score": 70.46072387695312, "time": 0.7943196026608348}, "val_accuracy": 86.68}, {"idx": "9679", "arch": "(3, 3, 3, 3, 1, 1)", "zen": {"score": 50.74205017089844, "time": 0.7500163707882166}, "val_accuracy": 86.02}, {"idx": "9680", "arch": "(0, 4, 3, 0, 4, 2)", "zen": {"score": 94.07438659667969, "time": 0.8605855642817914}, "val_accuracy": 86.99}, {"idx": "9681", "arch": "(4, 2, 4, 1, 4, 1)", "zen": {"score": 107.52940368652344, "time": 0.9573260797187686}, "val_accuracy": 67.13}, {"idx": "9682", "arch": "(1, 0, 2, 0, 0, 1)", "zen": {"score": 36.19944381713867, "time": 0.5907198330387473}, "val_accuracy": 88.79}, {"idx": "9683", "arch": "(1, 3, 2, 1, 3, 1)", "zen": {"score": 44.63357162475586, "time": 0.7336102654226124}, "val_accuracy": 88.37}, {"idx": "9684", "arch": "(4, 3, 2, 0, 0, 1)", "zen": {"score": 73.24947357177734, "time": 0.7506441958248615}, "val_accuracy": 86.48}, {"idx": "9685", "arch": "(0, 2, 1, 2, 3, 0)", "zen": {"score": 92.9450454711914, "time": 0.7430264339782298}, "val_accuracy": 88.73}, {"idx": "9686", "arch": "(3, 4, 2, 0, 3, 2)", "zen": {"score": 98.57886505126953, "time": 0.893044285941869}, "val_accuracy": 88.9}, {"idx": "9687", "arch": "(2, 1, 1, 2, 4, 0)", "zen": {"score": 62.213165283203125, "time": 0.802790102083236}, "val_accuracy": 86.92}, {"idx": "9688", "arch": "(2, 1, 1, 2, 3, 4)", "zen": {"score": 71.06875610351562, "time": 0.8364291191101074}, "val_accuracy": 87.36}, {"idx": "9689", "arch": "(4, 1, 3, 3, 0, 2)", "zen": {"score": 94.55891418457031, "time": 0.8120478070341051}, "val_accuracy": 84.24}, {"idx": "9690", "arch": "(1, 3, 3, 3, 1, 3)", "zen": {"score": 49.03847122192383, "time": 0.7447850750759244}, "val_accuracy": 85.54}, {"idx": "9691", "arch": "(1, 3, 1, 4, 2, 2)", "zen": {"score": 45.096519470214844, "time": 0.8632171177305281}, "val_accuracy": 87.56}, {"idx": "9692", "arch": "(3, 0, 1, 2, 4, 1)", "zen": {"score": 42.07379913330078, "time": 0.76273926300928}, "val_accuracy": 82.35}, {"idx": "9693", "arch": "(0, 0, 1, 2, 3, 1)", "zen": {"score": 46.780120849609375, "time": 0.6541895619593561}, "val_accuracy": 85.25}, {"idx": "9694", "arch": "(1, 1, 2, 1, 2, 1)", "zen": {"score": 34.890625, "time": 0.7120256191119552}, "val_accuracy": 88.12}, {"idx": "9695", "arch": "(1, 1, 0, 1, 0, 0)", "zen": {"score": 11.574716567993164, "time": 0.5229512732475996}, "val_accuracy": 83.97}, {"idx": "9696", "arch": "(1, 3, 0, 2, 0, 2)", "zen": {"score": 67.15446472167969, "time": 0.7308723172172904}, "val_accuracy": 89.12}, {"idx": "9697", "arch": "(4, 2, 1, 1, 1, 0)", "zen": {"score": 36.37971496582031, "time": 0.7091594990342855}, "val_accuracy": 88.44}, {"idx": "9698", "arch": "(2, 2, 2, 2, 0, 4)", "zen": {"score": 126.87173461914062, "time": 0.9529595486819744}, "val_accuracy": 89.19}, {"idx": "9699", "arch": "(4, 3, 1, 2, 3, 3)", "zen": {"score": 76.46265411376953, "time": 0.8581743561662734}, "val_accuracy": 87.58}, {"idx": "9700", "arch": "(0, 0, 2, 3, 4, 3)", "zen": {"score": 110.03792572021484, "time": 0.8203455456532538}, "val_accuracy": 87.99}, {"idx": "9701", "arch": "(4, 1, 4, 1, 2, 2)", "zen": {"score": 50.33802032470703, "time": 0.894670024048537}, "val_accuracy": 80.5}, {"idx": "9702", "arch": "(1, 3, 4, 0, 2, 0)", "zen": {"score": 32.08546829223633, "time": 0.7612761580385268}, "val_accuracy": 85.04}, {"idx": "9703", "arch": "(0, 3, 0, 2, 1, 3)", "zen": {"score": 104.32377624511719, "time": 0.72064711432904}, "val_accuracy": 89.94}, {"idx": "9704", "arch": "(1, 0, 0, 0, 1, 3)", "zen": {"score": 45.746665954589844, "time": 0.5803269222378731}, "val_accuracy": 86.42}, {"idx": "9705", "arch": "(2, 2, 4, 1, 3, 1)", "zen": {"score": 93.25588989257812, "time": 0.8730819257907569}, "val_accuracy": 88.06}, {"idx": "9706", "arch": "(2, 2, 2, 1, 1, 0)", "zen": {"score": 99.4676284790039, "time": 0.767023507039994}, "val_accuracy": 88.68}, {"idx": "9707", "arch": "(2, 3, 3, 4, 0, 0)", "zen": {"score": 84.55038452148438, "time": 0.8125109462998807}, "val_accuracy": 87.8}, {"idx": "9708", "arch": "(1, 3, 2, 4, 3, 2)", "zen": {"score": 77.57545471191406, "time": 0.9707087161950767}, "val_accuracy": 88.82}, {"idx": "9709", "arch": "(1, 2, 1, 4, 0, 2)", "zen": {"score": 60.3310432434082, "time": 0.7986263278871775}, "val_accuracy": 87.51}, {"idx": "9710", "arch": "(4, 0, 4, 1, 4, 0)", "zen": {"score": 38.44122314453125, "time": 0.8013491611927748}, "val_accuracy": 55.74}, {"idx": "9711", "arch": "(4, 1, 0, 2, 2, 0)", "zen": {"score": 109.36441040039062, "time": 0.79812216386199}, "val_accuracy": 86.36}, {"idx": "9712", "arch": "(2, 1, 2, 0, 2, 3)", "zen": {"score": 108.12287139892578, "time": 0.8293209201656282}, "val_accuracy": 89.92}, {"idx": "9713", "arch": "(0, 4, 4, 3, 0, 1)", "zen": {"score": 105.43228912353516, "time": 0.7572975582443178}, "val_accuracy": 77.98}, {"idx": "9714", "arch": "(3, 3, 0, 2, 3, 1)", "zen": {"score": 108.95442199707031, "time": 0.7455692295916378}, "val_accuracy": 87.61}, {"idx": "9715", "arch": "(1, 2, 4, 0, 4, 4)", "zen": {"score": 53.5622444152832, "time": 0.8866065028123558}, "val_accuracy": 84.23}, {"idx": "9716", "arch": "(3, 3, 3, 4, 2, 4)", "zen": {"score": 83.68888092041016, "time": 0.9522477546706796}, "val_accuracy": 88.34}, {"idx": "9717", "arch": "(4, 2, 0, 3, 4, 2)", "zen": {"score": 225.51687622070312, "time": 0.9336557248607278}, "val_accuracy": 85.64}, {"idx": "9718", "arch": "(0, 1, 0, 1, 2, 1)", "zen": {"score": 62.43464660644531, "time": 0.5897534331306815}, "val_accuracy": 88.74}, {"idx": "9719", "arch": "(2, 4, 1, 2, 1, 4)", "zen": {"score": 74.51504516601562, "time": 0.8902460769750178}, "val_accuracy": 85.38}, {"idx": "9720", "arch": "(0, 3, 2, 0, 1, 3)", "zen": {"score": 72.34205627441406, "time": 0.7137945736758411}, "val_accuracy": 89.19}, {"idx": "9721", "arch": "(4, 2, 3, 0, 3, 4)", "zen": {"score": 123.3347396850586, "time": 0.9529667682945728}, "val_accuracy": 84.77}, {"idx": "9722", "arch": "(2, 0, 0, 2, 3, 0)", "zen": {"score": 174.23597717285156, "time": 0.712685904931277}, "val_accuracy": 86.39}, {"idx": "9723", "arch": "(3, 3, 2, 1, 1, 0)", "zen": {"score": 69.30361938476562, "time": 0.7347533209249377}, "val_accuracy": 88.94}, {"idx": "9724", "arch": "(0, 4, 3, 2, 1, 1)", "zen": {"score": 46.55232238769531, "time": 0.7932508480735123}, "val_accuracy": 85.84}, {"idx": "9725", "arch": "(1, 4, 0, 4, 0, 2)", "zen": {"score": 57.64767837524414, "time": 0.8050160370767117}, "val_accuracy": 87.25}, {"idx": "9726", "arch": "(4, 1, 4, 4, 2, 3)", "zen": {"score": 91.24462127685547, "time": 0.9554970148019493}, "val_accuracy": 79.73}, {"idx": "9727", "arch": "(3, 3, 4, 4, 3, 4)", "zen": {"score": 87.75662994384766, "time": 0.989514387678355}, "val_accuracy": 86.01}, {"idx": "9728", "arch": "(1, 3, 3, 2, 2, 1)", "zen": {"score": 29.37214469909668, "time": 0.8093260331079364}, "val_accuracy": 85.97}, {"idx": "9729", "arch": "(4, 4, 2, 4, 0, 3)", "zen": {"score": 98.73426818847656, "time": 0.964092493057251}, "val_accuracy": 87.57}, {"idx": "9730", "arch": "(0, 1, 1, 1, 3, 1)", "zen": {"score": 22.683475494384766, "time": 0.6050195340067148}, "val_accuracy": 85.36}, {"idx": "9731", "arch": "(3, 0, 3, 0, 4, 0)", "zen": {"score": 93.95646667480469, "time": 0.7332696979865432}, "val_accuracy": 87.18}, {"idx": "9732", "arch": "(3, 3, 1, 4, 0, 1)", "zen": {"score": 33.038333892822266, "time": 0.7667784369550645}, "val_accuracy": 85.69}, {"idx": "9733", "arch": "(4, 0, 4, 4, 4, 1)", "zen": {"score": 26.201705932617188, "time": 0.9151916168630123}, "val_accuracy": 66.46}, {"idx": "9734", "arch": "(4, 2, 2, 2, 3, 1)", "zen": {"score": 105.86674499511719, "time": 0.986393160186708}, "val_accuracy": 88.32}, {"idx": "9735", "arch": "(3, 2, 1, 0, 4, 0)", "zen": {"score": 62.594566345214844, "time": 0.7617999934591353}, "val_accuracy": 88.58}, {"idx": "9736", "arch": "(4, 0, 2, 4, 2, 0)", "zen": {"score": 215.8480987548828, "time": 0.8971521956846118}, "val_accuracy": 84.33}, {"idx": "9737", "arch": "(2, 1, 2, 3, 2, 4)", "zen": {"score": 103.73394775390625, "time": 0.9372568833641708}, "val_accuracy": 89.53}, {"idx": "9738", "arch": "(0, 0, 3, 4, 2, 1)", "zen": {"score": 55.347206115722656, "time": 0.7788635911419988}, "val_accuracy": 88.63}, {"idx": "9739", "arch": "(2, 3, 2, 1, 0, 4)", "zen": {"score": 87.0920639038086, "time": 0.8503658133558929}, "val_accuracy": 88.38}, {"idx": "9740", "arch": "(3, 0, 0, 0, 4, 0)", "zen": {"score": 127.36688232421875, "time": 0.6805857489816844}, "val_accuracy": 83.24}, {"idx": "9741", "arch": "(0, 1, 0, 4, 2, 2)", "zen": {"score": 117.1192855834961, "time": 0.7757662893272936}, "val_accuracy": 89.65}, {"idx": "9742", "arch": "(4, 2, 3, 3, 0, 0)", "zen": {"score": 124.30443572998047, "time": 0.7999977562576532}, "val_accuracy": 87.34}, {"idx": "9743", "arch": "(3, 1, 0, 2, 3, 0)", "zen": {"score": 80.64534759521484, "time": 0.7133918781764805}, "val_accuracy": 89.22}, {"idx": "9744", "arch": "(3, 2, 3, 2, 0, 3)", "zen": {"score": 113.50941467285156, "time": 0.8759385850280523}, "val_accuracy": 89.41}, {"idx": "9745", "arch": "(4, 1, 0, 3, 3, 3)", "zen": {"score": 93.6692886352539, "time": 0.7885726699605584}, "val_accuracy": 85.97}, {"idx": "9746", "arch": "(3, 2, 2, 1, 4, 4)", "zen": {"score": 83.18313598632812, "time": 0.9242281238548458}, "val_accuracy": 87.9}, {"idx": "9747", "arch": "(2, 2, 1, 4, 4, 2)", "zen": {"score": 92.06375885009766, "time": 0.9635176328010857}, "val_accuracy": 88.22}, {"idx": "9748", "arch": "(0, 0, 0, 2, 4, 0)", "zen": {"score": 177.5829315185547, "time": 0.6842679567635059}, "val_accuracy": 75.12}, {"idx": "9749", "arch": "(4, 1, 4, 0, 4, 0)", "zen": {"score": 37.6511116027832, "time": 0.7970893951132894}, "val_accuracy": 55.31}]