[{"idx": "8500", "arch": "(1, 0, 1, 1, 4, 0)", "zen": {"score": 11.492817878723145, "time": 1.1900056689046323}, "val_accuracy": 83.67}, {"idx": "8501", "arch": "(4, 1, 0, 3, 2, 2)", "zen": {"score": 121.16325378417969, "time": 0.9004687531851232}, "val_accuracy": 87.75}, {"idx": "8502", "arch": "(1, 4, 1, 2, 2, 2)", "zen": {"score": 29.51779556274414, "time": 0.8885607346892357}, "val_accuracy": 79.79}, {"idx": "8503", "arch": "(4, 4, 0, 1, 2, 4)", "zen": {"score": 119.00689697265625, "time": 0.8996298830024898}, "val_accuracy": 80.6}, {"idx": "8504", "arch": "(0, 3, 4, 3, 2, 4)", "zen": {"score": 119.52652740478516, "time": 0.8996746600605547}, "val_accuracy": 86.74}, {"idx": "8505", "arch": "(4, 3, 2, 3, 1, 0)", "zen": {"score": 74.00872802734375, "time": 0.8294780561700463}, "val_accuracy": 88.6}, {"idx": "8506", "arch": "(3, 1, 2, 0, 1, 1)", "zen": {"score": 46.329158782958984, "time": 0.6973064332269132}, "val_accuracy": 88.66}, {"idx": "8507", "arch": "(4, 2, 3, 2, 3, 0)", "zen": {"score": 108.96028900146484, "time": 0.882353622931987}, "val_accuracy": 88.79}, {"idx": "8508", "arch": "(1, 2, 0, 2, 3, 4)", "zen": {"score": 54.27309799194336, "time": 0.8268098221160471}, "val_accuracy": 88.29}, {"idx": "8509", "arch": "(0, 2, 0, 1, 0, 4)", "zen": {"score": 137.61024475097656, "time": 0.700423451140523}, "val_accuracy": 84.62}, {"idx": "8510", "arch": "(3, 3, 4, 0, 3, 4)", "zen": {"score": 83.24796295166016, "time": 0.8729611719027162}, "val_accuracy": 85.44}, {"idx": "8511", "arch": "(3, 0, 4, 3, 4, 3)", "zen": {"score": 77.2380599975586, "time": 0.9243912249803543}, "val_accuracy": 86.4}, {"idx": "8512", "arch": "(4, 4, 2, 0, 0, 3)", "zen": {"score": 97.58552551269531, "time": 0.8333736229687929}, "val_accuracy": 87.0}, {"idx": "8513", "arch": "(0, 1, 2, 4, 3, 4)", "zen": {"score": 76.36418151855469, "time": 0.900819337926805}, "val_accuracy": 85.61}, {"idx": "8514", "arch": "(0, 2, 3, 1, 3, 1)", "zen": {"score": 69.09736633300781, "time": 0.6953532318584621}, "val_accuracy": 86.1}, {"idx": "8515", "arch": "(3, 4, 3, 4, 1, 2)", "zen": {"score": 69.71919250488281, "time": 0.9046267680823803}, "val_accuracy": 88.19}, {"idx": "8516", "arch": "(1, 2, 1, 3, 0, 3)", "zen": {"score": 44.992286682128906, "time": 0.6953074317425489}, "val_accuracy": 87.21}, {"idx": "8517", "arch": "(4, 4, 0, 4, 2, 1)", "zen": {"score": 59.069252014160156, "time": 0.880814366042614}, "val_accuracy": 86.72}, {"idx": "8518", "arch": "(0, 4, 1, 4, 2, 2)", "zen": {"score": 75.9317626953125, "time": 0.9100164347328246}, "val_accuracy": 87.95}, {"idx": "8519", "arch": "(4, 0, 1, 3, 4, 0)", "zen": {"score": 105.526611328125, "time": 0.7683953968808055}, "val_accuracy": 75.12}, {"idx": "8520", "arch": "(0, 2, 4, 2, 0, 0)", "zen": {"score": 218.83969116210938, "time": 0.7651992519386113}, "val_accuracy": 84.17}, {"idx": "8521", "arch": "(3, 4, 0, 4, 1, 2)", "zen": {"score": 97.37864685058594, "time": 0.8437837548553944}, "val_accuracy": 87.79}, {"idx": "8522", "arch": "(3, 0, 0, 3, 3, 0)", "zen": {"score": 145.71307373046875, "time": 0.6848579975776374}, "val_accuracy": 85.92}, {"idx": "8523", "arch": "(3, 0, 3, 1, 4, 2)", "zen": {"score": 71.61991882324219, "time": 0.8137178220786154}, "val_accuracy": 88.65}, {"idx": "8524", "arch": "(0, 0, 2, 1, 1, 2)", "zen": {"score": 70.40018463134766, "time": 0.6957290819846094}, "val_accuracy": 88.44}, {"idx": "8525", "arch": "(4, 1, 3, 3, 2, 2)", "zen": {"score": 93.74959564208984, "time": 0.8886939389631152}, "val_accuracy": 87.69}, {"idx": "8526", "arch": "(4, 1, 4, 3, 3, 0)", "zen": {"score": 72.58647155761719, "time": 0.8235535640269518}, "val_accuracy": 75.83}, {"idx": "8527", "arch": "(1, 3, 3, 3, 3, 3)", "zen": {"score": 47.20942687988281, "time": 0.8484131311997771}, "val_accuracy": 85.46}, {"idx": "8528", "arch": "(3, 1, 2, 3, 1, 2)", "zen": {"score": 87.96736145019531, "time": 0.8022791086696088}, "val_accuracy": 88.63}, {"idx": "8529", "arch": "(3, 0, 4, 2, 1, 1)", "zen": {"score": 39.721351623535156, "time": 0.7621157858520746}, "val_accuracy": 70.88}, {"idx": "8530", "arch": "(0, 1, 2, 3, 0, 2)", "zen": {"score": 123.05667877197266, "time": 0.7352812252938747}, "val_accuracy": 89.6}, {"idx": "8531", "arch": "(3, 3, 4, 3, 4, 1)", "zen": {"score": 72.02327728271484, "time": 0.9373540533706546}, "val_accuracy": 82.8}, {"idx": "8532", "arch": "(1, 1, 0, 1, 2, 0)", "zen": {"score": 9.957862854003906, "time": 0.6068285568617284}, "val_accuracy": 84.05}, {"idx": "8533", "arch": "(4, 4, 2, 3, 0, 4)", "zen": {"score": 200.53509521484375, "time": 0.9405890838243067}, "val_accuracy": 82.98}, {"idx": "8534", "arch": "(2, 2, 2, 2, 2, 4)", "zen": {"score": 153.52615356445312, "time": 1.0056422110646963}, "val_accuracy": 88.96}, {"idx": "8535", "arch": "(0, 0, 1, 0, 2, 2)", "zen": {"score": 80.38092041015625, "time": 0.6656578159891069}, "val_accuracy": 88.61}, {"idx": "8536", "arch": "(0, 2, 3, 4, 3, 2)", "zen": {"score": 106.49996185302734, "time": 0.9188063270412385}, "val_accuracy": 89.07}, {"idx": "8537", "arch": "(4, 1, 4, 1, 4, 2)", "zen": {"score": 24.388355255126953, "time": 0.9150326242670417}, "val_accuracy": 66.19}, {"idx": "8538", "arch": "(4, 1, 2, 1, 2, 1)", "zen": {"score": 66.20616149902344, "time": 0.7998472759500146}, "val_accuracy": 88.51}, {"idx": "8539", "arch": "(3, 3, 1, 3, 0, 2)", "zen": {"score": 78.2679672241211, "time": 0.7590446481481194}, "val_accuracy": 88.96}, {"idx": "8540", "arch": "(1, 2, 3, 1, 3, 3)", "zen": {"score": 63.65904998779297, "time": 0.7747294590808451}, "val_accuracy": 89.09}, {"idx": "8541", "arch": "(2, 4, 0, 1, 1, 2)", "zen": {"score": 113.30304718017578, "time": 0.7896459875628352}, "val_accuracy": 86.66}, {"idx": "8542", "arch": "(2, 2, 2, 1, 3, 0)", "zen": {"score": 116.94962310791016, "time": 0.8444654596969485}, "val_accuracy": 89.57}, {"idx": "8543", "arch": "(1, 0, 2, 3, 2, 2)", "zen": {"score": 67.10064697265625, "time": 0.8121101721189916}, "val_accuracy": 88.5}, {"idx": "8544", "arch": "(3, 4, 1, 2, 0, 1)", "zen": {"score": 44.56892776489258, "time": 0.751962014939636}, "val_accuracy": 85.73}, {"idx": "8545", "arch": "(1, 2, 2, 1, 0, 2)", "zen": {"score": 93.79085540771484, "time": 0.7686605299822986}, "val_accuracy": 89.37}, {"idx": "8546", "arch": "(0, 2, 1, 1, 1, 2)", "zen": {"score": 60.5030632019043, "time": 0.7018467299640179}, "val_accuracy": 86.64}, {"idx": "8547", "arch": "(4, 1, 0, 2, 4, 0)", "zen": {"score": 118.47589874267578, "time": 0.8386131012812257}, "val_accuracy": 82.2}, {"idx": "8548", "arch": "(0, 3, 0, 0, 0, 4)", "zen": {"score": 161.23312377929688, "time": 0.6616078251972795}, "val_accuracy": 74.36}, {"idx": "8549", "arch": "(0, 2, 0, 0, 1, 2)", "zen": {"score": 108.81784057617188, "time": 0.6746187559328973}, "val_accuracy": 89.78}, {"idx": "8550", "arch": "(3, 0, 3, 4, 4, 3)", "zen": {"score": 57.81903839111328, "time": 0.8801027010194957}, "val_accuracy": 86.17}, {"idx": "8551", "arch": "(2, 1, 2, 0, 4, 3)", "zen": {"score": 81.7525634765625, "time": 0.8357144328765571}, "val_accuracy": 88.83}, {"idx": "8552", "arch": "(2, 1, 0, 0, 2, 2)", "zen": {"score": 110.59674072265625, "time": 0.7683709692209959}, "val_accuracy": 90.72}, {"idx": "8553", "arch": "(1, 3, 1, 3, 1, 0)", "zen": {"score": 20.977935791015625, "time": 0.6901847682893276}, "val_accuracy": 85.47}, {"idx": "8554", "arch": "(0, 3, 3, 0, 3, 1)", "zen": {"score": 54.793724060058594, "time": 0.6708367262035608}, "val_accuracy": 86.0}, {"idx": "8555", "arch": "(1, 1, 4, 3, 2, 3)", "zen": {"score": 3.2588999271392822, "time": 0.8061704225838184}, "val_accuracy": 71.18}, {"idx": "8556", "arch": "(1, 2, 2, 0, 4, 3)", "zen": {"score": 80.03498077392578, "time": 0.8328063818626106}, "val_accuracy": 88.75}, {"idx": "8557", "arch": "(2, 2, 3, 2, 3, 4)", "zen": {"score": 123.66180419921875, "time": 0.9756624130532146}, "val_accuracy": 90.08}, {"idx": "8558", "arch": "(3, 1, 3, 1, 0, 1)", "zen": {"score": 41.27959442138672, "time": 0.6393538187257946}, "val_accuracy": 85.87}, {"idx": "8559", "arch": "(2, 4, 1, 2, 3, 4)", "zen": {"score": 83.80632781982422, "time": 0.9736699317581952}, "val_accuracy": 86.85}, {"idx": "8560", "arch": "(1, 3, 4, 3, 3, 1)", "zen": {"score": 14.804777145385742, "time": 0.8065321110188961}, "val_accuracy": 72.18}, {"idx": "8561", "arch": "(2, 1, 3, 1, 1, 2)", "zen": {"score": 45.16252136230469, "time": 0.7602081769146025}, "val_accuracy": 84.98}, {"idx": "8562", "arch": "(0, 3, 2, 0, 3, 3)", "zen": {"score": 96.40773010253906, "time": 0.7694997577928007}, "val_accuracy": 88.93}, {"idx": "8563", "arch": "(2, 2, 0, 2, 0, 1)", "zen": {"score": 129.7656707763672, "time": 0.7576335878111422}, "val_accuracy": 88.77}, {"idx": "8564", "arch": "(0, 3, 4, 1, 0, 0)", "zen": {"score": 106.86898040771484, "time": 0.6641013836488128}, "val_accuracy": 83.22}, {"idx": "8565", "arch": "(0, 4, 2, 1, 2, 1)", "zen": {"score": 70.57013702392578, "time": 0.7685751537792385}, "val_accuracy": 88.66}, {"idx": "8566", "arch": "(3, 4, 2, 2, 1, 1)", "zen": {"score": 68.72307586669922, "time": 0.8368724146857858}, "val_accuracy": 88.2}, {"idx": "8567", "arch": "(1, 1, 0, 4, 2, 1)", "zen": {"score": 9.913945198059082, "time": 0.6780499275773764}, "val_accuracy": 84.37}, {"idx": "8568", "arch": "(3, 1, 3, 0, 4, 2)", "zen": {"score": 65.50736999511719, "time": 0.8143812171183527}, "val_accuracy": 88.4}, {"idx": "8569", "arch": "(3, 3, 2, 1, 3, 0)", "zen": {"score": 86.56212615966797, "time": 0.776752132922411}, "val_accuracy": 89.14}, {"idx": "8570", "arch": "(4, 1, 4, 4, 4, 3)", "zen": {"score": 108.31285095214844, "time": 0.9745529629290104}, "val_accuracy": 69.88}, {"idx": "8571", "arch": "(3, 1, 0, 4, 0, 4)", "zen": {"score": 53.73591232299805, "time": 0.7690450269728899}, "val_accuracy": 86.56}, {"idx": "8572", "arch": "(1, 0, 0, 3, 3, 4)", "zen": {"score": 24.4247989654541, "time": 0.7666243840940297}, "val_accuracy": 78.21}, {"idx": "8573", "arch": "(2, 2, 2, 4, 3, 1)", "zen": {"score": 108.595947265625, "time": 0.9134659999981523}, "val_accuracy": 89.39}, {"idx": "8574", "arch": "(1, 3, 3, 2, 4, 1)", "zen": {"score": 31.100353240966797, "time": 0.8191287606023252}, "val_accuracy": 85.58}, {"idx": "8575", "arch": "(2, 4, 2, 2, 1, 1)", "zen": {"score": 82.50736236572266, "time": 0.8675807258114219}, "val_accuracy": 88.14}, {"idx": "8576", "arch": "(3, 1, 4, 1, 1, 1)", "zen": {"score": 17.146486282348633, "time": 0.6771969320252538}, "val_accuracy": 70.41}, {"idx": "8577", "arch": "(3, 2, 1, 2, 0, 0)", "zen": {"score": 84.34429168701172, "time": 0.7339254710823298}, "val_accuracy": 89.06}, {"idx": "8578", "arch": "(1, 2, 2, 4, 0, 3)", "zen": {"score": 79.91512298583984, "time": 0.8341733003035188}, "val_accuracy": 89.05}, {"idx": "8579", "arch": "(3, 0, 1, 4, 2, 0)", "zen": {"score": 71.31322479248047, "time": 0.8083585919812322}, "val_accuracy": 89.15}, {"idx": "8580", "arch": "(4, 0, 2, 0, 0, 1)", "zen": {"score": 49.29289245605469, "time": 0.6923590400256217}, "val_accuracy": 87.02}, {"idx": "8581", "arch": "(1, 2, 0, 0, 2, 0)", "zen": {"score": 59.91281509399414, "time": 0.6803053529001772}, "val_accuracy": 88.66}, {"idx": "8582", "arch": "(2, 2, 1, 2, 1, 1)", "zen": {"score": -100000000.0, "time": 0.7666380158625543}, "val_accuracy": 10.0}, {"idx": "8583", "arch": "(4, 0, 2, 4, 4, 0)", "zen": {"score": 166.8665008544922, "time": 0.8871421660296619}, "val_accuracy": 72.49}, {"idx": "8584", "arch": "(0, 0, 2, 0, 3, 0)", "zen": {"score": 235.8975067138672, "time": 0.6426522210240364}, "val_accuracy": 85.27}, {"idx": "8585", "arch": "(2, 1, 2, 3, 4, 4)", "zen": {"score": 79.33871459960938, "time": 0.9304633890278637}, "val_accuracy": 88.36}, {"idx": "8586", "arch": "(2, 3, 2, 1, 2, 4)", "zen": {"score": 110.9007797241211, "time": 0.9243982043117285}, "val_accuracy": 89.46}, {"idx": "8587", "arch": "(4, 2, 0, 2, 2, 4)", "zen": {"score": 176.81362915039062, "time": 0.9868441876024008}, "val_accuracy": 88.48}, {"idx": "8588", "arch": "(0, 1, 0, 0, 0, 3)", "zen": {"score": 125.31068420410156, "time": 0.5697175650857389}, "val_accuracy": 84.01}, {"idx": "8589", "arch": "(3, 1, 3, 4, 0, 2)", "zen": {"score": 62.96173858642578, "time": 0.8278207681141794}, "val_accuracy": 88.23}, {"idx": "8590", "arch": "(0, 4, 0, 1, 3, 3)", "zen": {"score": 85.8596420288086, "time": 0.728078864980489}, "val_accuracy": 87.12}, {"idx": "8591", "arch": "(2, 1, 1, 1, 2, 4)", "zen": {"score": 60.46210479736328, "time": 0.7889520488679409}, "val_accuracy": 87.05}, {"idx": "8592", "arch": "(4, 3, 3, 2, 4, 3)", "zen": {"score": 119.86365509033203, "time": 0.9580783159472048}, "val_accuracy": 86.14}, {"idx": "8593", "arch": "(2, 3, 2, 0, 3, 0)", "zen": {"score": 108.1922836303711, "time": 0.7980455528013408}, "val_accuracy": 89.24}, {"idx": "8594", "arch": "(0, 3, 2, 3, 3, 4)", "zen": {"score": 93.14974975585938, "time": 0.8677456481382251}, "val_accuracy": 88.39}, {"idx": "8595", "arch": "(4, 4, 4, 1, 1, 3)", "zen": {"score": 39.30986404418945, "time": 0.8671080209314823}, "val_accuracy": 75.81}, {"idx": "8596", "arch": "(3, 2, 3, 2, 2, 3)", "zen": {"score": 135.34970092773438, "time": 0.9147122362628579}, "val_accuracy": 89.37}, {"idx": "8597", "arch": "(4, 4, 3, 4, 3, 3)", "zen": {"score": 67.38528442382812, "time": 0.973619292024523}, "val_accuracy": 86.87}, {"idx": "8598", "arch": "(4, 3, 1, 4, 2, 2)", "zen": {"score": 81.64574432373047, "time": 0.9367946176789701}, "val_accuracy": 85.41}, {"idx": "8599", "arch": "(2, 1, 1, 0, 3, 0)", "zen": {"score": 51.11817932128906, "time": 0.6492238868959248}, "val_accuracy": 88.35}, {"idx": "8600", "arch": "(3, 0, 2, 3, 0, 1)", "zen": {"score": 63.84343338012695, "time": 0.7304377360269427}, "val_accuracy": 88.01}, {"idx": "8601", "arch": "(0, 1, 3, 4, 0, 2)", "zen": {"score": 100.08040618896484, "time": 0.7506085862405598}, "val_accuracy": 87.56}, {"idx": "8602", "arch": "(2, 2, 4, 3, 2, 0)", "zen": {"score": 131.46475219726562, "time": 0.9625928811728954}, "val_accuracy": 89.45}, {"idx": "8603", "arch": "(3, 3, 2, 4, 3, 1)", "zen": {"score": 78.88304138183594, "time": 0.8583808960393071}, "val_accuracy": 88.95}, {"idx": "8604", "arch": "(3, 3, 3, 1, 1, 1)", "zen": {"score": 42.58494186401367, "time": 0.696021007373929}, "val_accuracy": 85.65}, {"idx": "8605", "arch": "(3, 1, 0, 0, 2, 1)", "zen": {"score": 68.12435150146484, "time": 0.6519081289879978}, "val_accuracy": 89.21}, {"idx": "8606", "arch": "(2, 0, 3, 0, 0, 4)", "zen": {"score": 99.78640747070312, "time": 0.7427961607463658}, "val_accuracy": 86.96}, {"idx": "8607", "arch": "(3, 4, 3, 0, 1, 0)", "zen": {"score": 63.63691711425781, "time": 0.7246247343719006}, "val_accuracy": 85.16}, {"idx": "8608", "arch": "(2, 1, 2, 2, 1, 2)", "zen": {"score": 117.04316711425781, "time": 0.8481441219337285}, "val_accuracy": 89.33}, {"idx": "8609", "arch": "(2, 4, 3, 0, 3, 3)", "zen": {"score": 85.44549560546875, "time": 0.9017616435885429}, "val_accuracy": 88.98}, {"idx": "8610", "arch": "(0, 1, 3, 3, 4, 3)", "zen": {"score": 71.99102020263672, "time": 0.7856776360422373}, "val_accuracy": 86.91}, {"idx": "8611", "arch": "(2, 4, 1, 1, 4, 2)", "zen": {"score": 65.0259017944336, "time": 0.8821856980212033}, "val_accuracy": 83.65}, {"idx": "8612", "arch": "(3, 2, 2, 0, 2, 2)", "zen": {"score": 143.81423950195312, "time": 0.8786830306053162}, "val_accuracy": 89.63}, {"idx": "8613", "arch": "(4, 2, 2, 1, 1, 3)", "zen": {"score": 79.9777603149414, "time": 0.8433967237360775}, "val_accuracy": 89.14}, {"idx": "8614", "arch": "(4, 4, 0, 0, 1, 3)", "zen": {"score": 55.2977294921875, "time": 0.7753972010686994}, "val_accuracy": 85.66}, {"idx": "8615", "arch": "(1, 1, 4, 2, 4, 1)", "zen": {"score": 6.516781806945801, "time": 0.8011399297975004}, "val_accuracy": 71.47}, {"idx": "8616", "arch": "(4, 4, 1, 0, 2, 1)", "zen": {"score": 32.288787841796875, "time": 0.7887656278908253}, "val_accuracy": 78.94}, {"idx": "8617", "arch": "(0, 1, 0, 3, 1, 0)", "zen": {"score": 46.17662048339844, "time": 0.6045507960952818}, "val_accuracy": 86.38}, {"idx": "8618", "arch": "(2, 4, 4, 1, 0, 2)", "zen": {"score": 109.23739624023438, "time": 0.887604673858732}, "val_accuracy": 87.67}, {"idx": "8619", "arch": "(3, 4, 4, 4, 0, 1)", "zen": {"score": 35.219547271728516, "time": 0.8574597826227546}, "val_accuracy": 84.95}, {"idx": "8620", "arch": "(2, 2, 1, 3, 2, 4)", "zen": {"score": 101.27377319335938, "time": 0.9218498878180981}, "val_accuracy": 87.49}, {"idx": "8621", "arch": "(2, 4, 1, 1, 0, 4)", "zen": {"score": 48.78565979003906, "time": 0.8069013566710055}, "val_accuracy": 86.1}, {"idx": "8622", "arch": "(4, 2, 2, 4, 1, 0)", "zen": {"score": 92.07117462158203, "time": 0.8934842441231012}, "val_accuracy": 86.07}, {"idx": "8623", "arch": "(2, 0, 3, 3, 1, 1)", "zen": {"score": 54.91720962524414, "time": 0.7182638668455184}, "val_accuracy": 85.5}, {"idx": "8624", "arch": "(4, 1, 2, 3, 4, 0)", "zen": {"score": 84.65310668945312, "time": 0.8538030041381717}, "val_accuracy": 85.33}, {"idx": "8625", "arch": "(1, 3, 3, 4, 1, 0)", "zen": {"score": 40.41482162475586, "time": 0.7892262786626816}, "val_accuracy": 86.32}, {"idx": "8626", "arch": "(2, 1, 4, 1, 4, 3)", "zen": {"score": 50.516944885253906, "time": 0.8643929110839963}, "val_accuracy": 84.34}, {"idx": "8627", "arch": "(2, 4, 1, 0, 1, 0)", "zen": {"score": 51.025169372558594, "time": 0.7140640579164028}, "val_accuracy": 87.25}, {"idx": "8628", "arch": "(0, 1, 1, 3, 2, 0)", "zen": {"score": 55.409767150878906, "time": 0.6581808775663376}, "val_accuracy": 88.47}, {"idx": "8629", "arch": "(1, 2, 1, 2, 0, 2)", "zen": {"score": 58.96931457519531, "time": 0.7832874078303576}, "val_accuracy": 87.45}, {"idx": "8630", "arch": "(4, 4, 0, 3, 2, 0)", "zen": {"score": 212.97940063476562, "time": 0.8434821451082826}, "val_accuracy": 81.49}, {"idx": "8631", "arch": "(3, 4, 3, 3, 1, 1)", "zen": {"score": 40.9185676574707, "time": 0.8068608520552516}, "val_accuracy": 85.45}, {"idx": "8632", "arch": "(1, 0, 1, 4, 2, 4)", "zen": {"score": 6.258205413818359, "time": 0.7983557181432843}, "val_accuracy": 71.03}, {"idx": "8633", "arch": "(4, 4, 0, 3, 1, 4)", "zen": {"score": 104.74589538574219, "time": 0.9240243472158909}, "val_accuracy": 81.09}, {"idx": "8634", "arch": "(1, 0, 1, 3, 3, 0)", "zen": {"score": 8.386131286621094, "time": 0.6319461138918996}, "val_accuracy": 83.81}, {"idx": "8635", "arch": "(2, 4, 3, 3, 3, 4)", "zen": {"score": 99.63329315185547, "time": 0.9641757137142122}, "val_accuracy": 87.16}, {"idx": "8636", "arch": "(4, 0, 1, 1, 0, 4)", "zen": {"score": 26.63450813293457, "time": 0.7236417029052973}, "val_accuracy": 70.62}, {"idx": "8637", "arch": "(2, 1, 0, 2, 4, 1)", "zen": {"score": 77.17797088623047, "time": 0.817933761049062}, "val_accuracy": 87.64}, {"idx": "8638", "arch": "(3, 3, 3, 2, 2, 4)", "zen": {"score": 106.28099822998047, "time": 0.9451011237688363}, "val_accuracy": 88.46}, {"idx": "8639", "arch": "(0, 2, 2, 2, 4, 3)", "zen": {"score": 147.64646911621094, "time": 0.9076627492904663}, "val_accuracy": 89.24}, {"idx": "8640", "arch": "(4, 1, 3, 2, 2, 1)", "zen": {"score": 74.26751708984375, "time": 0.8496044371277094}, "val_accuracy": 87.8}, {"idx": "8641", "arch": "(4, 3, 4, 3, 3, 3)", "zen": {"score": 114.63673400878906, "time": 0.9395823921076953}, "val_accuracy": 83.56}, {"idx": "8642", "arch": "(3, 0, 4, 1, 1, 0)", "zen": {"score": 103.51931762695312, "time": 0.6835138848982751}, "val_accuracy": 78.3}, {"idx": "8643", "arch": "(1, 2, 0, 4, 3, 4)", "zen": {"score": 56.26298904418945, "time": 0.8609973010607064}, "val_accuracy": 88.14}, {"idx": "8644", "arch": "(0, 3, 1, 0, 4, 1)", "zen": {"score": 18.561988830566406, "time": 0.6862938478589058}, "val_accuracy": 71.81}, {"idx": "8645", "arch": "(3, 3, 4, 2, 4, 0)", "zen": {"score": 92.77583312988281, "time": 0.9047022298909724}, "val_accuracy": 87.18}, {"idx": "8646", "arch": "(3, 1, 1, 1, 1, 1)", "zen": {"score": -100000000.0, "time": 0.5840541529469192}, "val_accuracy": 10.0}, {"idx": "8647", "arch": "(2, 0, 4, 1, 3, 3)", "zen": {"score": 88.16788482666016, "time": 0.811224021948874}, "val_accuracy": 89.63}, {"idx": "8648", "arch": "(4, 4, 2, 2, 0, 3)", "zen": {"score": 129.83836364746094, "time": 0.9660034156404436}, "val_accuracy": 87.14}, {"idx": "8649", "arch": "(1, 3, 2, 3, 4, 1)", "zen": {"score": 44.7794303894043, "time": 0.8141335300169885}, "val_accuracy": 88.32}, {"idx": "8650", "arch": "(2, 4, 1, 3, 1, 1)", "zen": {"score": -100000000.0, "time": 0.758107460103929}, "val_accuracy": 10.0}, {"idx": "8651", "arch": "(0, 2, 3, 3, 3, 1)", "zen": {"score": 83.23540496826172, "time": 0.7491204394027591}, "val_accuracy": 86.71}, {"idx": "8652", "arch": "(0, 2, 1, 4, 4, 0)", "zen": {"score": 120.8575668334961, "time": 0.8046446400694549}, "val_accuracy": 82.17}, {"idx": "8653", "arch": "(2, 1, 2, 1, 3, 0)", "zen": {"score": 80.19412231445312, "time": 0.7341701681725681}, "val_accuracy": 89.37}, {"idx": "8654", "arch": "(0, 3, 0, 3, 3, 2)", "zen": {"score": 146.30828857421875, "time": 0.7521088309586048}, "val_accuracy": 89.46}, {"idx": "8655", "arch": "(3, 3, 0, 1, 4, 0)", "zen": {"score": 83.22032165527344, "time": 0.7178889000788331}, "val_accuracy": 86.55}, {"idx": "8656", "arch": "(4, 3, 4, 0, 4, 4)", "zen": {"score": 152.7118682861328, "time": 1.0155354286544025}, "val_accuracy": 71.83}, {"idx": "8657", "arch": "(2, 0, 3, 4, 2, 4)", "zen": {"score": 112.31657409667969, "time": 0.935037475079298}, "val_accuracy": 88.43}, {"idx": "8658", "arch": "(0, 2, 4, 4, 0, 0)", "zen": {"score": 171.30636596679688, "time": 0.7894093170762062}, "val_accuracy": 73.8}, {"idx": "8659", "arch": "(0, 3, 3, 0, 2, 4)", "zen": {"score": 121.41993713378906, "time": 0.8120780643075705}, "val_accuracy": 87.39}, {"idx": "8660", "arch": "(2, 4, 0, 2, 2, 1)", "zen": {"score": 104.5310287475586, "time": 0.8671824280172586}, "val_accuracy": 90.36}, {"idx": "8661", "arch": "(3, 2, 1, 2, 3, 1)", "zen": {"score": 80.3255386352539, "time": 0.8395455949939787}, "val_accuracy": 84.04}, {"idx": "8662", "arch": "(4, 1, 1, 2, 3, 3)", "zen": {"score": 58.38909912109375, "time": 0.8531018681824207}, "val_accuracy": 83.08}, {"idx": "8663", "arch": "(1, 1, 0, 3, 1, 0)", "zen": {"score": 9.896522521972656, "time": 0.5902532152831554}, "val_accuracy": 84.0}, {"idx": "8664", "arch": "(1, 3, 2, 3, 0, 3)", "zen": {"score": 63.47290802001953, "time": 0.7700004340149462}, "val_accuracy": 88.78}, {"idx": "8665", "arch": "(2, 2, 3, 1, 3, 3)", "zen": {"score": 111.52465057373047, "time": 0.8622916666790843}, "val_accuracy": 89.18}, {"idx": "8666", "arch": "(2, 2, 1, 2, 4, 2)", "zen": {"score": 116.03612518310547, "time": 0.948194941971451}, "val_accuracy": 88.39}, {"idx": "8667", "arch": "(0, 2, 4, 3, 4, 1)", "zen": {"score": 185.0876922607422, "time": 0.8529101591557264}, "val_accuracy": 71.02}, {"idx": "8668", "arch": "(3, 0, 0, 2, 3, 1)", "zen": {"score": 76.21728515625, "time": 0.7220737934112549}, "val_accuracy": 86.92}, {"idx": "8669", "arch": "(0, 4, 3, 1, 2, 0)", "zen": {"score": 79.23403930664062, "time": 0.7656421172432601}, "val_accuracy": 87.27}, {"idx": "8670", "arch": "(3, 0, 4, 4, 1, 1)", "zen": {"score": 18.113746643066406, "time": 0.7889333008788526}, "val_accuracy": 71.87}, {"idx": "8671", "arch": "(2, 3, 0, 1, 3, 4)", "zen": {"score": 106.04051971435547, "time": 0.8232681867666543}, "val_accuracy": 90.02}, {"idx": "8672", "arch": "(4, 2, 4, 2, 1, 3)", "zen": {"score": 102.47200775146484, "time": 0.9518468789756298}, "val_accuracy": 88.1}, {"idx": "8673", "arch": "(2, 0, 4, 4, 3, 4)", "zen": {"score": 126.03742980957031, "time": 0.9920271523296833}, "val_accuracy": 85.58}, {"idx": "8674", "arch": "(0, 3, 4, 0, 3, 4)", "zen": {"score": 184.77020263671875, "time": 0.8145861271768808}, "val_accuracy": 81.72}, {"idx": "8675", "arch": "(0, 0, 4, 3, 4, 3)", "zen": {"score": 172.8921356201172, "time": 0.8139199889265001}, "val_accuracy": 83.59}, {"idx": "8676", "arch": "(3, 1, 4, 1, 0, 4)", "zen": {"score": 34.32530212402344, "time": 0.7744092550128698}, "val_accuracy": 85.21}, {"idx": "8677", "arch": "(2, 0, 1, 4, 0, 1)", "zen": {"score": 36.341976165771484, "time": 0.7124374080449343}, "val_accuracy": 88.02}, {"idx": "8678", "arch": "(3, 2, 2, 2, 4, 1)", "zen": {"score": 98.09361267089844, "time": 0.9114007037132978}, "val_accuracy": 88.02}, {"idx": "8679", "arch": "(4, 1, 0, 4, 3, 0)", "zen": {"score": 110.40204620361328, "time": 0.7707450087182224}, "val_accuracy": 75.14}, {"idx": "8680", "arch": "(1, 1, 3, 2, 1, 2)", "zen": {"score": 19.591188430786133, "time": 0.8002617172896862}, "val_accuracy": 85.8}, {"idx": "8681", "arch": "(2, 2, 2, 3, 3, 0)", "zen": {"score": 132.90847778320312, "time": 0.856799827888608}, "val_accuracy": 89.38}, {"idx": "8682", "arch": "(2, 4, 2, 1, 1, 0)", "zen": {"score": 84.13973999023438, "time": 0.7906793737784028}, "val_accuracy": 86.87}, {"idx": "8683", "arch": "(3, 3, 0, 4, 4, 1)", "zen": {"score": 70.72305297851562, "time": 0.8421545531600714}, "val_accuracy": 86.44}, {"idx": "8684", "arch": "(3, 1, 4, 0, 1, 0)", "zen": {"score": 36.06049728393555, "time": 0.7031117524020374}, "val_accuracy": 85.16}, {"idx": "8685", "arch": "(2, 2, 1, 1, 1, 0)", "zen": {"score": 60.51000213623047, "time": 0.6940387859940529}, "val_accuracy": 88.53}, {"idx": "8686", "arch": "(0, 2, 0, 2, 1, 2)", "zen": {"score": 135.98025512695312, "time": 0.7589313061907887}, "val_accuracy": 90.67}, {"idx": "8687", "arch": "(2, 1, 2, 2, 4, 3)", "zen": {"score": 104.76527404785156, "time": 0.9471275960095227}, "val_accuracy": 89.37}, {"idx": "8688", "arch": "(4, 3, 1, 3, 1, 1)", "zen": {"score": -100000000.0, "time": 0.7404513587243855}, "val_accuracy": 10.0}, {"idx": "8689", "arch": "(2, 3, 2, 0, 2, 3)", "zen": {"score": 128.73098754882812, "time": 0.8651237548328936}, "val_accuracy": 90.06}, {"idx": "8690", "arch": "(0, 3, 3, 2, 3, 1)", "zen": {"score": 85.43501281738281, "time": 0.753092932049185}, "val_accuracy": 85.92}, {"idx": "8691", "arch": "(1, 0, 3, 0, 3, 1)", "zen": {"score": 21.18730926513672, "time": 0.6329396688379347}, "val_accuracy": 85.64}, {"idx": "8692", "arch": "(4, 4, 4, 4, 4, 1)", "zen": {"score": 26.145151138305664, "time": 1.0024450062774122}, "val_accuracy": 66.59}, {"idx": "8693", "arch": "(2, 3, 0, 0, 0, 2)", "zen": {"score": 128.2928009033203, "time": 0.7263138419948518}, "val_accuracy": 90.7}, {"idx": "8694", "arch": "(4, 2, 1, 2, 2, 3)", "zen": {"score": 105.30169677734375, "time": 0.9155931291170418}, "val_accuracy": 87.64}, {"idx": "8695", "arch": "(3, 1, 3, 3, 0, 1)", "zen": {"score": 49.01677703857422, "time": 0.7008562497794628}, "val_accuracy": 85.92}, {"idx": "8696", "arch": "(2, 4, 3, 2, 1, 4)", "zen": {"score": 101.75904083251953, "time": 0.9386390680447221}, "val_accuracy": 86.43}, {"idx": "8697", "arch": "(1, 0, 1, 2, 1, 0)", "zen": {"score": 9.902167320251465, "time": 0.6060145660303533}, "val_accuracy": 84.07}, {"idx": "8698", "arch": "(2, 1, 1, 0, 2, 3)", "zen": {"score": 74.08360290527344, "time": 0.7405613330192864}, "val_accuracy": 87.59}, {"idx": "8699", "arch": "(0, 4, 3, 4, 2, 1)", "zen": {"score": 55.60580825805664, "time": 0.8558356729336083}, "val_accuracy": 88.27}, {"idx": "8700", "arch": "(3, 2, 3, 1, 2, 2)", "zen": {"score": 123.84075927734375, "time": 0.8691620021127164}, "val_accuracy": 90.13}, {"idx": "8701", "arch": "(1, 1, 2, 4, 4, 4)", "zen": {"score": 36.31111145019531, "time": 0.9475248591043055}, "val_accuracy": 88.7}, {"idx": "8702", "arch": "(3, 4, 4, 2, 3, 4)", "zen": {"score": 132.13275146484375, "time": 1.0024254848249257}, "val_accuracy": 83.85}, {"idx": "8703", "arch": "(0, 3, 4, 3, 0, 0)", "zen": {"score": 188.89425659179688, "time": 0.7193067390471697}, "val_accuracy": 82.86}, {"idx": "8704", "arch": "(2, 4, 0, 3, 3, 4)", "zen": {"score": 138.15347290039062, "time": 0.9010747759602964}, "val_accuracy": 85.54}, {"idx": "8705", "arch": "(3, 1, 3, 2, 4, 2)", "zen": {"score": 89.59034729003906, "time": 0.8905950086191297}, "val_accuracy": 89.48}, {"idx": "8706", "arch": "(4, 3, 4, 2, 1, 3)", "zen": {"score": 88.59722137451172, "time": 0.9117409707978368}, "val_accuracy": 86.44}, {"idx": "8707", "arch": "(1, 0, 1, 0, 2, 2)", "zen": {"score": 34.75452423095703, "time": 0.6834637057036161}, "val_accuracy": 88.4}, {"idx": "8708", "arch": "(2, 3, 3, 0, 3, 3)", "zen": {"score": 99.83818817138672, "time": 0.8810027209110558}, "val_accuracy": 89.66}, {"idx": "8709", "arch": "(4, 2, 0, 4, 2, 0)", "zen": {"score": 219.9229278564453, "time": 0.8733496041968465}, "val_accuracy": 83.25}, {"idx": "8710", "arch": "(3, 1, 2, 0, 2, 2)", "zen": {"score": 106.99615478515625, "time": 0.8267603600397706}, "val_accuracy": 88.37}, {"idx": "8711", "arch": "(2, 0, 3, 3, 4, 2)", "zen": {"score": 98.72942352294922, "time": 0.8854300021193922}, "val_accuracy": 89.85}, {"idx": "8712", "arch": "(1, 2, 0, 3, 1, 4)", "zen": {"score": 56.82836151123047, "time": 0.7655622609890997}, "val_accuracy": 87.48}, {"idx": "8713", "arch": "(2, 0, 0, 4, 0, 2)", "zen": {"score": 120.83338165283203, "time": 0.7724638739600778}, "val_accuracy": 88.62}, {"idx": "8714", "arch": "(3, 1, 4, 3, 1, 1)", "zen": {"score": 27.9276123046875, "time": 0.775827354285866}, "val_accuracy": 71.86}, {"idx": "8715", "arch": "(1, 3, 3, 4, 4, 1)", "zen": {"score": 32.3085823059082, "time": 0.8374120490625501}, "val_accuracy": 85.54}, {"idx": "8716", "arch": "(3, 2, 1, 4, 0, 0)", "zen": {"score": 62.6875, "time": 0.7569731478579342}, "val_accuracy": 88.09}, {"idx": "8717", "arch": "(4, 2, 3, 1, 1, 2)", "zen": {"score": 78.86003875732422, "time": 0.8530422318726778}, "val_accuracy": 89.32}, {"idx": "8718", "arch": "(1, 3, 2, 2, 2, 1)", "zen": {"score": 43.33785629272461, "time": 0.8180554648861289}, "val_accuracy": 88.29}, {"idx": "8719", "arch": "(2, 3, 2, 3, 2, 4)", "zen": {"score": 122.89840698242188, "time": 0.9501140681095421}, "val_accuracy": 89.86}, {"idx": "8720", "arch": "(2, 4, 4, 0, 0, 1)", "zen": {"score": 50.025123596191406, "time": 0.7839836240746081}, "val_accuracy": 87.44}, {"idx": "8721", "arch": "(3, 2, 3, 4, 2, 3)", "zen": {"score": 111.10652923583984, "time": 0.9424179387278855}, "val_accuracy": 89.27}, {"idx": "8722", "arch": "(2, 0, 3, 2, 1, 0)", "zen": {"score": 123.23065185546875, "time": 0.7276848698966205}, "val_accuracy": 90.73}, {"idx": "8723", "arch": "(2, 1, 4, 0, 4, 2)", "zen": {"score": 77.60468292236328, "time": 0.8838820368982852}, "val_accuracy": 88.85}, {"idx": "8724", "arch": "(1, 0, 2, 2, 4, 2)", "zen": {"score": 68.94801330566406, "time": 0.8605008539743721}, "val_accuracy": 88.6}, {"idx": "8725", "arch": "(4, 3, 3, 1, 4, 4)", "zen": {"score": 67.64739990234375, "time": 0.932136382907629}, "val_accuracy": 83.92}, {"idx": "8726", "arch": "(1, 0, 1, 3, 2, 3)", "zen": {"score": 19.378034591674805, "time": 0.7152172760106623}, "val_accuracy": 86.08}, {"idx": "8727", "arch": "(2, 1, 0, 2, 3, 4)", "zen": {"score": 95.75275421142578, "time": 0.8824080778285861}, "val_accuracy": 90.46}, {"idx": "8728", "arch": "(0, 0, 0, 4, 1, 2)", "zen": {"score": 65.9044418334961, "time": 0.6809329479001462}, "val_accuracy": 88.57}, {"idx": "8729", "arch": "(3, 2, 0, 0, 4, 4)", "zen": {"score": 112.19302368164062, "time": 0.8479247433133423}, "val_accuracy": 87.77}, {"idx": "8730", "arch": "(0, 1, 4, 1, 1, 1)", "zen": {"score": 8.303125381469727, "time": 0.6166435307823122}, "val_accuracy": 70.44}, {"idx": "8731", "arch": "(4, 0, 1, 0, 0, 3)", "zen": {"score": 44.75303268432617, "time": 0.6755282613448799}, "val_accuracy": 82.79}, {"idx": "8732", "arch": "(4, 2, 3, 4, 1, 3)", "zen": {"score": 69.48699951171875, "time": 0.9069884601049125}, "val_accuracy": 88.8}, {"idx": "8733", "arch": "(2, 0, 4, 3, 1, 4)", "zen": {"score": 124.9035873413086, "time": 0.8543522446416318}, "val_accuracy": 85.36}, {"idx": "8734", "arch": "(2, 2, 2, 2, 0, 0)", "zen": {"score": 136.94679260253906, "time": 0.8186907502822578}, "val_accuracy": 89.15}, {"idx": "8735", "arch": "(4, 2, 1, 1, 4, 1)", "zen": {"score": 28.36768341064453, "time": 0.8122182018123567}, "val_accuracy": 63.35}, {"idx": "8736", "arch": "(4, 3, 0, 4, 1, 4)", "zen": {"score": 99.96590423583984, "time": 0.8815409848466516}, "val_accuracy": 80.42}, {"idx": "8737", "arch": "(0, 4, 2, 0, 4, 1)", "zen": {"score": 47.71657180786133, "time": 0.8048137878067791}, "val_accuracy": 87.27}, {"idx": "8738", "arch": "(2, 1, 4, 0, 0, 4)", "zen": {"score": 61.65410232543945, "time": 0.7856821469031274}, "val_accuracy": 86.33}, {"idx": "8739", "arch": "(0, 3, 1, 0, 3, 4)", "zen": {"score": 68.132080078125, "time": 0.724162679631263}, "val_accuracy": 84.96}, {"idx": "8740", "arch": "(3, 3, 1, 0, 4, 4)", "zen": {"score": 47.92837905883789, "time": 0.8454234800301492}, "val_accuracy": 82.07}, {"idx": "8741", "arch": "(3, 4, 1, 2, 1, 2)", "zen": {"score": 73.02877044677734, "time": 0.8752804882824421}, "val_accuracy": 87.89}, {"idx": "8742", "arch": "(1, 2, 2, 1, 1, 3)", "zen": {"score": 80.10660552978516, "time": 0.7271052249707282}, "val_accuracy": 88.82}, {"idx": "8743", "arch": "(1, 0, 4, 1, 3, 1)", "zen": {"score": 6.51932430267334, "time": 0.657877953723073}, "val_accuracy": 71.97}, {"idx": "8744", "arch": "(4, 3, 3, 0, 1, 2)", "zen": {"score": 69.10205078125, "time": 0.8244782802648842}, "val_accuracy": 88.09}, {"idx": "8745", "arch": "(2, 4, 1, 3, 0, 4)", "zen": {"score": 62.8852424621582, "time": 0.8618762027472258}, "val_accuracy": 86.87}, {"idx": "8746", "arch": "(0, 3, 2, 1, 0, 3)", "zen": {"score": 109.18521881103516, "time": 0.7145143928937614}, "val_accuracy": 88.68}, {"idx": "8747", "arch": "(3, 3, 3, 4, 2, 0)", "zen": {"score": 86.4566421508789, "time": 0.8515592101030052}, "val_accuracy": 88.68}, {"idx": "8748", "arch": "(0, 3, 3, 1, 1, 1)", "zen": {"score": 33.04580307006836, "time": 0.6145158847793937}, "val_accuracy": 85.34}, {"idx": "8749", "arch": "(2, 4, 1, 2, 1, 0)", "zen": {"score": 69.86547088623047, "time": 0.7420208267867565}, "val_accuracy": 88.42}]