[{"idx": "4750", "arch": "(4, 3, 0, 1, 2, 0)", "zen": {"score": 101.8600082397461, "time": 1.1385089135728776}, "val_accuracy": 87.87}, {"idx": "4751", "arch": "(0, 3, 1, 4, 1, 4)", "zen": {"score": 38.92275619506836, "time": 0.7853066860698164}, "val_accuracy": 78.98}, {"idx": "4752", "arch": "(3, 4, 3, 1, 0, 3)", "zen": {"score": 59.94346237182617, "time": 0.8117730179801583}, "val_accuracy": 87.03}, {"idx": "4753", "arch": "(3, 1, 2, 0, 4, 1)", "zen": {"score": 50.44631576538086, "time": 0.764670236967504}, "val_accuracy": 88.27}, {"idx": "4754", "arch": "(3, 0, 2, 4, 0, 4)", "zen": {"score": 95.5089111328125, "time": 0.8396434229798615}, "val_accuracy": 87.33}, {"idx": "4755", "arch": "(4, 1, 1, 4, 2, 1)", "zen": {"score": 32.346900939941406, "time": 0.7993224482052028}, "val_accuracy": 79.05}, {"idx": "4756", "arch": "(0, 2, 0, 1, 3, 4)", "zen": {"score": 96.88285064697266, "time": 0.7871648203581572}, "val_accuracy": 88.49}, {"idx": "4757", "arch": "(1, 1, 1, 0, 1, 2)", "zen": {"score": -100000000.0, "time": 0.6104095675982535}, "val_accuracy": 10.0}, {"idx": "4758", "arch": "(4, 4, 2, 0, 3, 3)", "zen": {"score": 81.99308776855469, "time": 0.8896270883269608}, "val_accuracy": 88.26}, {"idx": "4759", "arch": "(2, 4, 4, 3, 3, 0)", "zen": {"score": 137.6320343017578, "time": 0.9001498776488006}, "val_accuracy": 86.43}, {"idx": "4760", "arch": "(3, 0, 3, 2, 3, 1)", "zen": {"score": 73.20056915283203, "time": 0.7518719229847193}, "val_accuracy": 86.19}, {"idx": "4761", "arch": "(0, 4, 3, 3, 4, 3)", "zen": {"score": 98.7109375, "time": 0.8733229232020676}, "val_accuracy": 86.0}, {"idx": "4762", "arch": "(1, 4, 1, 2, 1, 4)", "zen": {"score": 6.48640251159668, "time": 0.7922936952672899}, "val_accuracy": 62.96}, {"idx": "4763", "arch": "(4, 3, 4, 3, 2, 3)", "zen": {"score": 125.98416137695312, "time": 1.0192442191764712}, "val_accuracy": 86.17}, {"idx": "4764", "arch": "(4, 3, 2, 3, 0, 2)", "zen": {"score": 142.51968383789062, "time": 0.8957578758709133}, "val_accuracy": 88.12}, {"idx": "4765", "arch": "(4, 3, 0, 4, 1, 1)", "zen": {"score": 31.767738342285156, "time": 0.7728695417754352}, "val_accuracy": 83.78}, {"idx": "4766", "arch": "(2, 3, 3, 0, 1, 4)", "zen": {"score": 68.69757080078125, "time": 0.8622206598520279}, "val_accuracy": 87.99}, {"idx": "4767", "arch": "(2, 2, 3, 0, 2, 2)", "zen": {"score": 143.60076904296875, "time": 0.8951969062909484}, "val_accuracy": 89.62}, {"idx": "4768", "arch": "(0, 2, 4, 2, 3, 0)", "zen": {"score": 136.1650390625, "time": 0.867718996014446}, "val_accuracy": 87.67}, {"idx": "4769", "arch": "(3, 4, 0, 4, 4, 2)", "zen": {"score": 101.27670288085938, "time": 0.9550168826244771}, "val_accuracy": 87.91}, {"idx": "4770", "arch": "(2, 2, 4, 0, 3, 0)", "zen": {"score": 108.57275390625, "time": 0.8325275061652064}, "val_accuracy": 88.85}, {"idx": "4771", "arch": "(3, 1, 2, 0, 0, 3)", "zen": {"score": 70.26905059814453, "time": 0.7176246256567538}, "val_accuracy": 88.92}, {"idx": "4772", "arch": "(3, 2, 3, 0, 4, 4)", "zen": {"score": 83.68535614013672, "time": 0.9175835223868489}, "val_accuracy": 87.26}, {"idx": "4773", "arch": "(1, 0, 2, 2, 0, 1)", "zen": {"score": 34.87236022949219, "time": 0.6895609619095922}, "val_accuracy": 88.04}, {"idx": "4774", "arch": "(3, 3, 1, 0, 4, 1)", "zen": {"score": 29.001319885253906, "time": 0.7384215211495757}, "val_accuracy": 79.32}, {"idx": "4775", "arch": "(0, 3, 1, 0, 3, 1)", "zen": {"score": 32.82490539550781, "time": 0.6336439996957779}, "val_accuracy": 85.72}, {"idx": "4776", "arch": "(0, 4, 0, 3, 0, 4)", "zen": {"score": 159.8740234375, "time": 0.7659899811260402}, "val_accuracy": 73.53}, {"idx": "4777", "arch": "(3, 4, 3, 4, 0, 4)", "zen": {"score": 77.58162689208984, "time": 0.979385363869369}, "val_accuracy": 82.75}, {"idx": "4778", "arch": "(0, 1, 2, 3, 3, 2)", "zen": {"score": 100.36016845703125, "time": 0.7860249779187143}, "val_accuracy": 89.28}, {"idx": "4779", "arch": "(3, 0, 4, 2, 4, 1)", "zen": {"score": 61.92653274536133, "time": 0.8549313107505441}, "val_accuracy": 83.56}, {"idx": "4780", "arch": "(2, 1, 4, 2, 1, 1)", "zen": {"score": 51.198787689208984, "time": 0.7909993520006537}, "val_accuracy": 72.11}, {"idx": "4781", "arch": "(3, 2, 4, 0, 2, 1)", "zen": {"score": 93.56559753417969, "time": 0.8815948818810284}, "val_accuracy": 87.47}, {"idx": "4782", "arch": "(3, 1, 2, 3, 4, 2)", "zen": {"score": 90.17051696777344, "time": 0.9056928749196231}, "val_accuracy": 88.46}, {"idx": "4783", "arch": "(1, 2, 3, 2, 2, 2)", "zen": {"score": 76.28247833251953, "time": 0.9047770542092621}, "val_accuracy": 89.57}, {"idx": "4784", "arch": "(4, 4, 2, 3, 4, 0)", "zen": {"score": 197.73504638671875, "time": 0.9464209470897913}, "val_accuracy": 82.47}, {"idx": "4785", "arch": "(1, 0, 2, 0, 1, 3)", "zen": {"score": 55.39393615722656, "time": 0.6872889222577214}, "val_accuracy": 88.72}, {"idx": "4786", "arch": "(4, 1, 2, 2, 1, 0)", "zen": {"score": 65.87380981445312, "time": 0.8262863419950008}, "val_accuracy": 88.52}, {"idx": "4787", "arch": "(2, 0, 4, 3, 3, 3)", "zen": {"score": 99.79521179199219, "time": 0.873457855079323}, "val_accuracy": 89.04}, {"idx": "4788", "arch": "(0, 4, 2, 0, 0, 0)", "zen": {"score": 177.858642578125, "time": 0.6946770730428398}, "val_accuracy": 74.11}, {"idx": "4789", "arch": "(3, 4, 0, 4, 0, 4)", "zen": {"score": 107.63056182861328, "time": 0.874008612241596}, "val_accuracy": 79.32}, {"idx": "4790", "arch": "(0, 4, 1, 3, 2, 0)", "zen": {"score": 78.69928741455078, "time": 0.7542742257937789}, "val_accuracy": 87.28}, {"idx": "4791", "arch": "(3, 4, 4, 1, 1, 1)", "zen": {"score": 17.442655563354492, "time": 0.7945765750482678}, "val_accuracy": 71.38}, {"idx": "4792", "arch": "(2, 1, 1, 2, 1, 1)", "zen": {"score": -100000000.0, "time": 0.6972021698020399}, "val_accuracy": 10.0}, {"idx": "4793", "arch": "(4, 0, 3, 1, 2, 4)", "zen": {"score": 92.46487426757812, "time": 0.8570943446829915}, "val_accuracy": 85.22}, {"idx": "4794", "arch": "(2, 1, 4, 0, 2, 3)", "zen": {"score": 84.82748413085938, "time": 0.8475739471614361}, "val_accuracy": 88.65}, {"idx": "4795", "arch": "(0, 0, 2, 1, 0, 4)", "zen": {"score": 122.31573486328125, "time": 0.6970516908913851}, "val_accuracy": 84.07}, {"idx": "4796", "arch": "(1, 2, 4, 4, 0, 4)", "zen": {"score": 52.284584045410156, "time": 0.9040026529692113}, "val_accuracy": 84.15}, {"idx": "4797", "arch": "(4, 1, 3, 3, 1, 4)", "zen": {"score": 37.10111999511719, "time": 0.9000986441969872}, "val_accuracy": 86.51}, {"idx": "4798", "arch": "(1, 2, 2, 1, 3, 2)", "zen": {"score": 92.46865844726562, "time": 0.8365187048912048}, "val_accuracy": 89.41}, {"idx": "4799", "arch": "(3, 1, 2, 3, 0, 4)", "zen": {"score": 65.12025451660156, "time": 0.8200366720557213}, "val_accuracy": 88.57}, {"idx": "4800", "arch": "(3, 0, 4, 2, 0, 3)", "zen": {"score": 88.59809875488281, "time": 0.8071056208573282}, "val_accuracy": 88.22}, {"idx": "4801", "arch": "(1, 3, 1, 3, 4, 0)", "zen": {"score": 20.966588973999023, "time": 0.7512816609814763}, "val_accuracy": 85.67}, {"idx": "4802", "arch": "(4, 3, 1, 2, 1, 0)", "zen": {"score": 51.383445739746094, "time": 0.8201208631508052}, "val_accuracy": 87.68}, {"idx": "4803", "arch": "(3, 1, 1, 2, 0, 4)", "zen": {"score": 47.550960540771484, "time": 0.7613944900222123}, "val_accuracy": 87.42}, {"idx": "4804", "arch": "(0, 1, 4, 2, 2, 1)", "zen": {"score": 87.46688842773438, "time": 0.7819031332619488}, "val_accuracy": 87.0}, {"idx": "4805", "arch": "(0, 2, 3, 4, 2, 4)", "zen": {"score": 128.80796813964844, "time": 0.9307146579958498}, "val_accuracy": 85.62}, {"idx": "4806", "arch": "(2, 2, 0, 2, 3, 1)", "zen": {"score": 136.4635009765625, "time": 0.8297204980626702}, "val_accuracy": 90.17}, {"idx": "4807", "arch": "(1, 0, 2, 3, 1, 4)", "zen": {"score": 48.01682662963867, "time": 0.7718844250775874}, "val_accuracy": 87.65}, {"idx": "4808", "arch": "(0, 2, 1, 1, 0, 4)", "zen": {"score": 57.777183532714844, "time": 0.7019322961568832}, "val_accuracy": 87.77}, {"idx": "4809", "arch": "(1, 3, 2, 4, 4, 4)", "zen": {"score": 49.91944122314453, "time": 0.9975105980411172}, "val_accuracy": 87.98}, {"idx": "4810", "arch": "(3, 0, 3, 4, 0, 0)", "zen": {"score": 97.59783935546875, "time": 0.7434852826409042}, "val_accuracy": 87.15}, {"idx": "4811", "arch": "(2, 4, 2, 0, 3, 1)", "zen": {"score": 80.4273452758789, "time": 0.8476233058609068}, "val_accuracy": 89.1}, {"idx": "4812", "arch": "(2, 1, 2, 0, 0, 0)", "zen": {"score": 84.03350067138672, "time": 0.6762689868919551}, "val_accuracy": 88.78}, {"idx": "4813", "arch": "(0, 1, 3, 1, 3, 1)", "zen": {"score": 40.681495666503906, "time": 0.633377147372812}, "val_accuracy": 85.55}, {"idx": "4814", "arch": "(1, 4, 1, 1, 3, 2)", "zen": {"score": 30.645612716674805, "time": 0.761253017000854}, "val_accuracy": 80.48}, {"idx": "4815", "arch": "(1, 2, 2, 0, 0, 0)", "zen": {"score": 70.19368743896484, "time": 0.681695660110563}, "val_accuracy": 88.43}, {"idx": "4816", "arch": "(1, 4, 4, 4, 1, 0)", "zen": {"score": 26.427671432495117, "time": 0.8244940158911049}, "val_accuracy": 71.48}, {"idx": "4817", "arch": "(0, 2, 0, 0, 0, 4)", "zen": {"score": 178.06890869140625, "time": 0.6924397689290345}, "val_accuracy": 73.96}, {"idx": "4818", "arch": "(4, 3, 2, 2, 2, 0)", "zen": {"score": 123.92668914794922, "time": 0.9112089276313782}, "val_accuracy": 88.85}, {"idx": "4819", "arch": "(3, 3, 0, 2, 0, 2)", "zen": {"score": 134.35511779785156, "time": 0.7852624468505383}, "val_accuracy": 90.57}, {"idx": "4820", "arch": "(0, 3, 1, 2, 0, 0)", "zen": {"score": 100.16432189941406, "time": 0.6655036071315408}, "val_accuracy": 88.37}, {"idx": "4821", "arch": "(1, 2, 0, 1, 4, 4)", "zen": {"score": 58.06806182861328, "time": 0.8123476593755186}, "val_accuracy": 88.03}, {"idx": "4822", "arch": "(2, 4, 2, 2, 4, 1)", "zen": {"score": 87.39598846435547, "time": 1.0153813799843192}, "val_accuracy": 88.18}, {"idx": "4823", "arch": "(0, 4, 2, 1, 1, 3)", "zen": {"score": 52.57804489135742, "time": 0.7750060739926994}, "val_accuracy": 88.16}, {"idx": "4824", "arch": "(1, 3, 4, 3, 2, 3)", "zen": {"score": 41.15603256225586, "time": 0.863284467253834}, "val_accuracy": 86.06}, {"idx": "4825", "arch": "(2, 1, 3, 1, 0, 4)", "zen": {"score": 55.51113510131836, "time": 0.7712420038878918}, "val_accuracy": 88.83}, {"idx": "4826", "arch": "(3, 4, 4, 2, 2, 4)", "zen": {"score": 149.97592163085938, "time": 1.0360696571879089}, "val_accuracy": 84.25}, {"idx": "4827", "arch": "(3, 4, 2, 2, 0, 3)", "zen": {"score": 97.25968933105469, "time": 0.8865443491376936}, "val_accuracy": 88.68}, {"idx": "4828", "arch": "(3, 4, 0, 3, 1, 2)", "zen": {"score": 96.78494262695312, "time": 0.8581076730042696}, "val_accuracy": 89.33}, {"idx": "4829", "arch": "(4, 1, 4, 4, 0, 0)", "zen": {"score": 38.26741409301758, "time": 0.8146372400224209}, "val_accuracy": 54.71}, {"idx": "4830", "arch": "(3, 2, 0, 2, 3, 2)", "zen": {"score": 157.55429077148438, "time": 0.8697331580333412}, "val_accuracy": 91.03}, {"idx": "4831", "arch": "(2, 3, 1, 4, 3, 1)", "zen": {"score": 56.689266204833984, "time": 0.8233455652371049}, "val_accuracy": 86.53}, {"idx": "4832", "arch": "(1, 1, 1, 3, 3, 2)", "zen": {"score": -100000000.0, "time": 0.722759947180748}, "val_accuracy": 10.0}, {"idx": "4833", "arch": "(2, 1, 3, 0, 1, 0)", "zen": {"score": 55.907379150390625, "time": 0.6534322677180171}, "val_accuracy": 88.34}, {"idx": "4834", "arch": "(1, 1, 2, 3, 4, 0)", "zen": {"score": 34.70654296875, "time": 0.7634748606942594}, "val_accuracy": 88.38}, {"idx": "4835", "arch": "(3, 3, 4, 4, 1, 1)", "zen": {"score": 26.655475616455078, "time": 0.8367914170958102}, "val_accuracy": 71.37}, {"idx": "4836", "arch": "(1, 3, 0, 4, 2, 1)", "zen": {"score": 32.11398696899414, "time": 0.8054885189048946}, "val_accuracy": 84.07}, {"idx": "4837", "arch": "(2, 2, 4, 4, 4, 4)", "zen": {"score": 118.07666778564453, "time": 1.0833329050801694}, "val_accuracy": 83.83}, {"idx": "4838", "arch": "(2, 2, 2, 4, 2, 3)", "zen": {"score": 141.7653350830078, "time": 0.9877374502830207}, "val_accuracy": 89.7}, {"idx": "4839", "arch": "(1, 3, 3, 2, 3, 3)", "zen": {"score": 47.21409606933594, "time": 0.8468908057548106}, "val_accuracy": 85.86}, {"idx": "4840", "arch": "(0, 1, 3, 4, 3, 2)", "zen": {"score": 71.33970642089844, "time": 0.8276593540795147}, "val_accuracy": 88.2}, {"idx": "4841", "arch": "(0, 0, 2, 0, 2, 2)", "zen": {"score": 117.77904510498047, "time": 0.7662554518319666}, "val_accuracy": 89.02}, {"idx": "4842", "arch": "(4, 4, 1, 1, 1, 0)", "zen": {"score": 8.257743835449219, "time": 0.7347340071573853}, "val_accuracy": 70.37}, {"idx": "4843", "arch": "(1, 2, 4, 3, 2, 2)", "zen": {"score": 70.69486999511719, "time": 0.9326603263616562}, "val_accuracy": 88.86}, {"idx": "4844", "arch": "(3, 4, 3, 0, 4, 0)", "zen": {"score": 81.31890106201172, "time": 0.8741283463314176}, "val_accuracy": 84.55}, {"idx": "4845", "arch": "(0, 1, 2, 2, 1, 2)", "zen": {"score": 93.67399597167969, "time": 0.7590450276620686}, "val_accuracy": 89.13}, {"idx": "4846", "arch": "(0, 1, 0, 4, 3, 4)", "zen": {"score": 104.2849349975586, "time": 0.7750528883188963}, "val_accuracy": 80.36}, {"idx": "4847", "arch": "(4, 4, 0, 0, 4, 3)", "zen": {"score": 114.12416076660156, "time": 0.8674650560133159}, "val_accuracy": 75.93}, {"idx": "4848", "arch": "(0, 4, 2, 4, 1, 4)", "zen": {"score": 115.4505386352539, "time": 0.8961279415525496}, "val_accuracy": 82.83}, {"idx": "4849", "arch": "(1, 3, 0, 0, 0, 4)", "zen": {"score": 41.007781982421875, "time": 0.6811719480901957}, "val_accuracy": 86.17}, {"idx": "4850", "arch": "(0, 1, 0, 3, 4, 0)", "zen": {"score": 105.47857666015625, "time": 0.6794275171123445}, "val_accuracy": 83.54}, {"idx": "4851", "arch": "(2, 2, 3, 3, 0, 4)", "zen": {"score": 98.98009490966797, "time": 0.9464749461039901}, "val_accuracy": 89.59}, {"idx": "4852", "arch": "(4, 3, 2, 3, 3, 3)", "zen": {"score": 99.85954284667969, "time": 0.923823778051883}, "val_accuracy": 88.53}, {"idx": "4853", "arch": "(2, 2, 4, 3, 1, 2)", "zen": {"score": 123.1927490234375, "time": 0.9252961087040603}, "val_accuracy": 89.29}, {"idx": "4854", "arch": "(3, 3, 3, 1, 0, 3)", "zen": {"score": 71.28823852539062, "time": 0.7682923628017306}, "val_accuracy": 86.54}, {"idx": "4855", "arch": "(3, 1, 0, 0, 1, 3)", "zen": {"score": 53.06425476074219, "time": 0.6425712457858026}, "val_accuracy": 87.25}, {"idx": "4856", "arch": "(2, 2, 0, 4, 0, 0)", "zen": {"score": 129.29974365234375, "time": 0.7773965070955455}, "val_accuracy": 88.53}, {"idx": "4857", "arch": "(4, 1, 1, 3, 1, 0)", "zen": {"score": 19.853038787841797, "time": 0.689949672203511}, "val_accuracy": 75.38}, {"idx": "4858", "arch": "(1, 3, 1, 2, 1, 0)", "zen": {"score": 20.96710777282715, "time": 0.6493889531120658}, "val_accuracy": 85.73}, {"idx": "4859", "arch": "(2, 2, 2, 0, 4, 0)", "zen": {"score": 117.99403381347656, "time": 0.9165033660829067}, "val_accuracy": 88.65}, {"idx": "4860", "arch": "(3, 4, 3, 0, 0, 2)", "zen": {"score": 76.41588592529297, "time": 0.8104112730361521}, "val_accuracy": 88.44}, {"idx": "4861", "arch": "(3, 4, 1, 1, 1, 1)", "zen": {"score": -100000000.0, "time": 0.6996032129973173}, "val_accuracy": 10.0}, {"idx": "4862", "arch": "(0, 1, 3, 3, 0, 0)", "zen": {"score": 89.16466522216797, "time": 0.6184016321785748}, "val_accuracy": 86.64}, {"idx": "4863", "arch": "(3, 2, 1, 3, 4, 3)", "zen": {"score": 73.74701690673828, "time": 0.8623822242952883}, "val_accuracy": 88.28}, {"idx": "4864", "arch": "(4, 0, 0, 1, 2, 4)", "zen": {"score": 127.7913589477539, "time": 0.7984646493569016}, "val_accuracy": 82.75}, {"idx": "4865", "arch": "(2, 4, 1, 1, 3, 4)", "zen": {"score": 56.392330169677734, "time": 0.8678526869043708}, "val_accuracy": 87.51}, {"idx": "4866", "arch": "(4, 2, 2, 4, 4, 0)", "zen": {"score": 212.182861328125, "time": 0.9784435830079019}, "val_accuracy": 82.97}, {"idx": "4867", "arch": "(4, 4, 0, 4, 4, 4)", "zen": {"score": 46.60561752319336, "time": 0.9990538759157062}, "val_accuracy": 33.68}, {"idx": "4868", "arch": "(3, 2, 2, 4, 1, 2)", "zen": {"score": 109.67526245117188, "time": 0.9786155591718853}, "val_accuracy": 89.64}, {"idx": "4869", "arch": "(2, 0, 2, 4, 2, 2)", "zen": {"score": 131.80807495117188, "time": 0.9366290429607034}, "val_accuracy": 89.71}, {"idx": "4870", "arch": "(2, 4, 1, 0, 4, 0)", "zen": {"score": 61.847251892089844, "time": 0.797000041231513}, "val_accuracy": 85.57}, {"idx": "4871", "arch": "(0, 4, 2, 0, 3, 1)", "zen": {"score": 55.30985641479492, "time": 0.7602520720101893}, "val_accuracy": 89.34}, {"idx": "4872", "arch": "(4, 3, 0, 3, 1, 0)", "zen": {"score": 87.3487548828125, "time": 0.7320778798311949}, "val_accuracy": 86.75}, {"idx": "4873", "arch": "(1, 4, 4, 1, 4, 0)", "zen": {"score": 27.079708099365234, "time": 0.8233866570517421}, "val_accuracy": 70.8}, {"idx": "4874", "arch": "(3, 4, 2, 1, 2, 1)", "zen": {"score": 79.23760986328125, "time": 0.8439741409383714}, "val_accuracy": 89.12}, {"idx": "4875", "arch": "(4, 4, 1, 2, 2, 3)", "zen": {"score": 77.82041931152344, "time": 0.945174980442971}, "val_accuracy": 82.46}, {"idx": "4876", "arch": "(0, 0, 0, 1, 1, 4)", "zen": {"score": 27.6136474609375, "time": 0.5946171679534018}, "val_accuracy": 78.05}, {"idx": "4877", "arch": "(2, 1, 4, 2, 0, 4)", "zen": {"score": 77.75615692138672, "time": 0.8883594558574259}, "val_accuracy": 87.91}, {"idx": "4878", "arch": "(3, 0, 4, 2, 3, 4)", "zen": {"score": 134.31234741210938, "time": 0.9017265317961574}, "val_accuracy": 84.9}, {"idx": "4879", "arch": "(3, 2, 4, 0, 1, 4)", "zen": {"score": 87.16959381103516, "time": 0.8463392248377204}, "val_accuracy": 85.01}, {"idx": "4880", "arch": "(2, 4, 1, 0, 0, 2)", "zen": {"score": 69.45488739013672, "time": 0.7903766874223948}, "val_accuracy": 88.62}, {"idx": "4881", "arch": "(4, 2, 0, 1, 3, 0)", "zen": {"score": 100.35791778564453, "time": 0.7477517980150878}, "val_accuracy": 88.89}, {"idx": "4882", "arch": "(3, 4, 3, 3, 0, 3)", "zen": {"score": 69.6961669921875, "time": 0.8330986010842025}, "val_accuracy": 86.7}, {"idx": "4883", "arch": "(3, 4, 1, 4, 1, 2)", "zen": {"score": 48.279327392578125, "time": 0.8634365065954626}, "val_accuracy": 84.44}, {"idx": "4884", "arch": "(1, 4, 1, 4, 1, 0)", "zen": {"score": 8.186079025268555, "time": 0.7280601463280618}, "val_accuracy": 70.32}, {"idx": "4885", "arch": "(3, 0, 4, 1, 4, 0)", "zen": {"score": 106.82640838623047, "time": 0.7827774528414011}, "val_accuracy": 83.77}, {"idx": "4886", "arch": "(1, 2, 3, 1, 2, 1)", "zen": {"score": 44.97710037231445, "time": 0.8084387117996812}, "val_accuracy": 85.71}, {"idx": "4887", "arch": "(2, 4, 0, 1, 0, 0)", "zen": {"score": 122.86688995361328, "time": 0.6996897347271442}, "val_accuracy": 84.46}, {"idx": "4888", "arch": "(1, 4, 1, 4, 0, 4)", "zen": {"score": 8.073427200317383, "time": 0.8280409681610763}, "val_accuracy": 62.49}, {"idx": "4889", "arch": "(4, 1, 2, 1, 4, 4)", "zen": {"score": 48.52418518066406, "time": 0.9088519052602351}, "val_accuracy": 85.44}, {"idx": "4890", "arch": "(3, 4, 4, 0, 1, 0)", "zen": {"score": 101.31501770019531, "time": 0.7751534390263259}, "val_accuracy": 81.49}, {"idx": "4891", "arch": "(4, 0, 3, 0, 2, 3)", "zen": {"score": 80.1116943359375, "time": 0.8060021256096661}, "val_accuracy": 87.9}, {"idx": "4892", "arch": "(3, 0, 1, 1, 4, 2)", "zen": {"score": 50.03075408935547, "time": 0.7655877489596605}, "val_accuracy": 88.08}, {"idx": "4893", "arch": "(2, 2, 4, 2, 2, 0)", "zen": {"score": 145.04678344726562, "time": 0.933900224044919}, "val_accuracy": 89.41}, {"idx": "4894", "arch": "(2, 0, 1, 1, 3, 0)", "zen": {"score": 69.11514282226562, "time": 0.6621050597168505}, "val_accuracy": 90.41}, {"idx": "4895", "arch": "(3, 0, 3, 4, 3, 1)", "zen": {"score": 50.786373138427734, "time": 0.8475601710379124}, "val_accuracy": 85.83}, {"idx": "4896", "arch": "(4, 1, 3, 2, 1, 3)", "zen": {"score": 59.50532531738281, "time": 0.8262997060082853}, "val_accuracy": 88.73}, {"idx": "4897", "arch": "(0, 2, 2, 1, 4, 1)", "zen": {"score": 88.150390625, "time": 0.7819444732740521}, "val_accuracy": 86.9}, {"idx": "4898", "arch": "(1, 4, 4, 4, 4, 1)", "zen": {"score": 8.127778053283691, "time": 0.896231499966234}, "val_accuracy": 70.8}, {"idx": "4899", "arch": "(1, 2, 2, 0, 3, 1)", "zen": {"score": 58.814823150634766, "time": 0.7503914250992239}, "val_accuracy": 88.2}, {"idx": "4900", "arch": "(3, 0, 4, 1, 0, 2)", "zen": {"score": 80.88440704345703, "time": 0.7619970268569887}, "val_accuracy": 87.01}, {"idx": "4901", "arch": "(1, 4, 2, 4, 2, 0)", "zen": {"score": 46.732940673828125, "time": 0.87892721965909}, "val_accuracy": 87.53}, {"idx": "4902", "arch": "(3, 0, 2, 2, 1, 1)", "zen": {"score": 68.52078247070312, "time": 0.7411006144247949}, "val_accuracy": 88.48}, {"idx": "4903", "arch": "(0, 2, 4, 4, 3, 0)", "zen": {"score": 197.126220703125, "time": 0.851651013828814}, "val_accuracy": 84.4}, {"idx": "4904", "arch": "(4, 2, 2, 0, 1, 3)", "zen": {"score": 83.62445831298828, "time": 0.8285667076706886}, "val_accuracy": 88.99}, {"idx": "4905", "arch": "(3, 1, 1, 1, 0, 3)", "zen": {"score": 21.090465545654297, "time": 0.6518898392096162}, "val_accuracy": 85.45}, {"idx": "4906", "arch": "(4, 2, 4, 3, 4, 3)", "zen": {"score": 199.16314697265625, "time": 1.0461785597726703}, "val_accuracy": 85.15}, {"idx": "4907", "arch": "(1, 3, 2, 3, 3, 3)", "zen": {"score": 61.54057693481445, "time": 0.8246770165860653}, "val_accuracy": 88.87}, {"idx": "4908", "arch": "(0, 2, 1, 4, 3, 2)", "zen": {"score": 83.55224609375, "time": 0.8473900677636266}, "val_accuracy": 89.16}, {"idx": "4909", "arch": "(0, 3, 4, 1, 2, 3)", "zen": {"score": 91.77999877929688, "time": 0.8047266039066017}, "val_accuracy": 87.99}, {"idx": "4910", "arch": "(3, 4, 2, 2, 3, 4)", "zen": {"score": 117.24099731445312, "time": 0.984952996019274}, "val_accuracy": 87.86}, {"idx": "4911", "arch": "(4, 1, 0, 1, 2, 1)", "zen": {"score": 57.33024978637695, "time": 0.7169238990172744}, "val_accuracy": 86.1}, {"idx": "4912", "arch": "(1, 1, 0, 4, 4, 4)", "zen": {"score": 11.536754608154297, "time": 0.828175132162869}, "val_accuracy": 84.13}, {"idx": "4913", "arch": "(3, 0, 4, 4, 4, 1)", "zen": {"score": 38.31547546386719, "time": 0.8849033596925437}, "val_accuracy": 83.34}, {"idx": "4914", "arch": "(2, 1, 2, 1, 2, 2)", "zen": {"score": 92.227294921875, "time": 0.852434681262821}, "val_accuracy": 89.84}, {"idx": "4915", "arch": "(4, 1, 2, 4, 1, 0)", "zen": {"score": 48.22896957397461, "time": 0.8034107158891857}, "val_accuracy": 85.48}, {"idx": "4916", "arch": "(3, 2, 4, 2, 2, 1)", "zen": {"score": 116.05426788330078, "time": 0.9623568551614881}, "val_accuracy": 87.31}, {"idx": "4917", "arch": "(2, 2, 0, 1, 3, 0)", "zen": {"score": 126.58041381835938, "time": 0.7405677051283419}, "val_accuracy": 90.52}, {"idx": "4918", "arch": "(4, 3, 2, 2, 1, 3)", "zen": {"score": 91.7939682006836, "time": 0.8936972948722541}, "val_accuracy": 89.13}, {"idx": "4919", "arch": "(3, 0, 1, 4, 4, 3)", "zen": {"score": 38.83784103393555, "time": 0.829873972106725}, "val_accuracy": 86.8}, {"idx": "4920", "arch": "(2, 4, 2, 2, 3, 4)", "zen": {"score": 130.30697631835938, "time": 1.014816669281572}, "val_accuracy": 87.88}, {"idx": "4921", "arch": "(1, 1, 3, 2, 4, 2)", "zen": {"score": 19.397430419921875, "time": 0.8501244490034878}, "val_accuracy": 86.18}, {"idx": "4922", "arch": "(3, 1, 4, 1, 3, 4)", "zen": {"score": 44.47386169433594, "time": 0.8910616678185761}, "val_accuracy": 86.15}, {"idx": "4923", "arch": "(2, 0, 1, 4, 3, 1)", "zen": {"score": 46.625675201416016, "time": 0.7728703520260751}, "val_accuracy": 86.79}, {"idx": "4924", "arch": "(4, 0, 2, 0, 2, 4)", "zen": {"score": 215.5009765625, "time": 0.8713807919993997}, "val_accuracy": 83.19}, {"idx": "4925", "arch": "(3, 4, 3, 2, 1, 1)", "zen": {"score": 55.417869567871094, "time": 0.8129116920754313}, "val_accuracy": 85.5}, {"idx": "4926", "arch": "(1, 2, 0, 0, 4, 3)", "zen": {"score": 70.59046936035156, "time": 0.8015674939379096}, "val_accuracy": 90.58}, {"idx": "4927", "arch": "(3, 2, 0, 1, 2, 1)", "zen": {"score": 115.11038970947266, "time": 0.742194133810699}, "val_accuracy": 89.42}, {"idx": "4928", "arch": "(2, 4, 2, 1, 4, 0)", "zen": {"score": 92.40484619140625, "time": 0.8934228261932731}, "val_accuracy": 87.06}, {"idx": "4929", "arch": "(0, 2, 2, 4, 4, 2)", "zen": {"score": 146.31898498535156, "time": 0.9754283591173589}, "val_accuracy": 88.1}, {"idx": "4930", "arch": "(2, 2, 1, 2, 3, 4)", "zen": {"score": 102.52609252929688, "time": 0.9142396738752723}, "val_accuracy": 88.42}, {"idx": "4931", "arch": "(4, 2, 2, 3, 2, 0)", "zen": {"score": 124.41603088378906, "time": 0.8913305047899485}, "val_accuracy": 88.83}, {"idx": "4932", "arch": "(3, 0, 4, 4, 0, 3)", "zen": {"score": 69.67240905761719, "time": 0.8194723189808428}, "val_accuracy": 85.63}, {"idx": "4933", "arch": "(2, 1, 3, 0, 0, 3)", "zen": {"score": 70.76146697998047, "time": 0.7231380632147193}, "val_accuracy": 89.1}, {"idx": "4934", "arch": "(4, 1, 3, 4, 2, 0)", "zen": {"score": 87.44860076904297, "time": 0.8633794700726867}, "val_accuracy": 85.25}, {"idx": "4935", "arch": "(1, 3, 0, 3, 1, 0)", "zen": {"score": 42.363372802734375, "time": 0.648880435153842}, "val_accuracy": 86.72}, {"idx": "4936", "arch": "(2, 2, 1, 1, 4, 0)", "zen": {"score": 64.51631927490234, "time": 0.8150750333443284}, "val_accuracy": 88.16}, {"idx": "4937", "arch": "(3, 1, 1, 4, 0, 4)", "zen": {"score": 28.654884338378906, "time": 0.793990942183882}, "val_accuracy": 83.02}, {"idx": "4938", "arch": "(2, 3, 1, 3, 3, 0)", "zen": {"score": 78.96541595458984, "time": 0.7766959420405328}, "val_accuracy": 88.79}, {"idx": "4939", "arch": "(2, 4, 3, 2, 4, 4)", "zen": {"score": 108.3206787109375, "time": 1.0393838677555323}, "val_accuracy": 86.13}, {"idx": "4940", "arch": "(4, 1, 0, 4, 2, 2)", "zen": {"score": 113.41273498535156, "time": 0.8750094729475677}, "val_accuracy": 86.88}, {"idx": "4941", "arch": "(0, 0, 4, 2, 4, 1)", "zen": {"score": 113.13742065429688, "time": 0.7943499451503158}, "val_accuracy": 71.27}, {"idx": "4942", "arch": "(2, 2, 2, 3, 2, 2)", "zen": {"score": 167.86605834960938, "time": 1.024844008963555}, "val_accuracy": 90.29}, {"idx": "4943", "arch": "(2, 2, 0, 4, 3, 1)", "zen": {"score": 116.61840057373047, "time": 0.8452015509828925}, "val_accuracy": 90.07}, {"idx": "4944", "arch": "(3, 1, 4, 0, 0, 2)", "zen": {"score": 61.398963928222656, "time": 0.7573666730895638}, "val_accuracy": 88.03}, {"idx": "4945", "arch": "(3, 1, 2, 1, 1, 1)", "zen": {"score": 46.58259963989258, "time": 0.6883556027896702}, "val_accuracy": 88.49}, {"idx": "4946", "arch": "(3, 3, 0, 4, 3, 3)", "zen": {"score": 104.32381439208984, "time": 0.8554415060207248}, "val_accuracy": 88.18}, {"idx": "4947", "arch": "(1, 3, 3, 1, 3, 2)", "zen": {"score": 62.215797424316406, "time": 0.7766272379085422}, "val_accuracy": 88.35}, {"idx": "4948", "arch": "(3, 1, 4, 4, 4, 1)", "zen": {"score": 38.01259231567383, "time": 0.8862253250554204}, "val_accuracy": 82.93}, {"idx": "4949", "arch": "(3, 3, 4, 1, 4, 0)", "zen": {"score": 69.99745178222656, "time": 0.8388057230040431}, "val_accuracy": 85.16}, {"idx": "4950", "arch": "(2, 1, 2, 2, 0, 0)", "zen": {"score": 99.68148040771484, "time": 0.7689451989717782}, "val_accuracy": 88.94}, {"idx": "4951", "arch": "(1, 0, 4, 2, 4, 3)", "zen": {"score": 34.007606506347656, "time": 0.8702296991832554}, "val_accuracy": 85.51}, {"idx": "4952", "arch": "(4, 0, 4, 1, 1, 3)", "zen": {"score": 37.661678314208984, "time": 0.7810653517954051}, "val_accuracy": 85.09}, {"idx": "4953", "arch": "(3, 2, 2, 0, 1, 0)", "zen": {"score": 92.61200714111328, "time": 0.7411236679181457}, "val_accuracy": 88.74}, {"idx": "4954", "arch": "(0, 2, 0, 2, 0, 4)", "zen": {"score": 250.9527587890625, "time": 0.7780794203281403}, "val_accuracy": 83.58}, {"idx": "4955", "arch": "(0, 1, 2, 1, 1, 1)", "zen": {"score": 36.27526092529297, "time": 0.6274808249436319}, "val_accuracy": 88.22}, {"idx": "4956", "arch": "(3, 0, 4, 0, 2, 0)", "zen": {"score": 131.31011962890625, "time": 0.7756475857459009}, "val_accuracy": 86.39}, {"idx": "4957", "arch": "(0, 3, 3, 2, 2, 3)", "zen": {"score": 122.43307495117188, "time": 0.8560739466920495}, "val_accuracy": 89.53}, {"idx": "4958", "arch": "(3, 2, 4, 3, 3, 4)", "zen": {"score": 106.48451232910156, "time": 0.9672730946913362}, "val_accuracy": 86.47}, {"idx": "4959", "arch": "(2, 3, 4, 3, 0, 4)", "zen": {"score": 100.0442886352539, "time": 0.905261957552284}, "val_accuracy": 87.81}, {"idx": "4960", "arch": "(2, 0, 0, 4, 3, 2)", "zen": {"score": 129.09060668945312, "time": 0.8248918820172548}, "val_accuracy": 90.24}, {"idx": "4961", "arch": "(4, 4, 4, 4, 3, 3)", "zen": {"score": 85.02934265136719, "time": 1.0297340569086373}, "val_accuracy": 77.21}, {"idx": "4962", "arch": "(4, 2, 3, 1, 4, 2)", "zen": {"score": 100.69941711425781, "time": 0.9359646961092949}, "val_accuracy": 87.94}, {"idx": "4963", "arch": "(2, 0, 4, 0, 4, 3)", "zen": {"score": 83.66657257080078, "time": 0.8635616530664265}, "val_accuracy": 87.24}, {"idx": "4964", "arch": "(2, 1, 3, 3, 0, 4)", "zen": {"score": 65.72470092773438, "time": 0.811825938988477}, "val_accuracy": 88.97}, {"idx": "4965", "arch": "(3, 2, 3, 1, 1, 4)", "zen": {"score": 62.80236053466797, "time": 0.8179278587922454}, "val_accuracy": 87.61}, {"idx": "4966", "arch": "(3, 4, 2, 4, 0, 3)", "zen": {"score": 75.21175384521484, "time": 0.9277480831369758}, "val_accuracy": 88.89}, {"idx": "4967", "arch": "(0, 2, 3, 2, 4, 1)", "zen": {"score": 108.06560516357422, "time": 0.8415366397239268}, "val_accuracy": 84.24}, {"idx": "4968", "arch": "(2, 0, 1, 0, 1, 0)", "zen": {"score": 60.96910858154297, "time": 0.661025004927069}, "val_accuracy": 89.0}, {"idx": "4969", "arch": "(3, 2, 3, 0, 2, 0)", "zen": {"score": 107.60353088378906, "time": 0.7919904910959303}, "val_accuracy": 88.93}, {"idx": "4970", "arch": "(3, 0, 3, 2, 4, 2)", "zen": {"score": 97.56126403808594, "time": 0.8992157061584294}, "val_accuracy": 89.2}, {"idx": "4971", "arch": "(2, 0, 1, 0, 0, 4)", "zen": {"score": 63.10498046875, "time": 0.7004654388874769}, "val_accuracy": 85.64}, {"idx": "4972", "arch": "(4, 2, 2, 4, 3, 3)", "zen": {"score": 107.87703704833984, "time": 0.9944579750299454}, "val_accuracy": 88.76}, {"idx": "4973", "arch": "(2, 0, 3, 3, 3, 4)", "zen": {"score": 104.69340515136719, "time": 0.8666897630318999}, "val_accuracy": 88.64}, {"idx": "4974", "arch": "(4, 0, 0, 0, 2, 3)", "zen": {"score": 104.06733703613281, "time": 0.7483857260085642}, "val_accuracy": 87.79}, {"idx": "4975", "arch": "(2, 2, 3, 0, 3, 3)", "zen": {"score": 114.82372283935547, "time": 0.8294495497830212}, "val_accuracy": 89.61}, {"idx": "4976", "arch": "(1, 3, 3, 4, 3, 3)", "zen": {"score": 49.63208770751953, "time": 0.8461299557238817}, "val_accuracy": 85.99}, {"idx": "4977", "arch": "(3, 0, 4, 3, 1, 1)", "zen": {"score": 26.208229064941406, "time": 0.7356619969941676}, "val_accuracy": 71.28}, {"idx": "4978", "arch": "(2, 4, 1, 0, 3, 3)", "zen": {"score": 63.732460021972656, "time": 0.8180032721720636}, "val_accuracy": 87.94}, {"idx": "4979", "arch": "(4, 4, 0, 3, 4, 3)", "zen": {"score": 184.20944213867188, "time": 0.9267258900217712}, "val_accuracy": 79.6}, {"idx": "4980", "arch": "(2, 0, 3, 2, 4, 0)", "zen": {"score": 125.63287353515625, "time": 0.8249169019982219}, "val_accuracy": 90.02}, {"idx": "4981", "arch": "(3, 2, 2, 3, 1, 1)", "zen": {"score": 79.30348205566406, "time": 0.7917200592346489}, "val_accuracy": 88.44}, {"idx": "4982", "arch": "(0, 0, 1, 1, 2, 2)", "zen": {"score": 70.43991088867188, "time": 0.6858237707056105}, "val_accuracy": 88.23}, {"idx": "4983", "arch": "(0, 0, 0, 4, 4, 2)", "zen": {"score": 131.0093536376953, "time": 0.7873330288566649}, "val_accuracy": 84.15}, {"idx": "4984", "arch": "(3, 1, 2, 2, 2, 4)", "zen": {"score": 103.41905212402344, "time": 0.9267105110920966}, "val_accuracy": 88.82}, {"idx": "4985", "arch": "(3, 1, 0, 2, 0, 3)", "zen": {"score": 81.43994140625, "time": 0.7344132489524782}, "val_accuracy": 89.96}, {"idx": "4986", "arch": "(3, 4, 2, 0, 2, 0)", "zen": {"score": 105.63460540771484, "time": 0.8462110068649054}, "val_accuracy": 88.62}, {"idx": "4987", "arch": "(4, 0, 1, 0, 3, 3)", "zen": {"score": 46.65657043457031, "time": 0.7259505572728813}, "val_accuracy": 84.97}, {"idx": "4988", "arch": "(2, 0, 4, 3, 4, 4)", "zen": {"score": 128.4163360595703, "time": 0.9490313432179391}, "val_accuracy": 84.64}, {"idx": "4989", "arch": "(2, 2, 2, 2, 3, 0)", "zen": {"score": 146.77200317382812, "time": 0.8819512911140919}, "val_accuracy": 89.93}, {"idx": "4990", "arch": "(4, 2, 3, 4, 4, 3)", "zen": {"score": 107.06105041503906, "time": 1.0122375669889152}, "val_accuracy": 86.55}, {"idx": "4991", "arch": "(0, 3, 0, 1, 1, 0)", "zen": {"score": 43.09838104248047, "time": 0.5586331207305193}, "val_accuracy": 86.44}, {"idx": "4992", "arch": "(4, 3, 0, 4, 4, 4)", "zen": {"score": 153.3230438232422, "time": 0.9619687991216779}, "val_accuracy": 71.42}, {"idx": "4993", "arch": "(4, 3, 3, 1, 0, 1)", "zen": {"score": 55.86986541748047, "time": 0.7270415746606886}, "val_accuracy": 85.2}, {"idx": "4994", "arch": "(3, 2, 3, 3, 2, 1)", "zen": {"score": 101.35508728027344, "time": 0.8887444012798369}, "val_accuracy": 88.93}, {"idx": "4995", "arch": "(1, 3, 1, 4, 1, 0)", "zen": {"score": 22.689001083374023, "time": 0.6641976749524474}, "val_accuracy": 85.72}, {"idx": "4996", "arch": "(2, 1, 4, 0, 3, 4)", "zen": {"score": 63.684627532958984, "time": 0.8089262712746859}, "val_accuracy": 88.01}, {"idx": "4997", "arch": "(3, 2, 0, 0, 0, 1)", "zen": {"score": 89.27188873291016, "time": 0.6005388898774981}, "val_accuracy": 86.76}, {"idx": "4998", "arch": "(4, 2, 0, 0, 2, 3)", "zen": {"score": 156.6533660888672, "time": 0.7802979913540184}, "val_accuracy": 89.34}, {"idx": "4999", "arch": "(2, 4, 1, 3, 3, 4)", "zen": {"score": 70.48811340332031, "time": 0.8675283929333091}, "val_accuracy": 86.67}]