[{"idx": "5750", "arch": "(0, 3, 2, 2, 3, 0)", "zen": {"score": 117.41292572021484, "time": 1.2178121372126043}, "val_accuracy": 89.37}, {"idx": "5751", "arch": "(4, 0, 2, 3, 4, 0)", "zen": {"score": 205.02198791503906, "time": 0.8599998150020838}, "val_accuracy": 84.2}, {"idx": "5752", "arch": "(2, 3, 2, 0, 2, 4)", "zen": {"score": 113.81202697753906, "time": 0.9053971171379089}, "val_accuracy": 89.16}, {"idx": "5753", "arch": "(2, 3, 0, 0, 0, 3)", "zen": {"score": 114.20352172851562, "time": 0.7255910509265959}, "val_accuracy": 90.01}, {"idx": "5754", "arch": "(2, 0, 0, 3, 1, 2)", "zen": {"score": 116.99050903320312, "time": 0.7337364451959729}, "val_accuracy": 90.26}, {"idx": "5755", "arch": "(4, 2, 1, 2, 2, 4)", "zen": {"score": 100.3443374633789, "time": 1.006646126974374}, "val_accuracy": 84.59}, {"idx": "5756", "arch": "(0, 3, 3, 2, 3, 2)", "zen": {"score": 120.12272644042969, "time": 0.827308411244303}, "val_accuracy": 89.72}, {"idx": "5757", "arch": "(1, 0, 3, 0, 3, 2)", "zen": {"score": 53.861759185791016, "time": 0.6821858556941152}, "val_accuracy": 88.57}, {"idx": "5758", "arch": "(3, 1, 3, 3, 0, 2)", "zen": {"score": 78.31130981445312, "time": 0.7239610552787781}, "val_accuracy": 88.42}, {"idx": "5759", "arch": "(2, 3, 0, 4, 4, 2)", "zen": {"score": 123.37801361083984, "time": 0.8898335229605436}, "val_accuracy": 90.08}, {"idx": "5760", "arch": "(1, 3, 4, 4, 0, 3)", "zen": {"score": 43.50584030151367, "time": 0.8623811742290854}, "val_accuracy": 85.66}, {"idx": "5761", "arch": "(0, 0, 4, 2, 1, 2)", "zen": {"score": 91.96609497070312, "time": 0.867145529948175}, "val_accuracy": 88.51}, {"idx": "5762", "arch": "(0, 1, 1, 2, 1, 3)", "zen": {"score": 46.66978454589844, "time": 0.6422548238188028}, "val_accuracy": 87.08}, {"idx": "5763", "arch": "(1, 0, 4, 2, 1, 4)", "zen": {"score": 24.74506187438965, "time": 0.7693184493109584}, "val_accuracy": 70.44}, {"idx": "5764", "arch": "(3, 1, 3, 2, 4, 3)", "zen": {"score": 75.1185302734375, "time": 0.8318269397132099}, "val_accuracy": 88.35}, {"idx": "5765", "arch": "(4, 3, 4, 2, 1, 4)", "zen": {"score": 89.98686981201172, "time": 0.9203103641048074}, "val_accuracy": 83.6}, {"idx": "5766", "arch": "(1, 3, 0, 3, 0, 3)", "zen": {"score": 52.87187576293945, "time": 0.6489729708991945}, "val_accuracy": 87.47}, {"idx": "5767", "arch": "(2, 0, 3, 3, 4, 3)", "zen": {"score": 83.77503967285156, "time": 0.8527395334094763}, "val_accuracy": 89.07}, {"idx": "5768", "arch": "(4, 2, 0, 4, 2, 1)", "zen": {"score": 109.87814331054688, "time": 0.8391449279151857}, "val_accuracy": 86.59}, {"idx": "5769", "arch": "(3, 0, 0, 1, 2, 2)", "zen": {"score": 123.13636016845703, "time": 0.7719605411402881}, "val_accuracy": 89.97}, {"idx": "5770", "arch": "(3, 2, 1, 4, 0, 1)", "zen": {"score": 46.90381622314453, "time": 0.7921157828532159}, "val_accuracy": 85.12}, {"idx": "5771", "arch": "(1, 1, 4, 0, 1, 2)", "zen": {"score": 6.713056564331055, "time": 0.6956332311965525}, "val_accuracy": 71.15}, {"idx": "5772", "arch": "(4, 2, 3, 1, 1, 3)", "zen": {"score": 65.15461730957031, "time": 0.797778488136828}, "val_accuracy": 89.18}, {"idx": "5773", "arch": "(4, 4, 4, 3, 1, 0)", "zen": {"score": 104.66742706298828, "time": 0.8467470617033541}, "val_accuracy": 74.98}, {"idx": "5774", "arch": "(2, 3, 2, 3, 3, 1)", "zen": {"score": 102.26368713378906, "time": 0.8501109988428652}, "val_accuracy": 89.88}, {"idx": "5775", "arch": "(1, 0, 1, 2, 3, 3)", "zen": {"score": 19.403202056884766, "time": 0.7000090428628027}, "val_accuracy": 85.52}, {"idx": "5776", "arch": "(2, 4, 4, 0, 0, 2)", "zen": {"score": 97.40435791015625, "time": 0.8461092640645802}, "val_accuracy": 87.1}, {"idx": "5777", "arch": "(4, 3, 0, 0, 2, 0)", "zen": {"score": 206.30828857421875, "time": 0.7103540957905352}, "val_accuracy": 83.38}, {"idx": "5778", "arch": "(4, 3, 0, 1, 2, 4)", "zen": {"score": 99.922119140625, "time": 0.8134641712531447}, "val_accuracy": 87.65}, {"idx": "5779", "arch": "(1, 2, 4, 4, 3, 0)", "zen": {"score": 47.93426513671875, "time": 0.8102999650873244}, "val_accuracy": 87.76}, {"idx": "5780", "arch": "(2, 0, 3, 2, 1, 1)", "zen": {"score": 68.96919250488281, "time": 0.7133926120586693}, "val_accuracy": 85.73}, {"idx": "5781", "arch": "(1, 4, 2, 3, 3, 1)", "zen": {"score": 33.26234436035156, "time": 0.8011129694059491}, "val_accuracy": 88.66}, {"idx": "5782", "arch": "(1, 3, 3, 3, 1, 0)", "zen": {"score": 39.676124572753906, "time": 0.6538945399224758}, "val_accuracy": 85.82}, {"idx": "5783", "arch": "(1, 0, 2, 2, 4, 3)", "zen": {"score": 54.426429748535156, "time": 0.8482573917135596}, "val_accuracy": 88.53}, {"idx": "5784", "arch": "(3, 4, 1, 1, 2, 2)", "zen": {"score": 74.66747283935547, "time": 0.8814510069787502}, "val_accuracy": 87.97}, {"idx": "5785", "arch": "(4, 4, 0, 2, 2, 0)", "zen": {"score": 227.4222412109375, "time": 0.8842098601162434}, "val_accuracy": 82.46}, {"idx": "5786", "arch": "(0, 0, 0, 4, 1, 3)", "zen": {"score": 51.92778778076172, "time": 0.6459880117326975}, "val_accuracy": 86.38}, {"idx": "5787", "arch": "(3, 0, 0, 4, 2, 3)", "zen": {"score": 107.72160339355469, "time": 0.7847338756546378}, "val_accuracy": 89.53}, {"idx": "5788", "arch": "(1, 0, 1, 1, 0, 1)", "zen": {"score": -100000000.0, "time": 0.4968876428902149}, "val_accuracy": 10.0}, {"idx": "5789", "arch": "(0, 1, 4, 1, 1, 2)", "zen": {"score": 6.566444396972656, "time": 0.6808579619973898}, "val_accuracy": 70.71}, {"idx": "5790", "arch": "(2, 4, 4, 3, 3, 4)", "zen": {"score": 134.09230041503906, "time": 1.020292325410992}, "val_accuracy": 84.98}, {"idx": "5791", "arch": "(4, 2, 3, 4, 1, 4)", "zen": {"score": 78.70289611816406, "time": 0.9603740889579058}, "val_accuracy": 84.27}, {"idx": "5792", "arch": "(4, 0, 1, 0, 0, 4)", "zen": {"score": 38.5435791015625, "time": 0.7020499682985246}, "val_accuracy": 52.85}, {"idx": "5793", "arch": "(0, 0, 2, 3, 4, 0)", "zen": {"score": 204.6712188720703, "time": 0.7349475813098252}, "val_accuracy": 84.13}, {"idx": "5794", "arch": "(4, 2, 1, 1, 4, 2)", "zen": {"score": 70.7901840209961, "time": 0.8571720900945365}, "val_accuracy": 87.05}, {"idx": "5795", "arch": "(0, 2, 4, 2, 3, 4)", "zen": {"score": 138.39315795898438, "time": 0.8858791678212583}, "val_accuracy": 85.3}, {"idx": "5796", "arch": "(0, 4, 2, 0, 4, 2)", "zen": {"score": 108.8707275390625, "time": 0.8309166021645069}, "val_accuracy": 86.72}, {"idx": "5797", "arch": "(0, 1, 3, 0, 2, 2)", "zen": {"score": 92.87803649902344, "time": 0.6862898846156895}, "val_accuracy": 88.77}, {"idx": "5798", "arch": "(1, 1, 0, 2, 1, 3)", "zen": {"score": 8.384592056274414, "time": 0.6238410556688905}, "val_accuracy": 84.24}, {"idx": "5799", "arch": "(1, 0, 4, 1, 3, 2)", "zen": {"score": 49.30193328857422, "time": 0.7646502903662622}, "val_accuracy": 87.8}, {"idx": "5800", "arch": "(4, 3, 3, 0, 1, 3)", "zen": {"score": 56.326168060302734, "time": 0.8171790889464319}, "val_accuracy": 86.88}, {"idx": "5801", "arch": "(1, 4, 0, 3, 4, 3)", "zen": {"score": 43.772552490234375, "time": 0.8597148861736059}, "val_accuracy": 85.48}, {"idx": "5802", "arch": "(4, 0, 3, 3, 2, 2)", "zen": {"score": 102.37018585205078, "time": 0.857638246845454}, "val_accuracy": 90.18}, {"idx": "5803", "arch": "(4, 0, 1, 3, 0, 1)", "zen": {"score": 16.54183006286621, "time": 0.6383853717707098}, "val_accuracy": 71.13}, {"idx": "5804", "arch": "(4, 1, 1, 0, 4, 2)", "zen": {"score": 53.786075592041016, "time": 0.7589269829913974}, "val_accuracy": 76.91}, {"idx": "5805", "arch": "(0, 3, 2, 1, 0, 4)", "zen": {"score": 96.98690795898438, "time": 0.7108312491327524}, "val_accuracy": 88.83}, {"idx": "5806", "arch": "(3, 3, 3, 4, 2, 1)", "zen": {"score": 78.6221923828125, "time": 0.8195406519807875}, "val_accuracy": 88.61}, {"idx": "5807", "arch": "(1, 3, 2, 1, 1, 2)", "zen": {"score": 78.8769760131836, "time": 0.7065019817091525}, "val_accuracy": 89.2}, {"idx": "5808", "arch": "(0, 3, 3, 1, 1, 2)", "zen": {"score": 63.98158264160156, "time": 0.6741508920677006}, "val_accuracy": 89.0}, {"idx": "5809", "arch": "(2, 3, 4, 1, 3, 0)", "zen": {"score": 87.6366195678711, "time": 0.7733015636913478}, "val_accuracy": 88.37}, {"idx": "5810", "arch": "(2, 4, 1, 2, 1, 1)", "zen": {"score": -100000000.0, "time": 0.7683317642658949}, "val_accuracy": 10.0}, {"idx": "5811", "arch": "(0, 4, 2, 0, 0, 4)", "zen": {"score": 173.7462158203125, "time": 0.7656299821101129}, "val_accuracy": 73.69}, {"idx": "5812", "arch": "(4, 2, 3, 0, 3, 1)", "zen": {"score": 68.01593017578125, "time": 0.7939147078432143}, "val_accuracy": 86.29}, {"idx": "5813", "arch": "(0, 3, 0, 2, 3, 2)", "zen": {"score": 166.0924072265625, "time": 0.7670264127664268}, "val_accuracy": 90.43}, {"idx": "5814", "arch": "(1, 0, 0, 0, 3, 2)", "zen": {"score": 59.215545654296875, "time": 0.6341095706447959}, "val_accuracy": 88.71}, {"idx": "5815", "arch": "(0, 1, 4, 4, 1, 3)", "zen": {"score": 39.41939163208008, "time": 1.4495274960063398}, "val_accuracy": 76.91}, {"idx": "5816", "arch": "(0, 2, 2, 2, 1, 1)", "zen": {"score": 84.98766326904297, "time": 0.7782932296395302}, "val_accuracy": 88.23}, {"idx": "5817", "arch": "(1, 1, 1, 2, 2, 3)", "zen": {"score": -100000000.0, "time": 0.7915272288955748}, "val_accuracy": 10.0}, {"idx": "5818", "arch": "(4, 4, 2, 4, 0, 0)", "zen": {"score": 166.94387817382812, "time": 0.8550064261071384}, "val_accuracy": 72.86}, {"idx": "5819", "arch": "(4, 2, 0, 3, 0, 1)", "zen": {"score": 189.16542053222656, "time": 0.7160897869616747}, "val_accuracy": 78.45}, {"idx": "5820", "arch": "(0, 4, 4, 3, 2, 0)", "zen": {"score": 198.83204650878906, "time": 0.8015645910054445}, "val_accuracy": 83.16}, {"idx": "5821", "arch": "(1, 3, 1, 3, 4, 4)", "zen": {"score": 18.37067413330078, "time": 0.7875538892112672}, "val_accuracy": 82.46}, {"idx": "5822", "arch": "(4, 3, 1, 2, 1, 4)", "zen": {"score": 49.87651824951172, "time": 0.8209467870183289}, "val_accuracy": 82.21}, {"idx": "5823", "arch": "(3, 0, 2, 2, 2, 2)", "zen": {"score": 140.8802032470703, "time": 0.8379244627431035}, "val_accuracy": 89.38}, {"idx": "5824", "arch": "(2, 3, 0, 0, 3, 4)", "zen": {"score": 107.90385437011719, "time": 0.7609623153693974}, "val_accuracy": 89.21}, {"idx": "5825", "arch": "(0, 3, 1, 2, 4, 2)", "zen": {"score": 99.42376708984375, "time": 0.7914332430809736}, "val_accuracy": 88.23}, {"idx": "5826", "arch": "(4, 3, 3, 3, 1, 4)", "zen": {"score": 56.847652435302734, "time": 0.8404162591323256}, "val_accuracy": 86.52}, {"idx": "5827", "arch": "(1, 1, 2, 0, 4, 3)", "zen": {"score": 34.71711730957031, "time": 0.7260965057648718}, "val_accuracy": 88.18}, {"idx": "5828", "arch": "(4, 3, 1, 1, 2, 0)", "zen": {"score": 49.96733856201172, "time": 0.7006712509319186}, "val_accuracy": 87.14}, {"idx": "5829", "arch": "(2, 3, 4, 4, 3, 1)", "zen": {"score": 82.01612091064453, "time": 0.8469436778686941}, "val_accuracy": 88.23}, {"idx": "5830", "arch": "(1, 3, 2, 4, 1, 3)", "zen": {"score": 65.22669219970703, "time": 0.7470669271424413}, "val_accuracy": 88.42}, {"idx": "5831", "arch": "(2, 4, 2, 0, 0, 0)", "zen": {"score": 112.91466522216797, "time": 0.7182131647132337}, "val_accuracy": 87.39}, {"idx": "5832", "arch": "(1, 3, 0, 0, 3, 0)", "zen": {"score": 43.44626235961914, "time": 0.632690061815083}, "val_accuracy": 86.51}, {"idx": "5833", "arch": "(0, 4, 3, 2, 3, 0)", "zen": {"score": 114.38085174560547, "time": 0.8378779222257435}, "val_accuracy": 87.78}, {"idx": "5834", "arch": "(1, 1, 3, 1, 1, 2)", "zen": {"score": 21.078548431396484, "time": 0.6104907710105181}, "val_accuracy": 85.16}, {"idx": "5835", "arch": "(2, 2, 3, 3, 3, 0)", "zen": {"score": 116.98458862304688, "time": 0.8239551312290132}, "val_accuracy": 89.64}, {"idx": "5836", "arch": "(2, 2, 0, 1, 4, 1)", "zen": {"score": 102.67909240722656, "time": 0.7108782539144158}, "val_accuracy": 87.99}, {"idx": "5837", "arch": "(0, 1, 0, 2, 3, 1)", "zen": {"score": 88.77259063720703, "time": 0.6030681850388646}, "val_accuracy": 86.96}, {"idx": "5838", "arch": "(1, 4, 4, 4, 1, 4)", "zen": {"score": 26.11124610900879, "time": 0.9128087027929723}, "val_accuracy": 66.08}, {"idx": "5839", "arch": "(1, 2, 0, 1, 1, 3)", "zen": {"score": 69.84667205810547, "time": 0.6348493620753288}, "val_accuracy": 90.24}, {"idx": "5840", "arch": "(4, 3, 2, 2, 2, 4)", "zen": {"score": 122.27493286132812, "time": 0.9832844990305603}, "val_accuracy": 87.46}, {"idx": "5841", "arch": "(2, 3, 4, 2, 4, 3)", "zen": {"score": 115.5235824584961, "time": 0.9257642989978194}, "val_accuracy": 88.61}, {"idx": "5842", "arch": "(1, 4, 2, 1, 4, 2)", "zen": {"score": 66.62467956542969, "time": 0.811869157012552}, "val_accuracy": 88.66}, {"idx": "5843", "arch": "(2, 3, 0, 3, 3, 1)", "zen": {"score": 109.01995086669922, "time": 0.6919436291791499}, "val_accuracy": 89.95}, {"idx": "5844", "arch": "(2, 4, 3, 1, 0, 4)", "zen": {"score": 78.20438385009766, "time": 0.7940614158287644}, "val_accuracy": 86.23}, {"idx": "5845", "arch": "(0, 3, 1, 2, 0, 4)", "zen": {"score": 98.50499725341797, "time": 0.686522088944912}, "val_accuracy": 88.09}, {"idx": "5846", "arch": "(2, 3, 1, 4, 0, 0)", "zen": {"score": 63.27515411376953, "time": 0.6793366367928684}, "val_accuracy": 89.05}, {"idx": "5847", "arch": "(4, 1, 4, 4, 0, 4)", "zen": {"score": 38.252197265625, "time": 0.8499073507264256}, "val_accuracy": 53.44}, {"idx": "5848", "arch": "(2, 1, 3, 0, 1, 4)", "zen": {"score": 50.66249465942383, "time": 1.8789846999570727}, "val_accuracy": 87.24}, {"idx": "5849", "arch": "(0, 0, 4, 1, 1, 1)", "zen": {"score": 8.069883346557617, "time": 3.44119586981833}, "val_accuracy": 71.53}, {"idx": "5850", "arch": "(1, 1, 3, 4, 0, 3)", "zen": {"score": 20.81940460205078, "time": 3.1916246889159083}, "val_accuracy": 85.85}, {"idx": "5851", "arch": "(1, 1, 2, 3, 4, 4)", "zen": {"score": 34.759254455566406, "time": 4.942280281800777}, "val_accuracy": 88.47}, {"idx": "5852", "arch": "(0, 1, 1, 1, 1, 2)", "zen": {"score": -100000000.0, "time": 1.506796577014029}, "val_accuracy": 10.0}, {"idx": "5853", "arch": "(2, 4, 2, 3, 0, 1)", "zen": {"score": 78.58644104003906, "time": 0.869073498994112}, "val_accuracy": 88.77}, {"idx": "5854", "arch": "(0, 4, 1, 2, 4, 2)", "zen": {"score": 92.29300689697266, "time": 0.9190629506483674}, "val_accuracy": 87.66}, {"idx": "5855", "arch": "(1, 0, 0, 2, 0, 1)", "zen": {"score": 10.029608726501465, "time": 0.6804847964085639}, "val_accuracy": 84.4}, {"idx": "5856", "arch": "(4, 3, 4, 1, 1, 3)", "zen": {"score": 42.68239974975586, "time": 0.8399412222206593}, "val_accuracy": 86.11}, {"idx": "5857", "arch": "(4, 3, 0, 2, 0, 1)", "zen": {"score": 184.21896362304688, "time": 0.7968188240192831}, "val_accuracy": 76.02}, {"idx": "5858", "arch": "(2, 3, 2, 2, 2, 0)", "zen": {"score": 144.27911376953125, "time": 0.8796968120150268}, "val_accuracy": 89.87}, {"idx": "5859", "arch": "(1, 4, 4, 0, 3, 1)", "zen": {"score": 6.580432891845703, "time": 0.741543835029006}, "val_accuracy": 71.89}, {"idx": "5860", "arch": "(0, 2, 4, 0, 2, 0)", "zen": {"score": 222.56849670410156, "time": 0.8739587101154029}, "val_accuracy": 83.91}, {"idx": "5861", "arch": "(0, 2, 0, 4, 4, 4)", "zen": {"score": 170.59820556640625, "time": 0.8294525910168886}, "val_accuracy": 72.63}, {"idx": "5862", "arch": "(0, 2, 3, 1, 0, 1)", "zen": {"score": 94.57752227783203, "time": 0.5892628901638091}, "val_accuracy": 86.32}, {"idx": "5863", "arch": "(4, 4, 1, 1, 1, 4)", "zen": {"score": 8.0240478515625, "time": 1.110351356677711}, "val_accuracy": 61.94}, {"idx": "5864", "arch": "(1, 3, 3, 1, 4, 3)", "zen": {"score": 50.764278411865234, "time": 0.7713395301252604}, "val_accuracy": 86.27}, {"idx": "5865", "arch": "(3, 4, 3, 0, 4, 4)", "zen": {"score": 81.03187561035156, "time": 3.598390026949346}, "val_accuracy": 83.62}, {"idx": "5866", "arch": "(4, 3, 0, 0, 1, 3)", "zen": {"score": 75.85356140136719, "time": 0.67604586109519}, "val_accuracy": 86.87}, {"idx": "5867", "arch": "(0, 1, 4, 1, 4, 3)", "zen": {"score": 25.1037654876709, "time": 0.7185774790123105}, "val_accuracy": 69.57}, {"idx": "5868", "arch": "(0, 1, 2, 1, 2, 2)", "zen": {"score": 68.87152099609375, "time": 0.7056759377010167}, "val_accuracy": 88.76}, {"idx": "5869", "arch": "(3, 0, 4, 0, 3, 1)", "zen": {"score": 42.754493713378906, "time": 0.6619446179829538}, "val_accuracy": 85.7}, {"idx": "5870", "arch": "(4, 2, 1, 4, 2, 4)", "zen": {"score": 104.77230072021484, "time": 1.1094751679338515}, "val_accuracy": 81.74}, {"idx": "5871", "arch": "(1, 2, 3, 0, 1, 2)", "zen": {"score": 78.66807556152344, "time": 0.982194100972265}, "val_accuracy": 89.43}, {"idx": "5872", "arch": "(2, 0, 3, 1, 0, 0)", "zen": {"score": 98.05134582519531, "time": 0.5843140510842204}, "val_accuracy": 88.91}, {"idx": "5873", "arch": "(0, 1, 0, 3, 4, 4)", "zen": {"score": 105.61663818359375, "time": 0.7038550591096282}, "val_accuracy": 82.01}, {"idx": "5874", "arch": "(2, 3, 3, 2, 3, 0)", "zen": {"score": 115.31097412109375, "time": 0.7574729421176016}, "val_accuracy": 89.69}, {"idx": "5875", "arch": "(0, 0, 4, 4, 1, 2)", "zen": {"score": 62.41731262207031, "time": 0.725950492080301}, "val_accuracy": 85.44}, {"idx": "5876", "arch": "(4, 1, 1, 3, 1, 4)", "zen": {"score": 19.73038673400879, "time": 0.722319358959794}, "val_accuracy": 72.05}, {"idx": "5877", "arch": "(1, 3, 1, 2, 1, 4)", "zen": {"score": 18.40313720703125, "time": 0.6971855941228569}, "val_accuracy": 81.77}, {"idx": "5878", "arch": "(2, 2, 0, 4, 0, 4)", "zen": {"score": 124.75496673583984, "time": 0.9409861760213971}, "val_accuracy": 89.12}, {"idx": "5879", "arch": "(2, 2, 2, 0, 4, 4)", "zen": {"score": 115.42874908447266, "time": 9.758183378726244}, "val_accuracy": 87.17}, {"idx": "5880", "arch": "(0, 1, 3, 3, 0, 4)", "zen": {"score": 81.8944320678711, "time": 0.8143679541535676}, "val_accuracy": 87.01}, {"idx": "5881", "arch": "(0, 1, 1, 4, 1, 3)", "zen": {"score": 20.058162689208984, "time": 0.7733970158733428}, "val_accuracy": 74.75}, {"idx": "5882", "arch": "(3, 0, 3, 3, 2, 2)", "zen": {"score": 111.15684509277344, "time": 0.9285299880430102}, "val_accuracy": 89.49}, {"idx": "5883", "arch": "(0, 4, 4, 2, 0, 0)", "zen": {"score": 171.4631805419922, "time": 0.882344800978899}, "val_accuracy": 73.84}, {"idx": "5884", "arch": "(1, 1, 4, 2, 0, 2)", "zen": {"score": 4.994902610778809, "time": 0.8886583019047976}, "val_accuracy": 71.97}, {"idx": "5885", "arch": "(2, 0, 4, 2, 0, 4)", "zen": {"score": 140.9482879638672, "time": 0.9589662649668753}, "val_accuracy": 85.41}, {"idx": "5886", "arch": "(3, 4, 1, 0, 2, 1)", "zen": {"score": 46.60652160644531, "time": 0.8491370389238}, "val_accuracy": 87.06}, {"idx": "5887", "arch": "(1, 4, 4, 3, 3, 2)", "zen": {"score": 50.3991584777832, "time": 1.0012782672420144}, "val_accuracy": 80.47}, {"idx": "5888", "arch": "(4, 0, 1, 3, 3, 2)", "zen": {"score": 66.8681411743164, "time": 1.1184971230104566}, "val_accuracy": 88.25}, {"idx": "5889", "arch": "(0, 0, 0, 3, 1, 2)", "zen": {"score": 90.60924530029297, "time": 0.7524561663158238}, "val_accuracy": 89.42}, {"idx": "5890", "arch": "(1, 3, 4, 2, 1, 0)", "zen": {"score": 33.36658477783203, "time": 0.8587356731295586}, "val_accuracy": 84.64}, {"idx": "5891", "arch": "(2, 4, 1, 0, 4, 4)", "zen": {"score": 64.69541931152344, "time": 0.975200095679611}, "val_accuracy": 81.6}, {"idx": "5892", "arch": "(0, 1, 4, 0, 1, 1)", "zen": {"score": 8.27822494506836, "time": 0.69521673489362}, "val_accuracy": 70.24}, {"idx": "5893", "arch": "(4, 3, 1, 0, 0, 0)", "zen": {"score": 101.65093994140625, "time": 0.7395243472419679}, "val_accuracy": 82.72}, {"idx": "5894", "arch": "(4, 3, 0, 3, 1, 4)", "zen": {"score": 91.09200286865234, "time": 0.8949714000336826}, "val_accuracy": 87.2}, {"idx": "5895", "arch": "(1, 4, 4, 1, 4, 4)", "zen": {"score": 26.17502784729004, "time": 0.9802416739985347}, "val_accuracy": 66.99}, {"idx": "5896", "arch": "(1, 0, 4, 0, 2, 1)", "zen": {"score": 6.591945648193359, "time": 0.7672393447719514}, "val_accuracy": 71.69}, {"idx": "5897", "arch": "(0, 2, 4, 1, 3, 3)", "zen": {"score": 90.11798858642578, "time": 0.8778158319182694}, "val_accuracy": 88.9}, {"idx": "5898", "arch": "(4, 1, 4, 3, 2, 2)", "zen": {"score": 110.63233947753906, "time": 0.993977780919522}, "val_accuracy": 80.66}, {"idx": "5899", "arch": "(4, 1, 2, 3, 0, 1)", "zen": {"score": 71.45025634765625, "time": 0.8270757528953254}, "val_accuracy": 87.63}, {"idx": "5900", "arch": "(2, 2, 0, 0, 2, 1)", "zen": {"score": 128.28343200683594, "time": 0.8205381757579744}, "val_accuracy": 90.4}, {"idx": "5901", "arch": "(2, 0, 3, 4, 0, 1)", "zen": {"score": 55.67467498779297, "time": 0.9422937170602381}, "val_accuracy": 89.01}, {"idx": "5902", "arch": "(3, 3, 4, 3, 3, 3)", "zen": {"score": 94.59286499023438, "time": 1.3272979049943388}, "val_accuracy": 87.19}, {"idx": "5903", "arch": "(2, 1, 0, 4, 3, 1)", "zen": {"score": 69.39905548095703, "time": 0.704854522831738}, "val_accuracy": 90.38}, {"idx": "5904", "arch": "(1, 4, 0, 2, 4, 2)", "zen": {"score": 56.12837219238281, "time": 0.8170985546894372}, "val_accuracy": 86.79}, {"idx": "5905", "arch": "(4, 0, 1, 2, 0, 0)", "zen": {"score": 126.13054656982422, "time": 0.6382905119098723}, "val_accuracy": 82.41}, {"idx": "5906", "arch": "(0, 4, 2, 3, 3, 2)", "zen": {"score": 107.03868103027344, "time": 0.8232888821512461}, "val_accuracy": 89.26}, {"idx": "5907", "arch": "(3, 0, 4, 1, 4, 4)", "zen": {"score": 105.9700698852539, "time": 0.8166024419479072}, "val_accuracy": 78.65}, {"idx": "5908", "arch": "(2, 1, 0, 2, 0, 2)", "zen": {"score": 111.9903335571289, "time": 0.6974668633192778}, "val_accuracy": 90.63}, {"idx": "5909", "arch": "(3, 2, 0, 0, 1, 2)", "zen": {"score": 118.59078979492188, "time": 0.674788667820394}, "val_accuracy": 90.92}, {"idx": "5910", "arch": "(2, 4, 0, 1, 0, 4)", "zen": {"score": 119.03389739990234, "time": 0.7427686918526888}, "val_accuracy": 83.2}, {"idx": "5911", "arch": "(3, 4, 1, 3, 2, 2)", "zen": {"score": 87.43665313720703, "time": 0.835753939114511}, "val_accuracy": 88.41}, {"idx": "5912", "arch": "(0, 2, 1, 0, 4, 1)", "zen": {"score": 28.563735961914062, "time": 0.6506995540112257}, "val_accuracy": 70.82}, {"idx": "5913", "arch": "(0, 4, 0, 0, 1, 2)", "zen": {"score": 68.71951293945312, "time": 0.6465212912298739}, "val_accuracy": 88.57}, {"idx": "5914", "arch": "(1, 0, 4, 4, 2, 2)", "zen": {"score": 48.610694885253906, "time": 0.8232459900900722}, "val_accuracy": 87.08}, {"idx": "5915", "arch": "(3, 4, 4, 0, 1, 4)", "zen": {"score": 99.70006561279297, "time": 0.811075100209564}, "val_accuracy": 79.48}, {"idx": "5916", "arch": "(3, 4, 0, 1, 0, 2)", "zen": {"score": 100.1330337524414, "time": 0.6984844007529318}, "val_accuracy": 88.12}, {"idx": "5917", "arch": "(2, 2, 4, 2, 2, 4)", "zen": {"score": 148.25282287597656, "time": 1.0234512989409268}, "val_accuracy": 88.35}, {"idx": "5918", "arch": "(1, 4, 0, 1, 0, 0)", "zen": {"score": 27.32234001159668, "time": 0.5891222241334617}, "val_accuracy": 78.51}, {"idx": "5919", "arch": "(0, 2, 2, 1, 1, 0)", "zen": {"score": 70.13617706298828, "time": 0.6887663612142205}, "val_accuracy": 88.61}, {"idx": "5920", "arch": "(4, 4, 3, 3, 1, 2)", "zen": {"score": 66.62285614013672, "time": 0.9232446830719709}, "val_accuracy": 87.68}, {"idx": "5921", "arch": "(1, 1, 1, 1, 2, 2)", "zen": {"score": -100000000.0, "time": 0.6427984721958637}, "val_accuracy": 10.0}, {"idx": "5922", "arch": "(0, 1, 3, 2, 1, 2)", "zen": {"score": 79.02784729003906, "time": 0.6901515396311879}, "val_accuracy": 89.35}, {"idx": "5923", "arch": "(3, 3, 2, 3, 1, 0)", "zen": {"score": 87.52430725097656, "time": 0.7140888040885329}, "val_accuracy": 88.84}, {"idx": "5924", "arch": "(1, 4, 2, 4, 2, 4)", "zen": {"score": 46.07370376586914, "time": 0.9373102807439864}, "val_accuracy": 86.0}, {"idx": "5925", "arch": "(0, 2, 4, 4, 3, 4)", "zen": {"score": 191.78421020507812, "time": 0.9115859591402113}, "val_accuracy": 82.7}, {"idx": "5926", "arch": "(1, 2, 4, 1, 0, 2)", "zen": {"score": 72.32512664794922, "time": 0.7405680227093399}, "val_accuracy": 89.19}, {"idx": "5927", "arch": "(4, 2, 0, 2, 0, 0)", "zen": {"score": 224.77357482910156, "time": 0.7230271133594215}, "val_accuracy": 83.97}, {"idx": "5928", "arch": "(4, 1, 3, 1, 2, 3)", "zen": {"score": 49.058143615722656, "time": 0.757040683645755}, "val_accuracy": 87.77}, {"idx": "5929", "arch": "(3, 0, 2, 1, 2, 1)", "zen": {"score": 79.13224029541016, "time": 0.6822062102146447}, "val_accuracy": 88.61}, {"idx": "5930", "arch": "(0, 3, 2, 2, 4, 1)", "zen": {"score": 111.85860443115234, "time": 0.7822460629977286}, "val_accuracy": 86.74}, {"idx": "5931", "arch": "(1, 1, 3, 0, 0, 1)", "zen": {"score": 22.273157119750977, "time": 0.5344778280705214}, "val_accuracy": 85.59}, {"idx": "5932", "arch": "(4, 3, 3, 2, 1, 3)", "zen": {"score": 76.49032592773438, "time": 1.6268161390908062}, "val_accuracy": 87.7}, {"idx": "5933", "arch": "(1, 2, 3, 4, 3, 2)", "zen": {"score": 77.21475219726562, "time": 0.8401201302185655}, "val_accuracy": 89.36}, {"idx": "5934", "arch": "(2, 4, 0, 4, 1, 1)", "zen": {"score": 46.95684814453125, "time": 0.801632191054523}, "val_accuracy": 83.81}, {"idx": "5935", "arch": "(2, 3, 4, 3, 3, 0)", "zen": {"score": 100.14342498779297, "time": 0.8236391497775912}, "val_accuracy": 88.69}, {"idx": "5936", "arch": "(1, 4, 3, 1, 3, 1)", "zen": {"score": 20.768035888671875, "time": 0.7416643998585641}, "val_accuracy": 85.4}, {"idx": "5937", "arch": "(1, 1, 3, 4, 4, 0)", "zen": {"score": 22.668516159057617, "time": 2.13321624789387}, "val_accuracy": 85.72}, {"idx": "5938", "arch": "(4, 1, 2, 4, 1, 4)", "zen": {"score": 46.43267059326172, "time": 1.012354448903352}, "val_accuracy": 85.29}, {"idx": "5939", "arch": "(2, 0, 2, 3, 4, 4)", "zen": {"score": 116.5913314819336, "time": 0.9350180090405047}, "val_accuracy": 88.11}, {"idx": "5940", "arch": "(2, 2, 0, 1, 3, 4)", "zen": {"score": 122.82836151123047, "time": 0.7867697970941663}, "val_accuracy": 90.49}, {"idx": "5941", "arch": "(0, 2, 1, 3, 4, 2)", "zen": {"score": 97.41893768310547, "time": 0.7922733351588249}, "val_accuracy": 88.66}, {"idx": "5942", "arch": "(2, 0, 0, 3, 2, 3)", "zen": {"score": 133.511962890625, "time": 0.7579646687954664}, "val_accuracy": 90.8}, {"idx": "5943", "arch": "(3, 3, 1, 1, 0, 3)", "zen": {"score": 50.379783630371094, "time": 0.6370963142253458}, "val_accuracy": 86.96}, {"idx": "5944", "arch": "(3, 0, 1, 4, 1, 2)", "zen": {"score": 48.471343994140625, "time": 0.7108341110870242}, "val_accuracy": 88.11}, {"idx": "5945", "arch": "(4, 2, 4, 4, 0, 3)", "zen": {"score": 196.26675415039062, "time": 0.9106568731367588}, "val_accuracy": 83.07}, {"idx": "5946", "arch": "(1, 2, 0, 0, 1, 2)", "zen": {"score": 83.60138702392578, "time": 0.6474838559515774}, "val_accuracy": 90.47}, {"idx": "5947", "arch": "(2, 2, 1, 2, 0, 3)", "zen": {"score": 106.67913055419922, "time": 0.867498641833663}, "val_accuracy": 89.55}, {"idx": "5948", "arch": "(0, 2, 2, 4, 1, 1)", "zen": {"score": 60.399169921875, "time": 0.776521529071033}, "val_accuracy": 88.73}, {"idx": "5949", "arch": "(4, 3, 2, 1, 2, 3)", "zen": {"score": 98.3750228881836, "time": 0.9350314708426595}, "val_accuracy": 88.6}, {"idx": "5950", "arch": "(1, 4, 2, 0, 4, 1)", "zen": {"score": 36.36798095703125, "time": 0.8062988640740514}, "val_accuracy": 88.21}, {"idx": "5951", "arch": "(0, 2, 4, 3, 0, 2)", "zen": {"score": 229.1215362548828, "time": 0.8289236389100552}, "val_accuracy": 86.54}, {"idx": "5952", "arch": "(2, 3, 0, 2, 3, 0)", "zen": {"score": 137.76148986816406, "time": 0.7485357988625765}, "val_accuracy": 90.64}, {"idx": "5953", "arch": "(4, 1, 1, 1, 0, 0)", "zen": {"score": 8.008233070373535, "time": 0.5775974690914154}, "val_accuracy": 70.27}, {"idx": "5954", "arch": "(2, 4, 3, 0, 0, 3)", "zen": {"score": 75.26763916015625, "time": 0.87447444582358}, "val_accuracy": 88.53}, {"idx": "5955", "arch": "(4, 1, 3, 4, 2, 4)", "zen": {"score": 86.7042007446289, "time": 1.4317899928428233}, "val_accuracy": 84.95}, {"idx": "5956", "arch": "(1, 3, 0, 3, 1, 4)", "zen": {"score": 40.01350784301758, "time": 0.7179024708457291}, "val_accuracy": 86.11}, {"idx": "5957", "arch": "(2, 2, 1, 1, 4, 4)", "zen": {"score": 63.83889389038086, "time": 0.8246394782327116}, "val_accuracy": 84.46}, {"idx": "5958", "arch": "(3, 3, 3, 0, 4, 0)", "zen": {"score": 69.904052734375, "time": 0.8484046198427677}, "val_accuracy": 87.0}, {"idx": "5959", "arch": "(3, 0, 2, 4, 2, 2)", "zen": {"score": 116.2591323852539, "time": 1.105321938637644}, "val_accuracy": 89.33}, {"idx": "5960", "arch": "(1, 4, 1, 3, 3, 2)", "zen": {"score": 29.467741012573242, "time": 0.9455869789235294}, "val_accuracy": 80.79}, {"idx": "5961", "arch": "(2, 3, 1, 3, 3, 4)", "zen": {"score": 72.33924102783203, "time": 0.911066697910428}, "val_accuracy": 87.62}, {"idx": "5962", "arch": "(3, 2, 2, 2, 0, 2)", "zen": {"score": 142.94842529296875, "time": 1.0797366881743073}, "val_accuracy": 90.31}, {"idx": "5963", "arch": "(1, 1, 3, 3, 0, 2)", "zen": {"score": 19.28940773010254, "time": 0.6673170700669289}, "val_accuracy": 85.9}, {"idx": "5964", "arch": "(4, 3, 2, 4, 2, 0)", "zen": {"score": 129.547119140625, "time": 0.8703490803018212}, "val_accuracy": 86.31}, {"idx": "5965", "arch": "(4, 3, 4, 4, 4, 1)", "zen": {"score": 96.62214660644531, "time": 1.8042991789989173}, "val_accuracy": 65.95}, {"idx": "5966", "arch": "(1, 4, 3, 4, 3, 2)", "zen": {"score": 49.87775802612305, "time": 0.871125552803278}, "val_accuracy": 87.88}, {"idx": "5967", "arch": "(4, 4, 0, 1, 4, 0)", "zen": {"score": 38.40687561035156, "time": 0.7628613631241024}, "val_accuracy": 54.63}, {"idx": "5968", "arch": "(0, 3, 3, 4, 2, 1)", "zen": {"score": 68.79761505126953, "time": 0.7573231002315879}, "val_accuracy": 88.93}, {"idx": "5969", "arch": "(0, 2, 4, 0, 1, 3)", "zen": {"score": 70.8647232055664, "time": 2.2264522877521813}, "val_accuracy": 88.12}, {"idx": "5970", "arch": "(2, 3, 1, 2, 4, 0)", "zen": {"score": 80.51632690429688, "time": 15.040577375795692}, "val_accuracy": 89.73}, {"idx": "5971", "arch": "(0, 4, 1, 1, 4, 1)", "zen": {"score": 8.10427474975586, "time": 1.5679855300113559}, "val_accuracy": 70.75}, {"idx": "5972", "arch": "(4, 3, 0, 1, 0, 0)", "zen": {"score": 108.466552734375, "time": 0.7910758722573519}, "val_accuracy": 83.29}, {"idx": "5973", "arch": "(4, 0, 2, 3, 0, 0)", "zen": {"score": 210.47872924804688, "time": 0.8440978149883449}, "val_accuracy": 83.47}, {"idx": "5974", "arch": "(3, 3, 4, 1, 4, 4)", "zen": {"score": 77.99942016601562, "time": 0.9538388471119106}, "val_accuracy": 83.49}, {"idx": "5975", "arch": "(2, 1, 2, 2, 0, 4)", "zen": {"score": 95.52861785888672, "time": 1.0385526991449296}, "val_accuracy": 88.72}, {"idx": "5976", "arch": "(0, 2, 0, 3, 4, 3)", "zen": {"score": 210.14344787597656, "time": 0.8795511499047279}, "val_accuracy": 86.34}, {"idx": "5977", "arch": "(4, 4, 1, 0, 1, 3)", "zen": {"score": 28.174341201782227, "time": 0.953099082224071}, "val_accuracy": 74.38}, {"idx": "5978", "arch": "(2, 2, 0, 3, 4, 1)", "zen": {"score": 112.61842346191406, "time": 0.9732772251591086}, "val_accuracy": 87.73}, {"idx": "5979", "arch": "(4, 4, 4, 4, 0, 2)", "zen": {"score": 133.5684051513672, "time": 1.0527608101256192}, "val_accuracy": 75.89}, {"idx": "5980", "arch": "(1, 4, 2, 3, 4, 2)", "zen": {"score": 64.45124053955078, "time": 0.9877967699430883}, "val_accuracy": 88.92}, {"idx": "5981", "arch": "(3, 0, 4, 0, 2, 4)", "zen": {"score": 126.82322692871094, "time": 0.9468869073316455}, "val_accuracy": 85.48}, {"idx": "5982", "arch": "(1, 2, 3, 3, 4, 0)", "zen": {"score": 54.00928497314453, "time": 0.9308869922533631}, "val_accuracy": 89.56}, {"idx": "5983", "arch": "(4, 1, 3, 0, 4, 1)", "zen": {"score": 33.75914764404297, "time": 0.7621638826094568}, "val_accuracy": 83.9}, {"idx": "5984", "arch": "(0, 2, 3, 2, 1, 0)", "zen": {"score": 92.4500961303711, "time": 0.7536590253002942}, "val_accuracy": 88.82}, {"idx": "5985", "arch": "(0, 1, 2, 0, 2, 1)", "zen": {"score": 70.22045135498047, "time": 1.858817232772708}, "val_accuracy": 88.52}, {"idx": "5986", "arch": "(0, 3, 4, 4, 3, 1)", "zen": {"score": 56.84846496582031, "time": 0.9470212147571146}, "val_accuracy": 84.92}, {"idx": "5987", "arch": "(3, 0, 3, 2, 1, 1)", "zen": {"score": 55.18345642089844, "time": 0.9077044450677931}, "val_accuracy": 85.48}, {"idx": "5988", "arch": "(0, 4, 1, 4, 3, 2)", "zen": {"score": 61.20631408691406, "time": 1.2643091441132128}, "val_accuracy": 87.7}, {"idx": "5989", "arch": "(3, 3, 3, 3, 4, 1)", "zen": {"score": 57.6754264831543, "time": 2.6852079587988555}, "val_accuracy": 86.35}, {"idx": "5990", "arch": "(4, 3, 4, 3, 0, 3)", "zen": {"score": 191.99191284179688, "time": 1.7960759922862053}, "val_accuracy": 82.1}, {"idx": "5991", "arch": "(4, 1, 0, 0, 4, 3)", "zen": {"score": 109.8658447265625, "time": 0.8053216268308461}, "val_accuracy": 76.93}, {"idx": "5992", "arch": "(3, 2, 3, 0, 2, 4)", "zen": {"score": 100.27385711669922, "time": 0.9154351446777582}, "val_accuracy": 88.96}, {"idx": "5993", "arch": "(2, 2, 0, 3, 0, 3)", "zen": {"score": 135.8826446533203, "time": 0.7594591719098389}, "val_accuracy": 90.39}, {"idx": "5994", "arch": "(1, 3, 1, 1, 1, 3)", "zen": {"score": 33.03713607788086, "time": 0.6266588871367276}, "val_accuracy": 83.51}, {"idx": "5995", "arch": "(2, 2, 3, 0, 0, 2)", "zen": {"score": 120.86048126220703, "time": 0.7392658959142864}, "val_accuracy": 90.07}, {"idx": "5996", "arch": "(4, 1, 2, 3, 3, 2)", "zen": {"score": 94.07758331298828, "time": 0.8930918611586094}, "val_accuracy": 88.24}, {"idx": "5997", "arch": "(1, 3, 3, 4, 0, 2)", "zen": {"score": 63.83527374267578, "time": 0.798191336914897}, "val_accuracy": 88.29}, {"idx": "5998", "arch": "(2, 2, 4, 0, 1, 0)", "zen": {"score": 99.66759490966797, "time": 0.82413495099172}, "val_accuracy": 87.33}, {"idx": "5999", "arch": "(0, 1, 1, 3, 1, 2)", "zen": {"score": 46.520347595214844, "time": 0.7425111378543079}, "val_accuracy": 86.59}]