[{"idx": "0", "arch": "(4, 0, 3, 1, 4, 3)", "zen": {"score": 63.38789367675781, "time": 1.422978401184082}, "val_accuracy": 84.99}, {"idx": "1", "arch": "(2, 4, 0, 0, 3, 2)", "zen": {"score": 119.49333190917969, "time": 0.7244213428348303}, "val_accuracy": 90.52}, {"idx": "2", "arch": "(2, 0, 3, 1, 4, 1)", "zen": {"score": 49.96934127807617, "time": 0.7087595332413912}, "val_accuracy": 88.4}, {"idx": "3", "arch": "(0, 0, 2, 1, 2, 3)", "zen": {"score": 92.66996765136719, "time": 0.6753737181425095}, "val_accuracy": 88.32}, {"idx": "4", "arch": "(4, 4, 1, 2, 1, 1)", "zen": {"score": -100000000.0, "time": 0.7343313782475889}, "val_accuracy": 10.0}, {"idx": "5", "arch": "(2, 1, 0, 1, 3, 0)", "zen": {"score": 68.74726867675781, "time": 0.5740505759604275}, "val_accuracy": 90.68}, {"idx": "6", "arch": "(0, 4, 1, 1, 1, 0)", "zen": {"score": 8.298362731933594, "time": 0.5516317952424288}, "val_accuracy": 70.87}, {"idx": "7", "arch": "(4, 1, 3, 3, 3, 3)", "zen": {"score": 66.95525360107422, "time": 0.7364786090329289}, "val_accuracy": 87.35}, {"idx": "8", "arch": "(3, 1, 2, 3, 2, 3)", "zen": {"score": 103.12029266357422, "time": 0.7548206788487732}, "val_accuracy": 88.94}, {"idx": "9", "arch": "(3, 0, 1, 0, 3, 3)", "zen": {"score": 53.628456115722656, "time": 0.6452718651853502}, "val_accuracy": 85.67}, {"idx": "10", "arch": "(2, 0, 4, 2, 1, 0)", "zen": {"score": 146.04049682617188, "time": 0.7091426402330399}, "val_accuracy": 86.24}, {"idx": "11", "arch": "(3, 4, 1, 4, 0, 0)", "zen": {"score": 47.176918029785156, "time": 0.6971366382203996}, "val_accuracy": 83.88}, {"idx": "12", "arch": "(4, 2, 4, 0, 2, 4)", "zen": {"score": 218.2964324951172, "time": 0.8935112883336842}, "val_accuracy": 81.42}, {"idx": "13", "arch": "(4, 0, 0, 4, 1, 3)", "zen": {"score": 53.293853759765625, "time": 0.6928122211247683}, "val_accuracy": 86.32}, {"idx": "14", "arch": "(1, 0, 3, 2, 0, 0)", "zen": {"score": 45.09450912475586, "time": 0.5687901857309043}, "val_accuracy": 86.09}, {"idx": "15", "arch": "(3, 1, 1, 2, 2, 3)", "zen": {"score": 81.81071472167969, "time": 0.6938703539781272}, "val_accuracy": 87.15}, {"idx": "16", "arch": "(0, 0, 1, 0, 3, 3)", "zen": {"score": 50.329750061035156, "time": 0.5436428859829903}, "val_accuracy": 86.2}, {"idx": "17", "arch": "(2, 2, 2, 1, 4, 1)", "zen": {"score": 91.53289794921875, "time": 0.8064351491630077}, "val_accuracy": 88.31}, {"idx": "18", "arch": "(4, 0, 3, 0, 1, 1)", "zen": {"score": 22.46230697631836, "time": 0.5988884251564741}, "val_accuracy": 85.84}, {"idx": "19", "arch": "(0, 2, 0, 0, 2, 3)", "zen": {"score": 151.4396209716797, "time": 0.6328603005968034}, "val_accuracy": 90.56}, {"idx": "20", "arch": "(2, 2, 3, 2, 1, 0)", "zen": {"score": 116.24893951416016, "time": 0.7639665259048343}, "val_accuracy": 90.33}, {"idx": "21", "arch": "(3, 3, 2, 0, 4, 4)", "zen": {"score": 84.51341247558594, "time": 0.8140499391593039}, "val_accuracy": 87.83}, {"idx": "22", "arch": "(3, 3, 0, 0, 2, 3)", "zen": {"score": 122.34158325195312, "time": 0.671161063015461}, "val_accuracy": 89.74}, {"idx": "23", "arch": "(2, 0, 3, 4, 4, 2)", "zen": {"score": 88.09967803955078, "time": 0.839374365285039}, "val_accuracy": 89.66}, {"idx": "24", "arch": "(0, 0, 2, 4, 2, 4)", "zen": {"score": 206.2733612060547, "time": 0.8395823268219829}, "val_accuracy": 83.09}, {"idx": "25", "arch": "(4, 2, 2, 0, 0, 1)", "zen": {"score": 85.74837493896484, "time": 0.704837947152555}, "val_accuracy": 87.07}, {"idx": "26", "arch": "(3, 1, 3, 1, 1, 2)", "zen": {"score": 31.030292510986328, "time": 0.6329009593464434}, "val_accuracy": 85.52}, {"idx": "27", "arch": "(0, 0, 1, 3, 2, 4)", "zen": {"score": 86.02108764648438, "time": 0.6638639559969306}, "val_accuracy": 86.65}, {"idx": "28", "arch": "(0, 3, 4, 1, 1, 1)", "zen": {"score": 18.486379623413086, "time": 0.6089212140068412}, "val_accuracy": 71.57}, {"idx": "29", "arch": "(1, 1, 2, 2, 1, 4)", "zen": {"score": 34.824867248535156, "time": 0.7075582738034427}, "val_accuracy": 88.28}, {"idx": "30", "arch": "(4, 2, 1, 0, 0, 3)", "zen": {"score": 76.04794311523438, "time": 0.666612537112087}, "val_accuracy": 86.66}, {"idx": "31", "arch": "(2, 0, 0, 0, 2, 2)", "zen": {"score": 139.26226806640625, "time": 0.6615047557279468}, "val_accuracy": 90.67}, {"idx": "32", "arch": "(0, 4, 3, 0, 0, 3)", "zen": {"score": 91.00862121582031, "time": 0.6433344851247966}, "val_accuracy": 87.0}, {"idx": "33", "arch": "(0, 3, 0, 3, 1, 2)", "zen": {"score": 104.41571807861328, "time": 0.6720680622383952}, "val_accuracy": 89.5}, {"idx": "34", "arch": "(1, 3, 4, 1, 1, 3)", "zen": {"score": 43.111671447753906, "time": 0.6611310462467372}, "val_accuracy": 85.39}, {"idx": "35", "arch": "(3, 4, 0, 1, 4, 3)", "zen": {"score": 85.60550689697266, "time": 0.7625131933018565}, "val_accuracy": 86.76}, {"idx": "36", "arch": "(2, 2, 2, 4, 4, 2)", "zen": {"score": 128.29307556152344, "time": 0.9525760430842638}, "val_accuracy": 89.26}, {"idx": "37", "arch": "(2, 4, 2, 2, 2, 2)", "zen": {"score": 151.74853515625, "time": 0.9488878999836743}, "val_accuracy": 89.53}, {"idx": "38", "arch": "(3, 1, 4, 1, 2, 2)", "zen": {"score": 53.774784088134766, "time": 0.7426737658679485}, "val_accuracy": 87.4}, {"idx": "39", "arch": "(1, 2, 2, 4, 1, 4)", "zen": {"score": 64.82492065429688, "time": 0.7931140391156077}, "val_accuracy": 87.73}, {"idx": "40", "arch": "(1, 2, 4, 1, 4, 3)", "zen": {"score": 58.39886474609375, "time": 0.7719660792499781}, "val_accuracy": 88.76}, {"idx": "41", "arch": "(1, 3, 3, 0, 2, 3)", "zen": {"score": 50.730873107910156, "time": 0.6927300500683486}, "val_accuracy": 85.96}, {"idx": "42", "arch": "(2, 1, 0, 3, 3, 4)", "zen": {"score": 80.19388580322266, "time": 0.7542251823469996}, "val_accuracy": 90.4}, {"idx": "43", "arch": "(0, 0, 3, 2, 1, 3)", "zen": {"score": 72.48686218261719, "time": 0.6371066099964082}, "val_accuracy": 89.19}, {"idx": "44", "arch": "(0, 3, 3, 3, 4, 3)", "zen": {"score": 105.00938415527344, "time": 0.7386418059468269}, "val_accuracy": 86.67}, {"idx": "45", "arch": "(1, 0, 3, 1, 4, 3)", "zen": {"score": 40.913841247558594, "time": 0.657359077129513}, "val_accuracy": 85.69}, {"idx": "46", "arch": "(2, 3, 4, 4, 2, 4)", "zen": {"score": 111.22210693359375, "time": 0.9327561040408909}, "val_accuracy": 88.43}, {"idx": "47", "arch": "(3, 1, 3, 4, 1, 3)", "zen": {"score": 48.14280319213867, "time": 0.7329402649775147}, "val_accuracy": 86.04}, {"idx": "48", "arch": "(2, 3, 1, 0, 3, 3)", "zen": {"score": 77.68720245361328, "time": 0.6809027721174061}, "val_accuracy": 88.19}, {"idx": "49", "arch": "(1, 1, 3, 0, 4, 2)", "zen": {"score": 20.859052658081055, "time": 0.6858050879091024}, "val_accuracy": 85.75}, {"idx": "50", "arch": "(2, 3, 2, 0, 4, 1)", "zen": {"score": 76.51747131347656, "time": 0.7446984499692917}, "val_accuracy": 89.09}, {"idx": "51", "arch": "(4, 2, 1, 3, 1, 0)", "zen": {"score": 52.511146545410156, "time": 0.6908108009956777}, "val_accuracy": 87.85}, {"idx": "52", "arch": "(1, 3, 0, 0, 2, 3)", "zen": {"score": 54.594581604003906, "time": 0.7056408999487758}, "val_accuracy": 87.43}, {"idx": "53", "arch": "(3, 2, 3, 2, 3, 4)", "zen": {"score": 107.45356750488281, "time": 0.8482468039728701}, "val_accuracy": 88.38}, {"idx": "54", "arch": "(1, 3, 4, 4, 2, 0)", "zen": {"score": 34.89812088012695, "time": 0.779204317368567}, "val_accuracy": 85.15}, {"idx": "55", "arch": "(3, 4, 4, 3, 2, 1)", "zen": {"score": 65.58562469482422, "time": 0.8318524281494319}, "val_accuracy": 87.25}, {"idx": "56", "arch": "(0, 1, 0, 2, 2, 4)", "zen": {"score": 113.1683349609375, "time": 0.7270916379056871}, "val_accuracy": 88.69}, {"idx": "57", "arch": "(3, 2, 3, 1, 4, 0)", "zen": {"score": 72.02743530273438, "time": 0.7557256841100752}, "val_accuracy": 88.9}, {"idx": "58", "arch": "(2, 3, 3, 1, 1, 0)", "zen": {"score": 69.90696716308594, "time": 0.6414315798319876}, "val_accuracy": 85.79}, {"idx": "59", "arch": "(4, 0, 2, 0, 3, 4)", "zen": {"score": 203.3336639404297, "time": 0.7899919617921114}, "val_accuracy": 82.84}, {"idx": "60", "arch": "(4, 2, 4, 4, 4, 4)", "zen": {"score": 165.88238525390625, "time": 1.0103251142427325}, "val_accuracy": 73.85}, {"idx": "61", "arch": "(4, 0, 4, 1, 0, 1)", "zen": {"score": 26.80008888244629, "time": 0.6569996629841626}, "val_accuracy": 70.68}, {"idx": "62", "arch": "(3, 1, 4, 4, 2, 3)", "zen": {"score": 72.51815032958984, "time": 0.8827212140895426}, "val_accuracy": 87.46}, {"idx": "63", "arch": "(3, 3, 2, 2, 1, 3)", "zen": {"score": 107.34976959228516, "time": 0.7554737408645451}, "val_accuracy": 88.99}, {"idx": "64", "arch": "(1, 0, 1, 0, 4, 0)", "zen": {"score": 11.545467376708984, "time": 0.5475674066692591}, "val_accuracy": 83.8}, {"idx": "65", "arch": "(0, 3, 2, 2, 0, 3)", "zen": {"score": 165.66989135742188, "time": 0.699753921944648}, "val_accuracy": 90.6}, {"idx": "66", "arch": "(4, 4, 0, 0, 2, 4)", "zen": {"score": 166.03121948242188, "time": 0.7955343183130026}, "val_accuracy": 68.15}, {"idx": "67", "arch": "(1, 3, 1, 0, 0, 0)", "zen": {"score": 22.651947021484375, "time": 0.5000463058240712}, "val_accuracy": 85.55}, {"idx": "68", "arch": "(2, 4, 3, 0, 4, 4)", "zen": {"score": 99.99029541015625, "time": 0.8597782761789858}, "val_accuracy": 84.83}, {"idx": "69", "arch": "(3, 2, 4, 3, 2, 2)", "zen": {"score": 139.32127380371094, "time": 0.8669262090697885}, "val_accuracy": 89.42}, {"idx": "70", "arch": "(3, 2, 2, 4, 3, 1)", "zen": {"score": 93.92554473876953, "time": 0.7892226581461728}, "val_accuracy": 88.73}, {"idx": "71", "arch": "(3, 2, 0, 4, 1, 0)", "zen": {"score": 99.00566864013672, "time": 0.6700446652248502}, "val_accuracy": 89.12}, {"idx": "72", "arch": "(1, 2, 1, 1, 2, 2)", "zen": {"score": 59.00245666503906, "time": 0.7328943382017314}, "val_accuracy": 87.56}, {"idx": "73", "arch": "(2, 3, 1, 3, 4, 0)", "zen": {"score": 67.23573303222656, "time": 0.7191221131943166}, "val_accuracy": 88.82}, {"idx": "74", "arch": "(0, 2, 1, 3, 0, 4)", "zen": {"score": 88.85253143310547, "time": 0.665107624605298}, "val_accuracy": 87.61}, {"idx": "75", "arch": "(2, 4, 4, 1, 1, 3)", "zen": {"score": 82.28400421142578, "time": 0.7747241668403149}, "val_accuracy": 75.57}, {"idx": "76", "arch": "(3, 0, 0, 1, 3, 3)", "zen": {"score": 93.30082702636719, "time": 0.6037791250273585}, "val_accuracy": 87.14}, {"idx": "77", "arch": "(2, 0, 2, 2, 1, 2)", "zen": {"score": 125.52537536621094, "time": 0.7883584671653807}, "val_accuracy": 89.46}, {"idx": "78", "arch": "(1, 1, 4, 0, 2, 3)", "zen": {"score": 4.955873489379883, "time": 0.6732424520887434}, "val_accuracy": 71.25}, {"idx": "79", "arch": "(3, 1, 0, 3, 2, 3)", "zen": {"score": 89.87104034423828, "time": 0.66474440228194}, "val_accuracy": 89.84}, {"idx": "80", "arch": "(1, 1, 3, 3, 4, 3)", "zen": {"score": 19.406593322753906, "time": 0.69560581818223}, "val_accuracy": 85.54}, {"idx": "81", "arch": "(2, 3, 2, 3, 4, 2)", "zen": {"score": 125.4815673828125, "time": 0.893946988042444}, "val_accuracy": 89.93}, {"idx": "82", "arch": "(1, 4, 2, 0, 0, 3)", "zen": {"score": 52.32466125488281, "time": 0.6778140491805971}, "val_accuracy": 88.48}, {"idx": "83", "arch": "(0, 0, 0, 1, 3, 3)", "zen": {"score": 86.2676010131836, "time": 0.552628684323281}, "val_accuracy": 86.4}, {"idx": "84", "arch": "(0, 3, 1, 4, 0, 0)", "zen": {"score": 106.46664428710938, "time": 0.5994176976382732}, "val_accuracy": 82.39}, {"idx": "85", "arch": "(4, 0, 0, 0, 1, 1)", "zen": {"score": 11.452553749084473, "time": 0.5536226299591362}, "val_accuracy": 84.14}, {"idx": "86", "arch": "(4, 2, 2, 4, 2, 1)", "zen": {"score": 95.35990142822266, "time": 0.8545600762590766}, "val_accuracy": 88.84}, {"idx": "87", "arch": "(4, 3, 0, 1, 4, 1)", "zen": {"score": 98.08003997802734, "time": 0.7046950659714639}, "val_accuracy": 76.82}, {"idx": "88", "arch": "(2, 4, 1, 0, 2, 1)", "zen": {"score": 60.526405334472656, "time": 0.6938908728770912}, "val_accuracy": 87.15}, {"idx": "89", "arch": "(3, 4, 3, 3, 2, 2)", "zen": {"score": 106.0259017944336, "time": 0.8593206610530615}, "val_accuracy": 89.19}, {"idx": "90", "arch": "(2, 4, 3, 3, 1, 0)", "zen": {"score": 86.20390319824219, "time": 0.7194355870597064}, "val_accuracy": 88.8}, {"idx": "91", "arch": "(4, 0, 0, 4, 4, 4)", "zen": {"score": 46.98666763305664, "time": 0.8420793060213327}, "val_accuracy": 36.47}, {"idx": "92", "arch": "(4, 3, 4, 4, 0, 3)", "zen": {"score": 173.81594848632812, "time": 0.8563088369555771}, "val_accuracy": 83.06}, {"idx": "93", "arch": "(4, 4, 2, 1, 2, 3)", "zen": {"score": 85.49556732177734, "time": 0.8629296408034861}, "val_accuracy": 88.26}, {"idx": "94", "arch": "(0, 0, 0, 4, 3, 0)", "zen": {"score": 161.8921356201172, "time": 0.6027511418797076}, "val_accuracy": 74.72}, {"idx": "95", "arch": "(2, 3, 3, 2, 2, 3)", "zen": {"score": 136.2027587890625, "time": 0.8401360050775111}, "val_accuracy": 89.99}, {"idx": "96", "arch": "(2, 3, 1, 2, 0, 2)", "zen": {"score": 106.81022644042969, "time": 0.7776897391304374}, "val_accuracy": 89.43}, {"idx": "97", "arch": "(3, 1, 2, 2, 1, 2)", "zen": {"score": 102.19058227539062, "time": 0.7342472379095852}, "val_accuracy": 89.88}, {"idx": "98", "arch": "(3, 0, 0, 4, 4, 0)", "zen": {"score": 125.70573425292969, "time": 0.6889614360406995}, "val_accuracy": 82.41}, {"idx": "99", "arch": "(4, 0, 3, 0, 4, 2)", "zen": {"score": 89.7701644897461, "time": 0.7674416308291256}, "val_accuracy": 86.23}, {"idx": "100", "arch": "(4, 0, 1, 0, 2, 1)", "zen": {"score": 32.813514709472656, "time": 0.6254360568709671}, "val_accuracy": 80.21}, {"idx": "101", "arch": "(0, 4, 1, 1, 0, 3)", "zen": {"score": 43.78483581542969, "time": 0.6060553388670087}, "val_accuracy": 85.62}, {"idx": "102", "arch": "(2, 4, 4, 4, 1, 4)", "zen": {"score": 115.82115173339844, "time": 0.9060977147892118}, "val_accuracy": 80.65}, {"idx": "103", "arch": "(3, 2, 3, 4, 0, 3)", "zen": {"score": 88.34278106689453, "time": 0.8358529759570956}, "val_accuracy": 89.02}, {"idx": "104", "arch": "(4, 0, 4, 2, 1, 4)", "zen": {"score": 119.58485412597656, "time": 0.8120259577408433}, "val_accuracy": 77.3}, {"idx": "105", "arch": "(4, 3, 4, 3, 4, 4)", "zen": {"score": 188.6556854248047, "time": 0.937312460038811}, "val_accuracy": 77.92}, {"idx": "106", "arch": "(0, 4, 4, 1, 2, 4)", "zen": {"score": 117.91354370117188, "time": 0.8114275322295725}, "val_accuracy": 83.09}, {"idx": "107", "arch": "(0, 1, 2, 4, 1, 2)", "zen": {"score": 65.7835693359375, "time": 0.7234064461663365}, "val_accuracy": 88.71}, {"idx": "108", "arch": "(1, 4, 2, 3, 0, 4)", "zen": {"score": 48.002830505371094, "time": 0.7799995956011117}, "val_accuracy": 86.3}, {"idx": "109", "arch": "(4, 0, 0, 3, 1, 2)", "zen": {"score": 87.82127380371094, "time": 0.6789346849545836}, "val_accuracy": 89.21}, {"idx": "110", "arch": "(3, 1, 1, 1, 2, 2)", "zen": {"score": 44.847808837890625, "time": 0.6687151677906513}, "val_accuracy": 87.27}, {"idx": "111", "arch": "(1, 1, 0, 2, 3, 0)", "zen": {"score": 8.388404846191406, "time": 0.6167366453446448}, "val_accuracy": 84.3}, {"idx": "112", "arch": "(2, 4, 1, 3, 2, 2)", "zen": {"score": 101.86327362060547, "time": 0.8107952140271664}, "val_accuracy": 88.29}, {"idx": "113", "arch": "(0, 3, 2, 1, 2, 1)", "zen": {"score": 84.25794982910156, "time": 0.642774912994355}, "val_accuracy": 88.6}, {"idx": "114", "arch": "(1, 4, 3, 0, 1, 1)", "zen": {"score": 22.598220825195312, "time": 0.6023242673836648}, "val_accuracy": 85.6}, {"idx": "115", "arch": "(3, 3, 3, 3, 0, 3)", "zen": {"score": 86.11642456054688, "time": 0.6848150338046253}, "val_accuracy": 86.06}, {"idx": "116", "arch": "(3, 4, 2, 0, 3, 0)", "zen": {"score": 95.38409423828125, "time": 0.7065714569762349}, "val_accuracy": 87.5}, {"idx": "117", "arch": "(0, 3, 0, 3, 4, 3)", "zen": {"score": 198.30557250976562, "time": 0.688725849147886}, "val_accuracy": 85.59}, {"idx": "118", "arch": "(1, 0, 0, 1, 4, 3)", "zen": {"score": 45.08106994628906, "time": 0.6319489083252847}, "val_accuracy": 86.47}, {"idx": "119", "arch": "(0, 4, 3, 0, 3, 4)", "zen": {"score": 176.0789031982422, "time": 0.7374142240732908}, "val_accuracy": 80.44}, {"idx": "120", "arch": "(3, 2, 4, 2, 4, 0)", "zen": {"score": 110.90055084228516, "time": 0.8367603369988501}, "val_accuracy": 87.78}, {"idx": "121", "arch": "(0, 2, 4, 4, 1, 1)", "zen": {"score": 29.1065616607666, "time": 0.7149440292268991}, "val_accuracy": 71.14}, {"idx": "122", "arch": "(0, 2, 1, 2, 2, 2)", "zen": {"score": 128.2720489501953, "time": 0.7354478454217315}, "val_accuracy": 89.38}, {"idx": "123", "arch": "(2, 1, 1, 2, 3, 2)", "zen": {"score": 97.61719512939453, "time": 0.7682720362208784}, "val_accuracy": 87.56}, {"idx": "124", "arch": "(2, 4, 0, 2, 3, 2)", "zen": {"score": 140.78245544433594, "time": 0.7944732066243887}, "val_accuracy": 90.6}, {"idx": "125", "arch": "(0, 1, 4, 3, 0, 1)", "zen": {"score": 101.6119613647461, "time": 0.6096260291524231}, "val_accuracy": 78.11}, {"idx": "126", "arch": "(0, 4, 4, 4, 3, 1)", "zen": {"score": 34.09767532348633, "time": 0.7808692427352071}, "val_accuracy": 85.55}, {"idx": "127", "arch": "(3, 0, 4, 4, 2, 2)", "zen": {"score": 101.57254028320312, "time": 0.8222539932467043}, "val_accuracy": 88.13}, {"idx": "128", "arch": "(0, 0, 1, 2, 2, 3)", "zen": {"score": 87.19960021972656, "time": 0.6345079219900072}, "val_accuracy": 89.48}, {"idx": "129", "arch": "(3, 0, 1, 2, 3, 3)", "zen": {"score": 76.65365600585938, "time": 0.7022725641727448}, "val_accuracy": 88.0}, {"idx": "130", "arch": "(2, 0, 4, 4, 1, 0)", "zen": {"score": 120.49932861328125, "time": 0.7103130421601236}, "val_accuracy": 83.03}, {"idx": "131", "arch": "(0, 3, 4, 0, 1, 0)", "zen": {"score": 105.58262634277344, "time": 0.593847454059869}, "val_accuracy": 82.33}, {"idx": "132", "arch": "(0, 1, 4, 2, 4, 2)", "zen": {"score": 139.3008270263672, "time": 0.7797331716865301}, "val_accuracy": 85.59}, {"idx": "133", "arch": "(4, 3, 1, 2, 3, 1)", "zen": {"score": 51.93850326538086, "time": 0.7210761271417141}, "val_accuracy": 75.03}, {"idx": "134", "arch": "(1, 1, 2, 1, 1, 3)", "zen": {"score": 34.807373046875, "time": 0.5832736170850694}, "val_accuracy": 88.48}, {"idx": "135", "arch": "(3, 1, 1, 4, 2, 3)", "zen": {"score": 56.03422927856445, "time": 0.7136249342001975}, "val_accuracy": 86.03}, {"idx": "136", "arch": "(1, 1, 4, 4, 4, 3)", "zen": {"score": 6.449716567993164, "time": 0.7865795558318496}, "val_accuracy": 71.61}, {"idx": "137", "arch": "(0, 0, 0, 0, 0, 3)", "zen": {"score": 136.36753845214844, "time": 0.49084463296458125}, "val_accuracy": 84.27}, {"idx": "138", "arch": "(0, 3, 0, 2, 1, 1)", "zen": {"score": 66.28555297851562, "time": 0.6221327073872089}, "val_accuracy": 83.85}, {"idx": "139", "arch": "(1, 0, 0, 0, 1, 1)", "zen": {"score": 11.443291664123535, "time": 0.47523693507537246}, "val_accuracy": 83.84}, {"idx": "140", "arch": "(0, 4, 1, 0, 1, 1)", "zen": {"score": -100000000.0, "time": 0.5622336030937731}, "val_accuracy": 10.0}, {"idx": "141", "arch": "(1, 3, 4, 0, 1, 2)", "zen": {"score": 57.545692443847656, "time": 0.6957852840423584}, "val_accuracy": 87.55}, {"idx": "142", "arch": "(0, 0, 3, 3, 0, 0)", "zen": {"score": 220.96192932128906, "time": 0.5574595332145691}, "val_accuracy": 83.36}, {"idx": "143", "arch": "(2, 0, 1, 4, 1, 2)", "zen": {"score": 62.25933837890625, "time": 0.6980093489401042}, "val_accuracy": 88.4}, {"idx": "144", "arch": "(4, 1, 0, 4, 4, 1)", "zen": {"score": 27.146026611328125, "time": 0.747851463034749}, "val_accuracy": 77.46}, {"idx": "145", "arch": "(1, 3, 2, 4, 3, 0)", "zen": {"score": 53.85105514526367, "time": 0.7410139287821949}, "val_accuracy": 88.75}, {"idx": "146", "arch": "(3, 4, 0, 0, 4, 2)", "zen": {"score": 99.19194793701172, "time": 0.7909998390823603}, "val_accuracy": 88.17}, {"idx": "147", "arch": "(2, 2, 2, 3, 4, 1)", "zen": {"score": 99.46849060058594, "time": 0.8407823187299073}, "val_accuracy": 87.8}, {"idx": "148", "arch": "(1, 0, 0, 4, 4, 4)", "zen": {"score": 27.6355037689209, "time": 0.7438116180710495}, "val_accuracy": 78.14}, {"idx": "149", "arch": "(2, 3, 1, 1, 2, 0)", "zen": {"score": 78.46576690673828, "time": 0.6986855519935489}, "val_accuracy": 89.87}, {"idx": "150", "arch": "(3, 1, 4, 0, 2, 1)", "zen": {"score": 56.962162017822266, "time": 0.7271864428184927}, "val_accuracy": 87.39}, {"idx": "151", "arch": "(1, 1, 0, 3, 4, 3)", "zen": {"score": 8.384394645690918, "time": 0.7283393773250282}, "val_accuracy": 84.08}, {"idx": "152", "arch": "(4, 1, 3, 4, 0, 1)", "zen": {"score": 35.873050689697266, "time": 0.7041890961118042}, "val_accuracy": 84.68}, {"idx": "153", "arch": "(4, 1, 0, 2, 1, 2)", "zen": {"score": 80.08045196533203, "time": 0.7249887739308178}, "val_accuracy": 88.43}, {"idx": "154", "arch": "(1, 2, 4, 0, 4, 2)", "zen": {"score": 70.91832733154297, "time": 0.8172728000208735}, "val_accuracy": 88.9}, {"idx": "155", "arch": "(4, 0, 4, 1, 3, 2)", "zen": {"score": 90.64503479003906, "time": 0.8002226240932941}, "val_accuracy": 87.19}, {"idx": "156", "arch": "(1, 2, 0, 1, 3, 0)", "zen": {"score": 58.32929229736328, "time": 0.6116141132079065}, "val_accuracy": 88.93}, {"idx": "157", "arch": "(0, 3, 2, 2, 3, 4)", "zen": {"score": 106.41741943359375, "time": 0.8064082702621818}, "val_accuracy": 88.64}, {"idx": "158", "arch": "(3, 3, 0, 2, 2, 3)", "zen": {"score": 140.48025512695312, "time": 0.7484861416742206}, "val_accuracy": 90.44}, {"idx": "159", "arch": "(0, 0, 3, 1, 1, 2)", "zen": {"score": 55.36384582519531, "time": 0.6032452019862831}, "val_accuracy": 89.31}, {"idx": "160", "arch": "(0, 3, 3, 2, 4, 2)", "zen": {"score": 131.43760681152344, "time": 0.8208361309953034}, "val_accuracy": 88.32}, {"idx": "161", "arch": "(1, 0, 3, 0, 4, 2)", "zen": {"score": 55.56476593017578, "time": 0.7596267620101571}, "val_accuracy": 88.44}, {"idx": "162", "arch": "(3, 3, 2, 2, 4, 4)", "zen": {"score": 97.60356140136719, "time": 0.9093462340533733}, "val_accuracy": 87.77}, {"idx": "163", "arch": "(3, 2, 0, 4, 4, 1)", "zen": {"score": 87.58094024658203, "time": 0.7935071904212236}, "val_accuracy": 87.02}, {"idx": "164", "arch": "(2, 3, 0, 4, 1, 1)", "zen": {"score": 67.31170654296875, "time": 0.7350053270347416}, "val_accuracy": 83.55}, {"idx": "165", "arch": "(1, 1, 2, 4, 2, 0)", "zen": {"score": 34.85690689086914, "time": 0.7434163098223507}, "val_accuracy": 88.39}, {"idx": "166", "arch": "(1, 3, 4, 4, 1, 3)", "zen": {"score": 43.37421417236328, "time": 0.7963185789994895}, "val_accuracy": 85.68}, {"idx": "167", "arch": "(0, 4, 0, 2, 4, 3)", "zen": {"score": 202.6620330810547, "time": 0.794451299123466}, "val_accuracy": 84.1}, {"idx": "168", "arch": "(0, 4, 2, 1, 3, 4)", "zen": {"score": 77.79364013671875, "time": 0.7721511530689895}, "val_accuracy": 86.18}, {"idx": "169", "arch": "(0, 3, 4, 3, 1, 1)", "zen": {"score": 27.01473045349121, "time": 0.6612139730714262}, "val_accuracy": 70.99}, {"idx": "170", "arch": "(1, 0, 4, 2, 2, 4)", "zen": {"score": 23.221694946289062, "time": 0.7932537849992514}, "val_accuracy": 69.6}, {"idx": "171", "arch": "(3, 3, 2, 1, 0, 2)", "zen": {"score": 100.3573226928711, "time": 0.7203888539224863}, "val_accuracy": 89.45}, {"idx": "172", "arch": "(2, 4, 2, 4, 1, 2)", "zen": {"score": 98.705810546875, "time": 0.9110788060352206}, "val_accuracy": 88.82}, {"idx": "173", "arch": "(1, 0, 0, 3, 1, 2)", "zen": {"score": 60.20002746582031, "time": 0.5911350473761559}, "val_accuracy": 88.67}, {"idx": "174", "arch": "(0, 4, 3, 2, 0, 3)", "zen": {"score": 135.93836975097656, "time": 0.735833952203393}, "val_accuracy": 88.87}, {"idx": "175", "arch": "(4, 0, 4, 0, 0, 0)", "zen": {"score": 47.35227584838867, "time": 0.6463676569983363}, "val_accuracy": 33.28}, {"idx": "176", "arch": "(4, 2, 0, 4, 3, 1)", "zen": {"score": 96.7220230102539, "time": 0.7894744761288166}, "val_accuracy": 85.41}, {"idx": "177", "arch": "(4, 3, 4, 1, 3, 0)", "zen": {"score": 75.7856674194336, "time": 0.7658359459601343}, "val_accuracy": 84.91}, {"idx": "178", "arch": "(3, 2, 0, 4, 0, 3)", "zen": {"score": 112.06404113769531, "time": 0.7261729519814253}, "val_accuracy": 90.42}, {"idx": "179", "arch": "(0, 1, 1, 1, 2, 3)", "zen": {"score": 34.959007263183594, "time": 0.5873565962538123}, "val_accuracy": 88.25}, {"idx": "180", "arch": "(4, 3, 1, 3, 4, 4)", "zen": {"score": 76.5428237915039, "time": 0.8404481518082321}, "val_accuracy": 77.88}, {"idx": "181", "arch": "(2, 1, 2, 3, 2, 2)", "zen": {"score": 131.46275329589844, "time": 0.8093655300326645}, "val_accuracy": 89.51}, {"idx": "182", "arch": "(4, 0, 4, 4, 3, 3)", "zen": {"score": 83.00665283203125, "time": 0.8316121427342296}, "val_accuracy": 81.26}, {"idx": "183", "arch": "(1, 2, 4, 3, 4, 3)", "zen": {"score": 56.093788146972656, "time": 0.8424386628903449}, "val_accuracy": 88.01}, {"idx": "184", "arch": "(2, 3, 2, 2, 3, 1)", "zen": {"score": 117.96508026123047, "time": 0.782244001980871}, "val_accuracy": 89.89}, {"idx": "185", "arch": "(1, 0, 1, 2, 4, 3)", "zen": {"score": 21.087148666381836, "time": 0.7595539642497897}, "val_accuracy": 86.05}, {"idx": "186", "arch": "(0, 4, 0, 1, 1, 1)", "zen": {"score": 11.488290786743164, "time": 0.5845287810079753}, "val_accuracy": 84.24}, {"idx": "187", "arch": "(0, 0, 3, 4, 1, 3)", "zen": {"score": 47.11515426635742, "time": 0.6654837252572179}, "val_accuracy": 86.22}, {"idx": "188", "arch": "(4, 3, 2, 4, 1, 3)", "zen": {"score": 69.01126861572266, "time": 0.8407457522116601}, "val_accuracy": 88.67}, {"idx": "189", "arch": "(3, 0, 0, 0, 3, 2)", "zen": {"score": 108.68228149414062, "time": 0.6206058491952717}, "val_accuracy": 89.33}, {"idx": "190", "arch": "(1, 0, 3, 3, 4, 3)", "zen": {"score": 39.63165283203125, "time": 0.7003502510488033}, "val_accuracy": 85.79}, {"idx": "191", "arch": "(4, 4, 0, 1, 3, 3)", "zen": {"score": 83.11434936523438, "time": 0.7616651360876858}, "val_accuracy": 84.81}, {"idx": "192", "arch": "(4, 3, 0, 0, 3, 0)", "zen": {"score": 189.8292999267578, "time": 0.6506342059001327}, "val_accuracy": 82.42}, {"idx": "193", "arch": "(1, 3, 2, 0, 0, 3)", "zen": {"score": 65.2879867553711, "time": 0.6355466200038791}, "val_accuracy": 88.87}, {"idx": "194", "arch": "(3, 1, 0, 2, 2, 2)", "zen": {"score": 118.45094299316406, "time": 0.7213096315972507}, "val_accuracy": 90.61}, {"idx": "195", "arch": "(1, 2, 0, 2, 4, 3)", "zen": {"score": 68.77058410644531, "time": 0.743748807348311}, "val_accuracy": 89.87}, {"idx": "196", "arch": "(2, 2, 1, 4, 3, 4)", "zen": {"score": 78.4600830078125, "time": 0.8648605761118233}, "val_accuracy": 87.45}, {"idx": "197", "arch": "(3, 3, 4, 0, 4, 3)", "zen": {"score": 82.26111602783203, "time": 0.8343867412768304}, "val_accuracy": 86.38}, {"idx": "198", "arch": "(3, 4, 1, 1, 3, 2)", "zen": {"score": 59.94972229003906, "time": 0.7315272376872599}, "val_accuracy": 87.52}, {"idx": "199", "arch": "(0, 1, 1, 4, 3, 0)", "zen": {"score": 33.69451904296875, "time": 0.6099298489280045}, "val_accuracy": 85.24}, {"idx": "200", "arch": "(4, 0, 4, 3, 0, 1)", "zen": {"score": 94.353759765625, "time": 0.6948497500270605}, "val_accuracy": 69.7}, {"idx": "201", "arch": "(0, 0, 1, 1, 0, 3)", "zen": {"score": 47.13786315917969, "time": 0.5100482599809766}, "val_accuracy": 86.56}, {"idx": "202", "arch": "(3, 0, 0, 4, 3, 3)", "zen": {"score": 91.27021789550781, "time": 0.6913504460826516}, "val_accuracy": 87.34}, {"idx": "203", "arch": "(0, 3, 2, 4, 0, 3)", "zen": {"score": 137.9730987548828, "time": 0.7153205992653966}, "val_accuracy": 89.06}, {"idx": "204", "arch": "(4, 0, 1, 0, 1, 4)", "zen": {"score": 25.817054748535156, "time": 0.6520620798692107}, "val_accuracy": 66.03}, {"idx": "205", "arch": "(2, 0, 2, 4, 4, 3)", "zen": {"score": 89.09827423095703, "time": 0.8307134746573865}, "val_accuracy": 88.85}, {"idx": "206", "arch": "(3, 2, 3, 3, 0, 2)", "zen": {"score": 114.89697265625, "time": 0.7593489061109722}, "val_accuracy": 89.38}, {"idx": "207", "arch": "(2, 2, 4, 0, 0, 3)", "zen": {"score": 104.62297821044922, "time": 0.7448451942764223}, "val_accuracy": 88.62}, {"idx": "208", "arch": "(4, 0, 0, 2, 0, 1)", "zen": {"score": 113.50057220458984, "time": 0.6202226649038494}, "val_accuracy": 77.56}, {"idx": "209", "arch": "(4, 3, 0, 3, 3, 1)", "zen": {"score": 110.01245880126953, "time": 0.6984454626217484}, "val_accuracy": 85.24}, {"idx": "210", "arch": "(4, 4, 3, 0, 2, 2)", "zen": {"score": 95.97665405273438, "time": 0.8335780273191631}, "val_accuracy": 87.02}, {"idx": "211", "arch": "(0, 4, 4, 0, 2, 3)", "zen": {"score": 93.09486389160156, "time": 0.8167245020158589}, "val_accuracy": 87.25}, {"idx": "212", "arch": "(1, 0, 4, 1, 4, 2)", "zen": {"score": 50.03739929199219, "time": 0.7314029783010483}, "val_accuracy": 87.65}, {"idx": "213", "arch": "(0, 1, 2, 3, 1, 1)", "zen": {"score": 46.32053756713867, "time": 0.5874768286012113}, "val_accuracy": 88.13}, {"idx": "214", "arch": "(4, 4, 1, 2, 4, 4)", "zen": {"score": 116.88581085205078, "time": 0.9189100149087608}, "val_accuracy": 74.5}, {"idx": "215", "arch": "(1, 4, 0, 3, 1, 2)", "zen": {"score": 59.091949462890625, "time": 0.6825302201323211}, "val_accuracy": 87.08}, {"idx": "216", "arch": "(1, 4, 2, 2, 0, 3)", "zen": {"score": 51.398555755615234, "time": 0.7814046051353216}, "val_accuracy": 88.23}, {"idx": "217", "arch": "(3, 3, 2, 0, 2, 0)", "zen": {"score": 106.44303894042969, "time": 0.6962874201126397}, "val_accuracy": 88.53}, {"idx": "218", "arch": "(4, 4, 4, 2, 0, 4)", "zen": {"score": 170.95640563964844, "time": 0.9373465608805418}, "val_accuracy": 67.69}, {"idx": "219", "arch": "(2, 3, 4, 1, 3, 4)", "zen": {"score": 89.36579132080078, "time": 0.8339367466978729}, "val_accuracy": 88.85}, {"idx": "220", "arch": "(2, 4, 1, 2, 2, 1)", "zen": {"score": 82.70720672607422, "time": 0.7979828449897468}, "val_accuracy": 87.18}, {"idx": "221", "arch": "(0, 3, 2, 0, 2, 0)", "zen": {"score": 160.8759765625, "time": 0.6511479411274195}, "val_accuracy": 88.97}, {"idx": "222", "arch": "(3, 4, 1, 4, 3, 3)", "zen": {"score": 49.15732955932617, "time": 0.8053099713288248}, "val_accuracy": 86.48}, {"idx": "223", "arch": "(3, 3, 3, 2, 0, 2)", "zen": {"score": 112.84724426269531, "time": 0.7570227831602097}, "val_accuracy": 90.18}, {"idx": "224", "arch": "(1, 2, 3, 1, 4, 2)", "zen": {"score": 79.1654052734375, "time": 0.7805376192554832}, "val_accuracy": 89.57}, {"idx": "225", "arch": "(2, 4, 0, 1, 2, 1)", "zen": {"score": 83.65093231201172, "time": 0.709891851991415}, "val_accuracy": 90.67}, {"idx": "226", "arch": "(1, 0, 0, 0, 4, 2)", "zen": {"score": 60.635833740234375, "time": 0.6832099962048233}, "val_accuracy": 88.56}, {"idx": "227", "arch": "(0, 2, 2, 2, 2, 1)", "zen": {"score": 128.02366638183594, "time": 0.7654056074097753}, "val_accuracy": 88.46}, {"idx": "228", "arch": "(2, 0, 0, 1, 0, 2)", "zen": {"score": 114.95974731445312, "time": 0.6126170228235424}, "val_accuracy": 88.95}, {"idx": "229", "arch": "(0, 2, 1, 1, 2, 1)", "zen": {"score": 60.447208404541016, "time": 0.6262265108525753}, "val_accuracy": 88.0}, {"idx": "230", "arch": "(1, 1, 1, 2, 3, 3)", "zen": {"score": -100000000.0, "time": 0.65546292392537}, "val_accuracy": 10.0}, {"idx": "231", "arch": "(3, 4, 4, 0, 3, 1)", "zen": {"score": 43.27180862426758, "time": 0.7594886310398579}, "val_accuracy": 84.21}, {"idx": "232", "arch": "(1, 0, 4, 4, 3, 3)", "zen": {"score": 33.38439178466797, "time": 0.7619453598745167}, "val_accuracy": 85.27}, {"idx": "233", "arch": "(0, 4, 4, 3, 3, 0)", "zen": {"score": 186.17987060546875, "time": 0.7512139822356403}, "val_accuracy": 79.86}, {"idx": "234", "arch": "(4, 1, 3, 2, 3, 4)", "zen": {"score": 70.30203247070312, "time": 0.8357181251049042}, "val_accuracy": 87.5}, {"idx": "235", "arch": "(1, 1, 4, 3, 3, 2)", "zen": {"score": 3.2557907104492188, "time": 0.739139239769429}, "val_accuracy": 71.7}, {"idx": "236", "arch": "(4, 0, 2, 1, 4, 2)", "zen": {"score": 97.8953628540039, "time": 0.8027908280491829}, "val_accuracy": 86.38}, {"idx": "237", "arch": "(2, 2, 3, 2, 4, 3)", "zen": {"score": 122.39588928222656, "time": 0.897468785289675}, "val_accuracy": 89.54}, {"idx": "238", "arch": "(3, 0, 2, 2, 3, 2)", "zen": {"score": 126.61908721923828, "time": 0.7781446971930563}, "val_accuracy": 89.78}, {"idx": "239", "arch": "(3, 4, 2, 3, 1, 4)", "zen": {"score": 87.79622650146484, "time": 0.8352390248328447}, "val_accuracy": 87.3}, {"idx": "240", "arch": "(1, 2, 3, 1, 0, 4)", "zen": {"score": 50.74636459350586, "time": 0.7320603402331471}, "val_accuracy": 88.06}, {"idx": "241", "arch": "(2, 3, 2, 1, 1, 1)", "zen": {"score": 70.43230438232422, "time": 0.6702623968012631}, "val_accuracy": 88.18}, {"idx": "242", "arch": "(1, 1, 2, 0, 1, 2)", "zen": {"score": 34.655845642089844, "time": 0.6474999380297959}, "val_accuracy": 88.74}, {"idx": "243", "arch": "(4, 3, 1, 1, 3, 0)", "zen": {"score": 38.551788330078125, "time": 0.6756189870648086}, "val_accuracy": 87.17}, {"idx": "244", "arch": "(1, 1, 0, 4, 3, 0)", "zen": {"score": 9.785394668579102, "time": 0.6134089711122215}, "val_accuracy": 84.08}, {"idx": "245", "arch": "(1, 3, 2, 4, 2, 3)", "zen": {"score": 63.509254455566406, "time": 0.8123764172196388}, "val_accuracy": 88.82}, {"idx": "246", "arch": "(2, 4, 2, 0, 1, 0)", "zen": {"score": 97.92951202392578, "time": 0.7078336612321436}, "val_accuracy": 87.71}, {"idx": "247", "arch": "(0, 3, 4, 1, 4, 4)", "zen": {"score": 102.94847106933594, "time": 0.8244195021688938}, "val_accuracy": 78.0}, {"idx": "248", "arch": "(4, 3, 1, 1, 2, 4)", "zen": {"score": 49.79111099243164, "time": 0.8014254160225391}, "val_accuracy": 82.84}, {"idx": "249", "arch": "(1, 4, 1, 0, 4, 2)", "zen": {"score": 32.426273345947266, "time": 0.7542069940827787}, "val_accuracy": 80.04}]