[{"idx": "8250", "arch": "(3, 3, 1, 3, 3, 3)", "zen": {"score": 72.6907958984375, "time": 1.273541608825326}, "val_accuracy": 85.13}, {"idx": "8251", "arch": "(1, 1, 1, 2, 2, 0)", "zen": {"score": -100000000.0, "time": 0.694780264981091}, "val_accuracy": 10.0}, {"idx": "8252", "arch": "(1, 4, 4, 1, 0, 4)", "zen": {"score": 26.166133880615234, "time": 0.8187029720284045}, "val_accuracy": 66.66}, {"idx": "8253", "arch": "(1, 1, 0, 3, 0, 1)", "zen": {"score": 9.986764907836914, "time": 0.5747270071879029}, "val_accuracy": 84.22}, {"idx": "8254", "arch": "(2, 0, 0, 1, 2, 4)", "zen": {"score": 144.58441162109375, "time": 0.7543216557241976}, "val_accuracy": 86.04}, {"idx": "8255", "arch": "(0, 2, 1, 1, 4, 3)", "zen": {"score": 56.0982780456543, "time": 0.7488679219968617}, "val_accuracy": 88.46}, {"idx": "8256", "arch": "(1, 2, 2, 1, 3, 3)", "zen": {"score": 79.06220245361328, "time": 0.8021818976849318}, "val_accuracy": 89.39}, {"idx": "8257", "arch": "(0, 0, 1, 2, 0, 3)", "zen": {"score": 93.68040466308594, "time": 0.6819840599782765}, "val_accuracy": 89.44}, {"idx": "8258", "arch": "(2, 1, 4, 3, 0, 3)", "zen": {"score": 70.9413070678711, "time": 0.7987541817128658}, "val_accuracy": 88.53}, {"idx": "8259", "arch": "(0, 3, 1, 3, 3, 3)", "zen": {"score": 68.28423309326172, "time": 0.731363020837307}, "val_accuracy": 85.96}, {"idx": "8260", "arch": "(0, 1, 4, 2, 2, 2)", "zen": {"score": 119.36228942871094, "time": 0.850108876824379}, "val_accuracy": 89.59}, {"idx": "8261", "arch": "(4, 2, 4, 2, 0, 4)", "zen": {"score": 217.35948181152344, "time": 0.9703978262841702}, "val_accuracy": 81.88}, {"idx": "8262", "arch": "(1, 4, 0, 2, 0, 2)", "zen": {"score": 57.79026412963867, "time": 0.7685838681645691}, "val_accuracy": 86.55}, {"idx": "8263", "arch": "(2, 3, 0, 0, 3, 1)", "zen": {"score": 101.86666107177734, "time": 0.7040530620142817}, "val_accuracy": 89.88}, {"idx": "8264", "arch": "(4, 3, 3, 3, 1, 1)", "zen": {"score": 34.29995346069336, "time": 0.8357286821119487}, "val_accuracy": 85.7}, {"idx": "8265", "arch": "(2, 0, 2, 0, 0, 3)", "zen": {"score": 94.84174346923828, "time": 0.7237930400297046}, "val_accuracy": 88.78}, {"idx": "8266", "arch": "(1, 3, 2, 4, 1, 0)", "zen": {"score": 55.334815979003906, "time": 0.7628322513774037}, "val_accuracy": 88.86}, {"idx": "8267", "arch": "(1, 1, 2, 0, 3, 4)", "zen": {"score": 34.662559509277344, "time": 0.7531630699522793}, "val_accuracy": 88.52}, {"idx": "8268", "arch": "(3, 1, 1, 3, 4, 4)", "zen": {"score": 33.43976974487305, "time": 0.8791798637248576}, "val_accuracy": 82.5}, {"idx": "8269", "arch": "(1, 0, 0, 4, 2, 4)", "zen": {"score": 25.894575119018555, "time": 0.7848158720880747}, "val_accuracy": 77.19}, {"idx": "8270", "arch": "(2, 3, 1, 1, 0, 0)", "zen": {"score": 55.378021240234375, "time": 0.6394923939369619}, "val_accuracy": 88.69}, {"idx": "8271", "arch": "(2, 4, 2, 0, 3, 2)", "zen": {"score": 115.05089569091797, "time": 0.9345091786235571}, "val_accuracy": 89.44}, {"idx": "8272", "arch": "(1, 4, 1, 1, 3, 3)", "zen": {"score": 18.488412857055664, "time": 0.7358660949394107}, "val_accuracy": 75.77}, {"idx": "8273", "arch": "(4, 3, 4, 2, 4, 2)", "zen": {"score": 220.2445068359375, "time": 1.0196076068095863}, "val_accuracy": 85.14}, {"idx": "8274", "arch": "(1, 2, 0, 1, 1, 0)", "zen": {"score": 61.182823181152344, "time": 0.5966868847608566}, "val_accuracy": 89.05}, {"idx": "8275", "arch": "(4, 3, 2, 2, 2, 1)", "zen": {"score": 104.00117492675781, "time": 0.9102692352607846}, "val_accuracy": 88.39}, {"idx": "8276", "arch": "(3, 3, 0, 2, 0, 3)", "zen": {"score": 118.1826171875, "time": 0.7719172150827944}, "val_accuracy": 89.8}, {"idx": "8277", "arch": "(2, 4, 3, 1, 0, 1)", "zen": {"score": 55.59757995605469, "time": 0.7550802617333829}, "val_accuracy": 88.96}, {"idx": "8278", "arch": "(0, 3, 1, 2, 0, 1)", "zen": {"score": 68.08018493652344, "time": 0.6454521948471665}, "val_accuracy": 83.5}, {"idx": "8279", "arch": "(1, 0, 3, 0, 2, 2)", "zen": {"score": 54.11479187011719, "time": 0.720834304112941}, "val_accuracy": 88.57}, {"idx": "8280", "arch": "(3, 1, 0, 0, 3, 0)", "zen": {"score": 60.021018981933594, "time": 0.6189900189638138}, "val_accuracy": 86.93}, {"idx": "8281", "arch": "(2, 3, 4, 2, 3, 4)", "zen": {"score": 118.22550964355469, "time": 1.0243791360408068}, "val_accuracy": 88.16}, {"idx": "8282", "arch": "(0, 4, 2, 1, 1, 4)", "zen": {"score": 48.710716247558594, "time": 0.8033181987702847}, "val_accuracy": 86.51}, {"idx": "8283", "arch": "(1, 3, 4, 3, 2, 4)", "zen": {"score": 36.566402435302734, "time": 0.9565446539781988}, "val_accuracy": 82.52}, {"idx": "8284", "arch": "(0, 4, 0, 2, 2, 3)", "zen": {"score": 147.63302612304688, "time": 0.8156237509101629}, "val_accuracy": 89.53}, {"idx": "8285", "arch": "(4, 0, 0, 1, 4, 1)", "zen": {"score": 26.85363006591797, "time": 0.702384056057781}, "val_accuracy": 77.29}, {"idx": "8286", "arch": "(3, 4, 0, 3, 1, 3)", "zen": {"score": 82.07903289794922, "time": 0.7878351039253175}, "val_accuracy": 87.89}, {"idx": "8287", "arch": "(2, 1, 3, 0, 1, 1)", "zen": {"score": 46.764984130859375, "time": 0.6467129839584231}, "val_accuracy": 85.87}, {"idx": "8288", "arch": "(2, 3, 1, 4, 3, 2)", "zen": {"score": 89.81690979003906, "time": 0.9301362708210945}, "val_accuracy": 88.1}, {"idx": "8289", "arch": "(1, 1, 1, 3, 3, 3)", "zen": {"score": -100000000.0, "time": 0.6876359898597002}, "val_accuracy": 10.0}, {"idx": "8290", "arch": "(3, 1, 3, 2, 3, 3)", "zen": {"score": 86.79715728759766, "time": 0.8174154357984662}, "val_accuracy": 89.09}, {"idx": "8291", "arch": "(0, 1, 0, 0, 3, 4)", "zen": {"score": 105.09081268310547, "time": 0.6728752800263464}, "val_accuracy": 82.22}, {"idx": "8292", "arch": "(1, 1, 2, 3, 4, 1)", "zen": {"score": 34.64344024658203, "time": 0.7707995837554336}, "val_accuracy": 88.84}, {"idx": "8293", "arch": "(1, 1, 3, 4, 0, 0)", "zen": {"score": 22.704214096069336, "time": 0.6809904528781772}, "val_accuracy": 85.49}, {"idx": "8294", "arch": "(1, 3, 0, 4, 2, 2)", "zen": {"score": 66.03276062011719, "time": 0.8612845372408628}, "val_accuracy": 89.23}, {"idx": "8295", "arch": "(0, 0, 4, 1, 0, 2)", "zen": {"score": 118.34703826904297, "time": 0.7039071558974683}, "val_accuracy": 84.15}, {"idx": "8296", "arch": "(4, 3, 4, 1, 1, 0)", "zen": {"score": 34.75786590576172, "time": 0.7822924987412989}, "val_accuracy": 84.96}, {"idx": "8297", "arch": "(3, 1, 4, 3, 0, 2)", "zen": {"score": 69.15674591064453, "time": 0.8176166019402444}, "val_accuracy": 87.65}, {"idx": "8298", "arch": "(2, 4, 2, 3, 3, 3)", "zen": {"score": 108.00730895996094, "time": 0.9408759200014174}, "val_accuracy": 89.51}, {"idx": "8299", "arch": "(0, 4, 1, 2, 3, 3)", "zen": {"score": 68.95864868164062, "time": 0.848421439062804}, "val_accuracy": 88.27}, {"idx": "8300", "arch": "(3, 3, 3, 1, 4, 2)", "zen": {"score": 80.30326843261719, "time": 0.8655172670260072}, "val_accuracy": 88.81}, {"idx": "8301", "arch": "(4, 0, 0, 1, 0, 3)", "zen": {"score": 105.84500122070312, "time": 0.6535705267451704}, "val_accuracy": 83.03}, {"idx": "8302", "arch": "(0, 0, 2, 0, 2, 3)", "zen": {"score": 102.18678283691406, "time": 0.7229626281186938}, "val_accuracy": 88.72}, {"idx": "8303", "arch": "(4, 4, 1, 1, 1, 1)", "zen": {"score": -100000000.0, "time": 0.7335560820065439}, "val_accuracy": 10.0}, {"idx": "8304", "arch": "(0, 1, 3, 4, 3, 3)", "zen": {"score": 59.90416717529297, "time": 0.7886152160353959}, "val_accuracy": 87.23}, {"idx": "8305", "arch": "(2, 3, 2, 2, 1, 1)", "zen": {"score": 92.8620376586914, "time": 0.8554029073566198}, "val_accuracy": 88.75}, {"idx": "8306", "arch": "(1, 4, 4, 0, 2, 2)", "zen": {"score": 50.72136306762695, "time": 0.8672488168813288}, "val_accuracy": 80.2}, {"idx": "8307", "arch": "(0, 2, 0, 4, 4, 1)", "zen": {"score": 119.37937927246094, "time": 0.78661720873788}, "val_accuracy": 77.85}, {"idx": "8308", "arch": "(1, 2, 4, 3, 2, 3)", "zen": {"score": 54.172935485839844, "time": 0.8736402681097388}, "val_accuracy": 88.32}, {"idx": "8309", "arch": "(0, 1, 2, 2, 1, 3)", "zen": {"score": 80.1575698852539, "time": 0.7383483820594847}, "val_accuracy": 89.23}, {"idx": "8310", "arch": "(2, 4, 3, 4, 0, 2)", "zen": {"score": 90.20337677001953, "time": 0.9578850092366338}, "val_accuracy": 89.49}, {"idx": "8311", "arch": "(1, 0, 3, 3, 2, 3)", "zen": {"score": 37.586753845214844, "time": 0.7471673749387264}, "val_accuracy": 85.45}, {"idx": "8312", "arch": "(3, 2, 0, 3, 2, 4)", "zen": {"score": 131.85955810546875, "time": 0.872447257861495}, "val_accuracy": 89.21}, {"idx": "8313", "arch": "(4, 1, 2, 2, 2, 0)", "zen": {"score": 99.8799819946289, "time": 0.8569885180331767}, "val_accuracy": 88.15}, {"idx": "8314", "arch": "(4, 3, 0, 0, 1, 0)", "zen": {"score": 107.1709213256836, "time": 0.6674144440330565}, "val_accuracy": 83.37}, {"idx": "8315", "arch": "(0, 1, 4, 1, 4, 0)", "zen": {"score": 26.526025772094727, "time": 0.71243637194857}, "val_accuracy": 70.64}, {"idx": "8316", "arch": "(4, 4, 0, 0, 4, 4)", "zen": {"score": 47.071434020996094, "time": 0.9095356371253729}, "val_accuracy": 35.39}, {"idx": "8317", "arch": "(3, 2, 4, 0, 3, 1)", "zen": {"score": 78.70581817626953, "time": 0.8051746049895883}, "val_accuracy": 85.92}, {"idx": "8318", "arch": "(4, 2, 1, 4, 2, 1)", "zen": {"score": 57.7261962890625, "time": 0.8859867192804813}, "val_accuracy": 80.68}, {"idx": "8319", "arch": "(4, 3, 2, 3, 3, 4)", "zen": {"score": 94.03334045410156, "time": 0.9668548391200602}, "val_accuracy": 87.67}, {"idx": "8320", "arch": "(3, 3, 3, 1, 0, 4)", "zen": {"score": 56.78969955444336, "time": 0.7927513341419399}, "val_accuracy": 87.18}, {"idx": "8321", "arch": "(4, 1, 1, 3, 1, 1)", "zen": {"score": -100000000.0, "time": 0.7373809074051678}, "val_accuracy": 10.0}, {"idx": "8322", "arch": "(1, 0, 2, 2, 3, 3)", "zen": {"score": 52.11027526855469, "time": 0.788083802908659}, "val_accuracy": 89.3}, {"idx": "8323", "arch": "(0, 1, 1, 4, 1, 0)", "zen": {"score": 8.009587287902832, "time": 0.6162942219525576}, "val_accuracy": 71.39}, {"idx": "8324", "arch": "(3, 0, 1, 0, 2, 4)", "zen": {"score": 64.16685485839844, "time": 0.754935618955642}, "val_accuracy": 86.78}, {"idx": "8325", "arch": "(2, 0, 4, 2, 0, 1)", "zen": {"score": 70.61991119384766, "time": 0.7674451470375061}, "val_accuracy": 86.73}, {"idx": "8326", "arch": "(4, 3, 3, 0, 4, 1)", "zen": {"score": 53.48090362548828, "time": 0.8703111461363733}, "val_accuracy": 83.92}, {"idx": "8327", "arch": "(3, 1, 1, 2, 1, 4)", "zen": {"score": 43.50231170654297, "time": 0.7539601381868124}, "val_accuracy": 83.12}, {"idx": "8328", "arch": "(2, 0, 2, 4, 2, 3)", "zen": {"score": 116.3692398071289, "time": 0.8920596581883729}, "val_accuracy": 89.91}, {"idx": "8329", "arch": "(0, 4, 2, 0, 3, 2)", "zen": {"score": 98.17374420166016, "time": 0.8215691801160574}, "val_accuracy": 89.0}, {"idx": "8330", "arch": "(1, 3, 4, 2, 4, 2)", "zen": {"score": 53.43413543701172, "time": 0.9297210490331054}, "val_accuracy": 87.02}, {"idx": "8331", "arch": "(4, 3, 0, 3, 1, 1)", "zen": {"score": 42.03326416015625, "time": 0.752625904045999}, "val_accuracy": 83.7}, {"idx": "8332", "arch": "(3, 4, 2, 1, 2, 2)", "zen": {"score": 109.45819854736328, "time": 0.9214725540950894}, "val_accuracy": 89.42}, {"idx": "8333", "arch": "(0, 1, 4, 4, 4, 1)", "zen": {"score": 26.927268981933594, "time": 0.8052613427862525}, "val_accuracy": 69.61}, {"idx": "8334", "arch": "(3, 0, 3, 4, 1, 0)", "zen": {"score": 85.16726684570312, "time": 0.7283498458564281}, "val_accuracy": 86.77}, {"idx": "8335", "arch": "(4, 4, 1, 2, 2, 4)", "zen": {"score": 104.36415100097656, "time": 0.960905509069562}, "val_accuracy": 77.11}, {"idx": "8336", "arch": "(2, 2, 0, 0, 1, 2)", "zen": {"score": 134.50477600097656, "time": 0.7572998590767384}, "val_accuracy": 90.65}, {"idx": "8337", "arch": "(3, 4, 1, 4, 1, 3)", "zen": {"score": 34.702598571777344, "time": 0.8372461232356727}, "val_accuracy": 78.88}, {"idx": "8338", "arch": "(2, 3, 4, 1, 1, 4)", "zen": {"score": 80.63085174560547, "time": 0.8547487799078226}, "val_accuracy": 83.22}, {"idx": "8339", "arch": "(1, 4, 0, 2, 3, 3)", "zen": {"score": 41.70457458496094, "time": 0.8187294588424265}, "val_accuracy": 85.2}, {"idx": "8340", "arch": "(1, 2, 3, 1, 2, 2)", "zen": {"score": 77.1200180053711, "time": 0.8338479441590607}, "val_accuracy": 89.49}, {"idx": "8341", "arch": "(2, 4, 0, 1, 0, 1)", "zen": {"score": 60.57619094848633, "time": 0.6987656592391431}, "val_accuracy": 88.45}, {"idx": "8342", "arch": "(2, 3, 4, 0, 2, 0)", "zen": {"score": 107.00214385986328, "time": 0.8202698570676148}, "val_accuracy": 89.28}, {"idx": "8343", "arch": "(0, 1, 4, 4, 0, 3)", "zen": {"score": 109.68968200683594, "time": 0.7660962548106909}, "val_accuracy": 81.28}, {"idx": "8344", "arch": "(0, 4, 2, 3, 2, 3)", "zen": {"score": 106.50419616699219, "time": 0.8792745741084218}, "val_accuracy": 88.44}, {"idx": "8345", "arch": "(3, 2, 0, 2, 4, 2)", "zen": {"score": 145.63772583007812, "time": 0.9023295100778341}, "val_accuracy": 90.97}, {"idx": "8346", "arch": "(3, 4, 4, 0, 1, 1)", "zen": {"score": 17.555574417114258, "time": 0.7756322850473225}, "val_accuracy": 71.78}, {"idx": "8347", "arch": "(4, 4, 2, 2, 3, 4)", "zen": {"score": 136.28111267089844, "time": 1.0688183819875121}, "val_accuracy": 85.26}, {"idx": "8348", "arch": "(2, 2, 4, 2, 2, 1)", "zen": {"score": 132.60353088378906, "time": 0.9514072039164603}, "val_accuracy": 88.52}, {"idx": "8349", "arch": "(1, 0, 4, 4, 1, 3)", "zen": {"score": 34.67339324951172, "time": 0.7741678287275136}, "val_accuracy": 85.61}, {"idx": "8350", "arch": "(3, 3, 4, 4, 2, 1)", "zen": {"score": 77.78109741210938, "time": 0.897904003970325}, "val_accuracy": 87.44}, {"idx": "8351", "arch": "(3, 3, 1, 2, 3, 2)", "zen": {"score": 101.07582092285156, "time": 0.8362156776711345}, "val_accuracy": 88.89}, {"idx": "8352", "arch": "(0, 2, 2, 1, 4, 2)", "zen": {"score": 121.78860473632812, "time": 0.8481735251843929}, "val_accuracy": 89.04}, {"idx": "8353", "arch": "(1, 2, 2, 0, 3, 2)", "zen": {"score": 92.57877349853516, "time": 0.8167871120385826}, "val_accuracy": 89.47}, {"idx": "8354", "arch": "(1, 4, 4, 4, 4, 2)", "zen": {"score": 54.43400573730469, "time": 1.0221314202062786}, "val_accuracy": 79.16}, {"idx": "8355", "arch": "(0, 2, 4, 4, 3, 1)", "zen": {"score": 73.6898422241211, "time": 0.8400634117424488}, "val_accuracy": 84.63}, {"idx": "8356", "arch": "(3, 0, 2, 2, 1, 2)", "zen": {"score": 110.63667297363281, "time": 0.8068102048709989}, "val_accuracy": 89.27}, {"idx": "8357", "arch": "(4, 3, 3, 3, 0, 4)", "zen": {"score": 118.3061752319336, "time": 0.8813136778771877}, "val_accuracy": 85.76}, {"idx": "8358", "arch": "(4, 2, 2, 0, 1, 4)", "zen": {"score": 97.3463363647461, "time": 0.881184222176671}, "val_accuracy": 85.84}, {"idx": "8359", "arch": "(3, 2, 0, 1, 0, 0)", "zen": {"score": 99.64722442626953, "time": 0.6583693218417466}, "val_accuracy": 88.93}, {"idx": "8360", "arch": "(1, 3, 3, 0, 1, 4)", "zen": {"score": 36.6342887878418, "time": 0.7343729333952069}, "val_accuracy": 86.17}, {"idx": "8361", "arch": "(1, 3, 2, 3, 3, 4)", "zen": {"score": 46.95444869995117, "time": 0.8527289717458189}, "val_accuracy": 88.24}, {"idx": "8362", "arch": "(4, 3, 3, 2, 1, 0)", "zen": {"score": 72.07412719726562, "time": 0.8474534000270069}, "val_accuracy": 87.7}, {"idx": "8363", "arch": "(0, 3, 4, 1, 2, 4)", "zen": {"score": 82.47923278808594, "time": 0.8559009488672018}, "val_accuracy": 86.61}, {"idx": "8364", "arch": "(2, 1, 2, 1, 2, 3)", "zen": {"score": 92.17269897460938, "time": 0.8126096418127418}, "val_accuracy": 89.59}, {"idx": "8365", "arch": "(1, 4, 1, 0, 2, 2)", "zen": {"score": 30.697751998901367, "time": 0.7770385127514601}, "val_accuracy": 80.02}, {"idx": "8366", "arch": "(3, 0, 4, 4, 4, 2)", "zen": {"score": 86.76556396484375, "time": 0.9419822227209806}, "val_accuracy": 87.31}, {"idx": "8367", "arch": "(4, 4, 3, 4, 0, 0)", "zen": {"score": 150.33615112304688, "time": 0.85796037921682}, "val_accuracy": 73.6}, {"idx": "8368", "arch": "(2, 0, 2, 3, 4, 1)", "zen": {"score": 73.12831115722656, "time": 0.8364867777563632}, "val_accuracy": 88.69}, {"idx": "8369", "arch": "(2, 0, 0, 3, 2, 0)", "zen": {"score": 173.04293823242188, "time": 0.7343373019248247}, "val_accuracy": 87.01}, {"idx": "8370", "arch": "(2, 4, 0, 4, 0, 2)", "zen": {"score": 114.28575134277344, "time": 0.8826400632970035}, "val_accuracy": 89.0}, {"idx": "8371", "arch": "(1, 3, 0, 0, 1, 4)", "zen": {"score": 44.09696578979492, "time": 0.6545319883152843}, "val_accuracy": 87.15}, {"idx": "8372", "arch": "(4, 3, 2, 2, 1, 4)", "zen": {"score": 84.5086669921875, "time": 0.924183351919055}, "val_accuracy": 87.78}, {"idx": "8373", "arch": "(3, 3, 1, 1, 0, 0)", "zen": {"score": 41.054176330566406, "time": 0.6047497638501227}, "val_accuracy": 86.15}, {"idx": "8374", "arch": "(3, 4, 4, 3, 1, 2)", "zen": {"score": 84.51322174072266, "time": 0.8953315722756088}, "val_accuracy": 86.38}, {"idx": "8375", "arch": "(4, 2, 4, 4, 0, 0)", "zen": {"score": 166.1890869140625, "time": 0.881400054320693}, "val_accuracy": 73.39}, {"idx": "8376", "arch": "(2, 2, 1, 2, 0, 0)", "zen": {"score": 99.44984436035156, "time": 0.7365418658591807}, "val_accuracy": 89.38}, {"idx": "8377", "arch": "(4, 3, 2, 1, 2, 0)", "zen": {"score": 86.883056640625, "time": 0.8323220829479396}, "val_accuracy": 88.75}, {"idx": "8378", "arch": "(2, 4, 0, 3, 4, 3)", "zen": {"score": 103.3542251586914, "time": 0.9466990600340068}, "val_accuracy": 88.97}, {"idx": "8379", "arch": "(2, 4, 3, 0, 0, 0)", "zen": {"score": 94.91895294189453, "time": 0.756865612231195}, "val_accuracy": 87.46}, {"idx": "8380", "arch": "(3, 4, 3, 2, 1, 2)", "zen": {"score": 92.20941162109375, "time": 0.8837984469719231}, "val_accuracy": 89.21}, {"idx": "8381", "arch": "(4, 0, 0, 1, 3, 4)", "zen": {"score": 109.20549774169922, "time": 0.7711031981743872}, "val_accuracy": 81.82}, {"idx": "8382", "arch": "(1, 2, 0, 0, 4, 4)", "zen": {"score": 57.97682189941406, "time": 0.788127840962261}, "val_accuracy": 87.96}, {"idx": "8383", "arch": "(0, 2, 2, 4, 4, 3)", "zen": {"score": 128.42233276367188, "time": 0.9305152310989797}, "val_accuracy": 87.35}, {"idx": "8384", "arch": "(1, 4, 2, 0, 3, 2)", "zen": {"score": 64.43380737304688, "time": 0.8350278176367283}, "val_accuracy": 88.31}, {"idx": "8385", "arch": "(2, 1, 3, 0, 0, 4)", "zen": {"score": 63.44645309448242, "time": 0.8113540029153228}, "val_accuracy": 88.17}, {"idx": "8386", "arch": "(4, 0, 0, 0, 4, 0)", "zen": {"score": 47.840579986572266, "time": 0.702656424138695}, "val_accuracy": 34.67}, {"idx": "8387", "arch": "(1, 3, 0, 3, 1, 1)", "zen": {"score": 30.232873916625977, "time": 0.622307235840708}, "val_accuracy": 83.99}, {"idx": "8388", "arch": "(2, 2, 1, 1, 4, 1)", "zen": {"score": 54.001548767089844, "time": 0.7833623727783561}, "val_accuracy": 84.62}, {"idx": "8389", "arch": "(3, 2, 4, 3, 1, 3)", "zen": {"score": 90.21575164794922, "time": 0.841746827121824}, "val_accuracy": 88.49}, {"idx": "8390", "arch": "(4, 1, 3, 4, 2, 1)", "zen": {"score": 50.889400482177734, "time": 0.848583416081965}, "val_accuracy": 87.56}, {"idx": "8391", "arch": "(3, 4, 0, 2, 1, 2)", "zen": {"score": 114.00885772705078, "time": 0.8129720697179437}, "val_accuracy": 89.61}, {"idx": "8392", "arch": "(1, 2, 1, 1, 1, 3)", "zen": {"score": 46.852195739746094, "time": 0.6974677592515945}, "val_accuracy": 87.06}, {"idx": "8393", "arch": "(2, 3, 1, 3, 3, 1)", "zen": {"score": 65.73638153076172, "time": 0.7556585432030261}, "val_accuracy": 86.68}, {"idx": "8394", "arch": "(1, 1, 3, 3, 3, 4)", "zen": {"score": 19.531455993652344, "time": 0.7892127819359303}, "val_accuracy": 86.21}, {"idx": "8395", "arch": "(4, 3, 4, 4, 3, 2)", "zen": {"score": 123.150146484375, "time": 1.0034763989970088}, "val_accuracy": 86.43}, {"idx": "8396", "arch": "(2, 2, 0, 4, 3, 2)", "zen": {"score": 150.61978149414062, "time": 0.8955142991617322}, "val_accuracy": 91.27}, {"idx": "8397", "arch": "(3, 1, 2, 1, 1, 2)", "zen": {"score": 44.663543701171875, "time": 0.7464463487267494}, "val_accuracy": 88.97}, {"idx": "8398", "arch": "(0, 3, 3, 4, 1, 2)", "zen": {"score": 68.9814224243164, "time": 0.802585591096431}, "val_accuracy": 88.23}, {"idx": "8399", "arch": "(0, 2, 4, 0, 0, 4)", "zen": {"score": 172.56939697265625, "time": 0.7783847143873572}, "val_accuracy": 72.66}, {"idx": "8400", "arch": "(3, 3, 4, 1, 4, 1)", "zen": {"score": 64.42910766601562, "time": 0.8249518391676247}, "val_accuracy": 82.13}, {"idx": "8401", "arch": "(0, 4, 1, 1, 3, 2)", "zen": {"score": 50.844337463378906, "time": 0.7503777169622481}, "val_accuracy": 87.73}, {"idx": "8402", "arch": "(0, 2, 0, 3, 4, 0)", "zen": {"score": 201.2593994140625, "time": 0.7493028738535941}, "val_accuracy": 84.5}, {"idx": "8403", "arch": "(4, 0, 0, 0, 0, 2)", "zen": {"score": 130.06564331054688, "time": 0.6985139446333051}, "val_accuracy": 84.54}, {"idx": "8404", "arch": "(4, 4, 1, 0, 1, 0)", "zen": {"score": 26.71103286743164, "time": 0.7155443648807704}, "val_accuracy": 70.52}, {"idx": "8405", "arch": "(0, 1, 2, 1, 1, 2)", "zen": {"score": 34.8544807434082, "time": 0.7002059589140117}, "val_accuracy": 88.55}, {"idx": "8406", "arch": "(2, 4, 3, 3, 0, 1)", "zen": {"score": 64.0322265625, "time": 0.8043748210184276}, "val_accuracy": 88.75}, {"idx": "8407", "arch": "(2, 0, 0, 4, 3, 3)", "zen": {"score": 110.26030731201172, "time": 0.7933273599483073}, "val_accuracy": 90.39}, {"idx": "8408", "arch": "(1, 0, 2, 1, 2, 2)", "zen": {"score": 68.760498046875, "time": 0.7628769059665501}, "val_accuracy": 88.8}, {"idx": "8409", "arch": "(4, 4, 2, 1, 1, 4)", "zen": {"score": 48.002037048339844, "time": 0.8941760426387191}, "val_accuracy": 86.32}, {"idx": "8410", "arch": "(3, 4, 2, 4, 0, 4)", "zen": {"score": 96.14156341552734, "time": 0.9396884720772505}, "val_accuracy": 85.99}, {"idx": "8411", "arch": "(4, 3, 4, 3, 0, 0)", "zen": {"score": 188.88290405273438, "time": 0.8183049908839166}, "val_accuracy": 81.21}, {"idx": "8412", "arch": "(4, 1, 0, 0, 4, 0)", "zen": {"score": 38.91215896606445, "time": 0.7072357530705631}, "val_accuracy": 56.51}, {"idx": "8413", "arch": "(3, 2, 3, 0, 2, 1)", "zen": {"score": 92.72803497314453, "time": 0.8019627798348665}, "val_accuracy": 89.06}, {"idx": "8414", "arch": "(2, 0, 1, 1, 4, 0)", "zen": {"score": 59.808589935302734, "time": 0.7086750343441963}, "val_accuracy": 87.79}, {"idx": "8415", "arch": "(0, 3, 1, 1, 0, 2)", "zen": {"score": 67.87818145751953, "time": 0.7010262771509588}, "val_accuracy": 90.01}, {"idx": "8416", "arch": "(3, 0, 3, 2, 4, 3)", "zen": {"score": 82.49365997314453, "time": 0.857202691026032}, "val_accuracy": 88.75}, {"idx": "8417", "arch": "(0, 0, 2, 2, 1, 3)", "zen": {"score": 87.37026977539062, "time": 0.7227122951298952}, "val_accuracy": 89.4}, {"idx": "8418", "arch": "(4, 1, 0, 0, 3, 4)", "zen": {"score": 106.94090270996094, "time": 0.7652707011438906}, "val_accuracy": 76.4}, {"idx": "8419", "arch": "(2, 2, 3, 0, 3, 4)", "zen": {"score": 100.0293197631836, "time": 0.8746454636566341}, "val_accuracy": 89.01}, {"idx": "8420", "arch": "(1, 3, 1, 1, 0, 4)", "zen": {"score": 19.928237915039062, "time": 0.6762619218789041}, "val_accuracy": 81.95}, {"idx": "8421", "arch": "(4, 1, 3, 0, 0, 0)", "zen": {"score": 103.92748260498047, "time": 0.6451065232977271}, "val_accuracy": 83.17}, {"idx": "8422", "arch": "(1, 3, 3, 4, 3, 4)", "zen": {"score": 33.9193229675293, "time": 0.8703564978204668}, "val_accuracy": 86.38}, {"idx": "8423", "arch": "(0, 1, 2, 4, 0, 3)", "zen": {"score": 100.91133880615234, "time": 0.7255652658641338}, "val_accuracy": 89.13}, {"idx": "8424", "arch": "(3, 0, 4, 3, 1, 2)", "zen": {"score": 88.2101821899414, "time": 0.8021663702093065}, "val_accuracy": 87.34}, {"idx": "8425", "arch": "(2, 0, 4, 1, 0, 0)", "zen": {"score": 120.64746856689453, "time": 0.6938492669723928}, "val_accuracy": 84.33}, {"idx": "8426", "arch": "(4, 0, 0, 3, 0, 3)", "zen": {"score": 185.02296447753906, "time": 0.7690214482136071}, "val_accuracy": 83.14}, {"idx": "8427", "arch": "(1, 3, 3, 3, 4, 0)", "zen": {"score": 39.66313171386719, "time": 0.7892641769722104}, "val_accuracy": 85.34}, {"idx": "8428", "arch": "(1, 1, 2, 2, 4, 2)", "zen": {"score": 33.124996185302734, "time": 0.8730317088775337}, "val_accuracy": 88.37}, {"idx": "8429", "arch": "(1, 1, 0, 2, 2, 1)", "zen": {"score": 8.483774185180664, "time": 0.6987248780205846}, "val_accuracy": 83.95}, {"idx": "8430", "arch": "(4, 0, 3, 3, 3, 0)", "zen": {"score": 130.0497283935547, "time": 0.7709144451655447}, "val_accuracy": 86.73}, {"idx": "8431", "arch": "(0, 0, 1, 1, 2, 3)", "zen": {"score": 55.50883865356445, "time": 0.65230429219082}, "val_accuracy": 88.68}, {"idx": "8432", "arch": "(1, 3, 4, 1, 4, 1)", "zen": {"score": 17.439655303955078, "time": 0.7740993467159569}, "val_accuracy": 71.35}, {"idx": "8433", "arch": "(1, 3, 2, 1, 2, 0)", "zen": {"score": 53.539031982421875, "time": 0.7321512759663165}, "val_accuracy": 88.8}, {"idx": "8434", "arch": "(3, 4, 2, 0, 2, 1)", "zen": {"score": 78.78399658203125, "time": 0.8212610799819231}, "val_accuracy": 89.25}, {"idx": "8435", "arch": "(1, 0, 0, 1, 3, 4)", "zen": {"score": 26.254812240600586, "time": 0.6584586650133133}, "val_accuracy": 76.24}, {"idx": "8436", "arch": "(3, 4, 0, 1, 3, 0)", "zen": {"score": 115.56647491455078, "time": 0.7234832802787423}, "val_accuracy": 85.09}, {"idx": "8437", "arch": "(2, 2, 2, 2, 3, 1)", "zen": {"score": 130.71823120117188, "time": 0.8967514638788998}, "val_accuracy": 89.07}, {"idx": "8438", "arch": "(1, 0, 2, 4, 2, 3)", "zen": {"score": 53.833595275878906, "time": 0.8360547940246761}, "val_accuracy": 88.59}, {"idx": "8439", "arch": "(0, 2, 1, 2, 1, 3)", "zen": {"score": 75.25914764404297, "time": 0.785659521818161}, "val_accuracy": 87.33}, {"idx": "8440", "arch": "(0, 3, 0, 2, 4, 0)", "zen": {"score": 211.5853729248047, "time": 0.741624727845192}, "val_accuracy": 83.77}, {"idx": "8441", "arch": "(4, 0, 2, 2, 4, 0)", "zen": {"score": 222.10899353027344, "time": 0.8759287856519222}, "val_accuracy": 83.82}, {"idx": "8442", "arch": "(3, 2, 3, 3, 2, 2)", "zen": {"score": 137.54550170898438, "time": 0.9171088580042124}, "val_accuracy": 89.78}, {"idx": "8443", "arch": "(1, 3, 1, 4, 1, 1)", "zen": {"score": -100000000.0, "time": 0.696088005322963}, "val_accuracy": 10.0}, {"idx": "8444", "arch": "(2, 3, 0, 1, 0, 1)", "zen": {"score": 91.64832305908203, "time": 0.6414845120161772}, "val_accuracy": 89.1}, {"idx": "8445", "arch": "(4, 2, 0, 0, 2, 4)", "zen": {"score": 218.9563751220703, "time": 0.8647046037949622}, "val_accuracy": 82.43}, {"idx": "8446", "arch": "(3, 0, 1, 2, 2, 4)", "zen": {"score": 83.99189758300781, "time": 0.8299668822437525}, "val_accuracy": 86.67}, {"idx": "8447", "arch": "(2, 0, 4, 4, 0, 1)", "zen": {"score": 48.35624694824219, "time": 0.787103627808392}, "val_accuracy": 87.35}, {"idx": "8448", "arch": "(0, 4, 2, 2, 2, 2)", "zen": {"score": 136.76251220703125, "time": 0.9406365943141282}, "val_accuracy": 89.27}, {"idx": "8449", "arch": "(2, 2, 4, 2, 1, 4)", "zen": {"score": 125.3831558227539, "time": 0.9446928990073502}, "val_accuracy": 87.25}, {"idx": "8450", "arch": "(0, 0, 3, 0, 1, 2)", "zen": {"score": 66.1283187866211, "time": 0.64854446798563}, "val_accuracy": 89.31}, {"idx": "8451", "arch": "(0, 3, 2, 1, 3, 4)", "zen": {"score": 72.62165832519531, "time": 0.789918873924762}, "val_accuracy": 88.15}, {"idx": "8452", "arch": "(1, 1, 4, 4, 3, 4)", "zen": {"score": 6.574245452880859, "time": 0.872299506329}, "val_accuracy": 71.05}, {"idx": "8453", "arch": "(0, 3, 3, 1, 4, 2)", "zen": {"score": 86.4674301147461, "time": 0.8099543647840619}, "val_accuracy": 88.36}, {"idx": "8454", "arch": "(2, 4, 1, 2, 4, 1)", "zen": {"score": 54.746498107910156, "time": 0.8732744702138007}, "val_accuracy": 84.9}, {"idx": "8455", "arch": "(0, 1, 3, 2, 0, 2)", "zen": {"score": 125.48651123046875, "time": 0.7266509677283466}, "val_accuracy": 90.38}, {"idx": "8456", "arch": "(0, 4, 1, 0, 0, 2)", "zen": {"score": 67.46209716796875, "time": 0.6947415238246322}, "val_accuracy": 88.05}, {"idx": "8457", "arch": "(2, 2, 4, 1, 2, 0)", "zen": {"score": 117.1715316772461, "time": 0.862486488185823}, "val_accuracy": 89.46}, {"idx": "8458", "arch": "(1, 0, 4, 3, 1, 2)", "zen": {"score": 44.843814849853516, "time": 0.764668595045805}, "val_accuracy": 87.46}, {"idx": "8459", "arch": "(1, 0, 0, 4, 0, 0)", "zen": {"score": 31.78246307373047, "time": 0.6152462982572615}, "val_accuracy": 81.74}, {"idx": "8460", "arch": "(1, 3, 4, 4, 4, 2)", "zen": {"score": 55.949256896972656, "time": 0.9543110649101436}, "val_accuracy": 87.32}, {"idx": "8461", "arch": "(3, 3, 1, 1, 3, 1)", "zen": {"score": 42.58244323730469, "time": 0.6916377898305655}, "val_accuracy": 84.2}, {"idx": "8462", "arch": "(0, 2, 2, 0, 4, 1)", "zen": {"score": 85.2314224243164, "time": 0.7741109291091561}, "val_accuracy": 86.81}, {"idx": "8463", "arch": "(0, 2, 4, 3, 3, 0)", "zen": {"score": 120.6398696899414, "time": 0.7823737859725952}, "val_accuracy": 87.31}, {"idx": "8464", "arch": "(2, 1, 2, 0, 1, 2)", "zen": {"score": 93.59640502929688, "time": 0.762374113779515}, "val_accuracy": 89.08}, {"idx": "8465", "arch": "(0, 1, 3, 1, 4, 3)", "zen": {"score": 32.71441650390625, "time": 0.7272281441837549}, "val_accuracy": 85.01}, {"idx": "8466", "arch": "(1, 1, 0, 3, 3, 4)", "zen": {"score": 8.416108131408691, "time": 0.7227814272046089}, "val_accuracy": 84.25}, {"idx": "8467", "arch": "(1, 4, 1, 1, 4, 4)", "zen": {"score": 7.973060607910156, "time": 0.8577298223972321}, "val_accuracy": 63.63}, {"idx": "8468", "arch": "(3, 4, 3, 2, 4, 3)", "zen": {"score": 80.609619140625, "time": 0.9436637340113521}, "val_accuracy": 88.47}, {"idx": "8469", "arch": "(1, 2, 4, 0, 3, 3)", "zen": {"score": 55.97869110107422, "time": 0.7923435592092574}, "val_accuracy": 88.52}, {"idx": "8470", "arch": "(0, 1, 0, 1, 1, 0)", "zen": {"score": 11.614862442016602, "time": 0.5047194710932672}, "val_accuracy": 83.83}, {"idx": "8471", "arch": "(1, 3, 0, 3, 4, 2)", "zen": {"score": 65.74543762207031, "time": 0.8166404599323869}, "val_accuracy": 89.5}, {"idx": "8472", "arch": "(1, 1, 1, 4, 0, 3)", "zen": {"score": -100000000.0, "time": 0.6872717221267521}, "val_accuracy": 10.0}, {"idx": "8473", "arch": "(3, 4, 4, 2, 0, 1)", "zen": {"score": 56.34755325317383, "time": 0.8444416681304574}, "val_accuracy": 84.8}, {"idx": "8474", "arch": "(1, 1, 2, 4, 1, 1)", "zen": {"score": 36.419002532958984, "time": 0.7101262132637203}, "val_accuracy": 88.59}, {"idx": "8475", "arch": "(0, 1, 0, 1, 0, 4)", "zen": {"score": 31.7486572265625, "time": 0.6164167639799416}, "val_accuracy": 82.5}, {"idx": "8476", "arch": "(0, 4, 0, 2, 3, 4)", "zen": {"score": 196.795166015625, "time": 0.8365266062319279}, "val_accuracy": 83.28}, {"idx": "8477", "arch": "(3, 2, 2, 2, 3, 0)", "zen": {"score": 131.02325439453125, "time": 0.8599385432898998}, "val_accuracy": 89.31}, {"idx": "8478", "arch": "(0, 0, 3, 3, 1, 3)", "zen": {"score": 58.55931091308594, "time": 0.6705296779982746}, "val_accuracy": 86.44}, {"idx": "8479", "arch": "(1, 1, 1, 3, 4, 4)", "zen": {"score": -100000000.0, "time": 0.7804774176329374}, "val_accuracy": 10.0}, {"idx": "8480", "arch": "(2, 2, 4, 4, 2, 1)", "zen": {"score": 110.46969604492188, "time": 1.0072715282440186}, "val_accuracy": 88.49}, {"idx": "8481", "arch": "(3, 1, 4, 0, 3, 4)", "zen": {"score": 50.544891357421875, "time": 0.8219932606443763}, "val_accuracy": 85.8}, {"idx": "8482", "arch": "(3, 1, 0, 1, 2, 2)", "zen": {"score": 65.86087799072266, "time": 0.7339905691333115}, "val_accuracy": 89.56}, {"idx": "8483", "arch": "(4, 1, 3, 4, 1, 4)", "zen": {"score": 34.021366119384766, "time": 0.871707899030298}, "val_accuracy": 84.0}, {"idx": "8484", "arch": "(3, 4, 3, 1, 1, 1)", "zen": {"score": 33.20267105102539, "time": 0.721345417201519}, "val_accuracy": 86.22}, {"idx": "8485", "arch": "(1, 2, 1, 0, 0, 2)", "zen": {"score": 60.561832427978516, "time": 0.6612754040397704}, "val_accuracy": 85.79}, {"idx": "8486", "arch": "(0, 2, 2, 3, 4, 2)", "zen": {"score": 149.01353454589844, "time": 0.8941882089711726}, "val_accuracy": 89.17}, {"idx": "8487", "arch": "(4, 3, 1, 3, 0, 0)", "zen": {"score": 75.59870910644531, "time": 0.7155326241627336}, "val_accuracy": 84.7}, {"idx": "8488", "arch": "(2, 4, 3, 1, 3, 4)", "zen": {"score": 87.6156997680664, "time": 0.9088691417127848}, "val_accuracy": 87.35}, {"idx": "8489", "arch": "(2, 2, 1, 0, 4, 0)", "zen": {"score": 77.65260314941406, "time": 0.778226250782609}, "val_accuracy": 88.06}, {"idx": "8490", "arch": "(3, 2, 1, 0, 2, 3)", "zen": {"score": 92.29788970947266, "time": 0.7817171816714108}, "val_accuracy": 88.53}, {"idx": "8491", "arch": "(1, 2, 4, 3, 3, 4)", "zen": {"score": 50.16484451293945, "time": 0.9048107070848346}, "val_accuracy": 84.34}, {"idx": "8492", "arch": "(3, 3, 3, 0, 2, 4)", "zen": {"score": 83.03843688964844, "time": 0.8620836418122053}, "val_accuracy": 87.81}, {"idx": "8493", "arch": "(1, 4, 3, 4, 2, 2)", "zen": {"score": 48.34433364868164, "time": 0.9595755469053984}, "val_accuracy": 87.9}, {"idx": "8494", "arch": "(4, 2, 2, 2, 1, 4)", "zen": {"score": 100.6004638671875, "time": 0.9627932976000011}, "val_accuracy": 87.43}, {"idx": "8495", "arch": "(2, 3, 1, 2, 3, 0)", "zen": {"score": 93.2500991821289, "time": 0.7779398686252534}, "val_accuracy": 89.6}, {"idx": "8496", "arch": "(0, 1, 0, 4, 1, 1)", "zen": {"score": 11.617828369140625, "time": 0.6068874238990247}, "val_accuracy": 83.86}, {"idx": "8497", "arch": "(4, 3, 2, 4, 0, 4)", "zen": {"score": 192.43527221679688, "time": 0.9350456572137773}, "val_accuracy": 82.62}, {"idx": "8498", "arch": "(2, 4, 4, 2, 0, 3)", "zen": {"score": 104.83341217041016, "time": 0.9290588400326669}, "val_accuracy": 87.99}, {"idx": "8499", "arch": "(0, 3, 2, 3, 0, 3)", "zen": {"score": 150.90919494628906, "time": 0.7652314207516611}, "val_accuracy": 89.48}]