[{"idx": "3000", "arch": "(((0, 4), (1, 1), (1, 3), (2, 2), (1, 3), (3, 3), (0, 5), (1, 3)), ((0, 2), (1, 2), (0, 0), (2, 1), (1, 2), (3, 0), (0, 6), (4, 1)))", "zen": {"score": 173.93565368652344, "time": 1.4954875158146024}}, {"idx": "3001", "arch": "(((0, 2), (1, 2), (0, 4), (2, 5), (1, 6), (2, 2), (1, 3), (4, 3)), ((0, 6), (1, 3), (0, 4), (2, 3), (2, 3), (3, 4), (0, 1), (2, 4)))", "zen": {"score": 196.67172241210938, "time": 1.2797676711343229}}, {"idx": "3002", "arch": "(((0, 1), (1, 3), (1, 3), (2, 4), (0, 3), (2, 5), (0, 5), (1, 0)), ((0, 0), (1, 6), (0, 2), (1, 0), (2, 3), (3, 4), (1, 6), (3, 0)))", "zen": {"score": 183.95343017578125, "time": 1.487830865662545}}, {"idx": "3003", "arch": "(((0, 3), (1, 6), (1, 1), (2, 4), (1, 2), (2, 2), (1, 3), (4, 2)), ((0, 2), (1, 6), (1, 1), (2, 5), (0, 4), (1, 3), (1, 3), (3, 5)))", "zen": {"score": 163.2509307861328, "time": 1.29937149817124}}, {"idx": "3004", "arch": "(((0, 0), (1, 4), (1, 1), (2, 2), (0, 4), (2, 3), (2, 5), (3, 5)), ((0, 0), (1, 1), (0, 0), (2, 4), (0, 1), (3, 0), (2, 0), (4, 4)))", "zen": {"score": 162.8553924560547, "time": 1.4665279570035636}}, {"idx": "3005", "arch": "(((0, 2), (1, 1), (1, 2), (2, 5), (1, 2), (2, 6), (1, 1), (4, 4)), ((0, 5), (1, 2), (1, 5), (2, 2), (1, 3), (2, 4), (0, 5), (3, 1)))", "zen": {"score": 122.74613189697266, "time": 1.22014816198498}}, {"idx": "3006", "arch": "(((0, 2), (1, 5), (0, 0), (2, 3), (1, 1), (2, 1), (0, 5), (1, 5)), ((0, 2), (1, 2), (0, 3), (1, 1), (1, 6), (2, 5), (0, 1), (4, 3)))", "zen": {"score": 118.3136215209961, "time": 1.3349295379593968}}, {"idx": "3007", "arch": "(((0, 1), (1, 5), (0, 0), (1, 0), (0, 4), (2, 1), (0, 6), (4, 2)), ((0, 4), (1, 6), (0, 0), (1, 3), (1, 6), (3, 4), (1, 6), (2, 6)))", "zen": {"score": 133.69915771484375, "time": 1.4044346548616886}}, {"idx": "3008", "arch": "(((0, 0), (1, 1), (0, 2), (1, 0), (1, 0), (3, 2), (1, 2), (3, 1)), ((0, 4), (1, 1), (0, 4), (1, 3), (2, 1), (3, 6), (0, 0), (3, 1)))", "zen": {"score": 68.5297622680664, "time": 1.4033904550597072}}, {"idx": "3009", "arch": "(((0, 0), (1, 5), (0, 0), (1, 5), (0, 2), (3, 4), (1, 1), (2, 5)), ((0, 0), (1, 2), (0, 2), (1, 2), (0, 0), (2, 0), (1, 5), (3, 6)))", "zen": {"score": 113.43878173828125, "time": 1.393838909920305}}, {"idx": "3010", "arch": "(((0, 5), (1, 3), (1, 5), (2, 6), (0, 6), (3, 2), (0, 4), (2, 1)), ((0, 0), (1, 4), (0, 1), (1, 5), (0, 0), (3, 3), (1, 1), (2, 3)))", "zen": {"score": 164.6840362548828, "time": 1.2686193161644042}}, {"idx": "3011", "arch": "(((0, 4), (1, 4), (0, 6), (2, 3), (1, 5), (3, 5), (0, 2), (2, 2)), ((0, 6), (1, 6), (0, 4), (1, 0), (2, 0), (3, 3), (2, 1), (4, 6)))", "zen": {"score": 185.11497497558594, "time": 1.2550643449649215}}, {"idx": "3012", "arch": "(((0, 1), (1, 3), (0, 4), (2, 3), (1, 2), (3, 5), (0, 6), (1, 0)), ((0, 0), (1, 4), (0, 5), (2, 4), (0, 5), (3, 1), (1, 3), (4, 1)))", "zen": {"score": 169.7512664794922, "time": 1.3658848479390144}}, {"idx": "3013", "arch": "(((0, 6), (1, 2), (1, 5), (2, 0), (0, 4), (3, 0), (0, 6), (2, 0)), ((0, 4), (1, 5), (1, 2), (2, 4), (1, 3), (2, 0), (1, 3), (3, 0)))", "zen": {"score": 143.289306640625, "time": 1.5097523271106184}}, {"idx": "3014", "arch": "(((0, 0), (1, 5), (1, 1), (2, 0), (1, 6), (2, 1), (2, 6), (4, 4)), ((0, 3), (1, 3), (1, 4), (2, 0), (0, 0), (2, 6), (1, 1), (4, 2)))", "zen": {"score": 135.6750946044922, "time": 1.4400495700538158}}, {"idx": "3015", "arch": "(((0, 2), (1, 4), (1, 1), (2, 4), (0, 5), (1, 1), (2, 2), (3, 2)), ((0, 2), (1, 4), (1, 4), (2, 3), (2, 5), (3, 4), (0, 2), (3, 0)))", "zen": {"score": 150.26947021484375, "time": 1.2380634997971356}}, {"idx": "3016", "arch": "(((0, 0), (1, 4), (0, 4), (2, 6), (0, 3), (2, 4), (0, 4), (3, 2)), ((0, 4), (1, 2), (0, 0), (1, 3), (0, 1), (3, 2), (0, 5), (2, 4)))", "zen": {"score": 220.1248321533203, "time": 1.4733818201348186}}, {"idx": "3017", "arch": "(((0, 0), (1, 4), (1, 6), (2, 6), (0, 3), (2, 1), (2, 4), (4, 2)), ((0, 4), (1, 4), (0, 4), (2, 0), (1, 2), (2, 4), (0, 0), (2, 2)))", "zen": {"score": 186.6230010986328, "time": 1.3877007612027228}}, {"idx": "3018", "arch": "(((0, 3), (1, 3), (0, 0), (1, 2), (1, 4), (3, 3), (2, 2), (3, 1)), ((0, 4), (1, 4), (0, 3), (2, 1), (2, 5), (3, 0), (1, 5), (3, 1)))", "zen": {"score": 166.74053955078125, "time": 1.392186488956213}}, {"idx": "3019", "arch": "(((0, 1), (1, 5), (1, 2), (2, 2), (0, 3), (1, 3), (1, 5), (4, 3)), ((0, 4), (1, 1), (0, 2), (2, 5), (0, 1), (3, 4), (1, 4), (2, 5)))", "zen": {"score": 164.1637420654297, "time": 1.2784568909555674}}, {"idx": "3020", "arch": "(((0, 3), (1, 5), (0, 5), (1, 3), (2, 5), (3, 6), (2, 2), (4, 3)), ((0, 5), (1, 5), (0, 3), (1, 3), (2, 1), (3, 3), (2, 6), (4, 0)))", "zen": {"score": 189.9093780517578, "time": 1.2608778406865895}}, {"idx": "3021", "arch": "(((0, 1), (1, 1), (0, 3), (2, 3), (0, 2), (1, 4), (0, 1), (2, 2)), ((0, 3), (1, 0), (1, 6), (2, 1), (0, 6), (1, 5), (1, 5), (4, 1)))", "zen": {"score": 131.64808654785156, "time": 1.2990742647089064}}, {"idx": "3022", "arch": "(((0, 1), (1, 1), (1, 0), (2, 4), (1, 2), (2, 0), (1, 2), (4, 2)), ((0, 0), (1, 6), (1, 1), (2, 6), (1, 5), (2, 4), (2, 0), (3, 6)))", "zen": {"score": 95.4278793334961, "time": 1.3558734529651701}}, {"idx": "3023", "arch": "(((0, 0), (1, 6), (0, 0), (1, 4), (1, 5), (2, 5), (0, 0), (1, 0)), ((0, 5), (1, 3), (1, 1), (2, 3), (0, 6), (2, 2), (1, 5), (4, 5)))", "zen": {"score": 133.40951538085938, "time": 1.5002854457125068}}, {"idx": "3024", "arch": "(((0, 2), (1, 6), (0, 2), (2, 1), (0, 5), (3, 3), (1, 3), (4, 4)), ((0, 1), (1, 5), (0, 4), (1, 2), (1, 6), (2, 5), (2, 5), (4, 5)))", "zen": {"score": 167.33311462402344, "time": 1.2622368992306292}}, {"idx": "3025", "arch": "(((0, 6), (1, 2), (0, 2), (1, 2), (1, 5), (2, 4), (1, 0), (4, 1)), ((0, 6), (1, 6), (0, 5), (1, 3), (0, 6), (1, 5), (3, 5), (4, 5)))", "zen": {"score": 126.84098815917969, "time": 1.262083692010492}}, {"idx": "3026", "arch": "(((0, 2), (1, 6), (0, 4), (1, 2), (0, 0), (2, 0), (0, 5), (3, 0)), ((0, 5), (1, 4), (0, 6), (2, 2), (1, 0), (2, 4), (3, 5), (4, 0)))", "zen": {"score": 121.72764587402344, "time": 1.4111706051044166}}, {"idx": "3027", "arch": "(((0, 0), (1, 2), (1, 4), (2, 2), (0, 3), (2, 1), (0, 0), (4, 5)), ((0, 6), (1, 4), (0, 1), (1, 4), (0, 2), (3, 6), (2, 3), (4, 6)))", "zen": {"score": 142.75946044921875, "time": 1.3692007106728852}}, {"idx": "3028", "arch": "(((0, 6), (1, 5), (0, 2), (2, 6), (2, 1), (3, 5), (1, 2), (2, 3)), ((0, 5), (1, 6), (0, 4), (2, 5), (0, 1), (3, 4), (0, 2), (1, 1)))", "zen": {"score": 144.62989807128906, "time": 1.1790971620939672}}, {"idx": "3029", "arch": "(((0, 4), (1, 5), (0, 0), (2, 0), (0, 6), (1, 1), (2, 6), (4, 6)), ((0, 6), (1, 5), (0, 6), (2, 3), (2, 5), (3, 4), (3, 0), (4, 0)))", "zen": {"score": 154.63331604003906, "time": 1.4559060912579298}}, {"idx": "3030", "arch": "(((0, 6), (1, 4), (1, 2), (2, 5), (0, 1), (2, 0), (2, 6), (3, 2)), ((0, 0), (1, 6), (0, 4), (2, 6), (0, 4), (1, 2), (1, 6), (3, 1)))", "zen": {"score": 141.0395965576172, "time": 1.2849352164193988}}, {"idx": "3031", "arch": "(((0, 5), (1, 1), (0, 6), (2, 0), (1, 0), (2, 2), (2, 1), (4, 3)), ((0, 4), (1, 6), (1, 4), (2, 5), (2, 6), (3, 6), (3, 5), (4, 1)))", "zen": {"score": 129.53504943847656, "time": 1.4073319579474628}}, {"idx": "3032", "arch": "(((0, 2), (1, 3), (1, 6), (2, 1), (1, 3), (2, 1), (1, 1), (3, 5)), ((0, 5), (1, 5), (1, 6), (2, 3), (0, 4), (2, 1), (0, 2), (4, 3)))", "zen": {"score": 143.994873046875, "time": 1.2800298570655286}}, {"idx": "3033", "arch": "(((0, 4), (1, 6), (0, 4), (2, 5), (0, 3), (1, 6), (1, 2), (3, 3)), ((0, 5), (1, 3), (0, 4), (2, 2), (1, 3), (2, 3), (2, 0), (4, 2)))", "zen": {"score": 213.84466552734375, "time": 1.2558479038998485}}, {"idx": "3034", "arch": "(((0, 0), (1, 2), (0, 5), (1, 6), (0, 2), (2, 4), (1, 3), (4, 5)), ((0, 1), (1, 1), (0, 4), (1, 4), (1, 3), (2, 0), (0, 3), (2, 4)))", "zen": {"score": 168.4800567626953, "time": 1.257998249027878}}, {"idx": "3035", "arch": "(((0, 1), (1, 3), (0, 4), (2, 2), (1, 0), (3, 6), (1, 6), (2, 1)), ((0, 0), (1, 2), (1, 1), (2, 0), (0, 6), (1, 6), (0, 6), (3, 6)))", "zen": {"score": 135.14979553222656, "time": 1.4138967050239444}}, {"idx": "3036", "arch": "(((0, 1), (1, 3), (0, 5), (2, 2), (0, 1), (2, 5), (3, 2), (4, 4)), ((0, 1), (1, 3), (0, 5), (2, 1), (1, 3), (3, 2), (1, 1), (3, 1)))", "zen": {"score": 128.5795440673828, "time": 1.2305001970380545}}, {"idx": "3037", "arch": "(((0, 6), (1, 2), (1, 0), (2, 4), (0, 2), (2, 2), (2, 5), (3, 6)), ((0, 3), (1, 0), (0, 1), (1, 3), (0, 5), (3, 5), (1, 0), (3, 4)))", "zen": {"score": 141.13690185546875, "time": 1.2630177517421544}}, {"idx": "3038", "arch": "(((0, 2), (1, 5), (0, 6), (1, 1), (1, 1), (2, 4), (1, 6), (2, 4)), ((0, 1), (1, 5), (1, 1), (2, 2), (2, 1), (3, 1), (1, 5), (2, 0)))", "zen": {"score": 137.357177734375, "time": 1.3167333155870438}}, {"idx": "3039", "arch": "(((0, 5), (1, 0), (0, 1), (2, 6), (0, 4), (1, 4), (0, 1), (3, 1)), ((0, 3), (1, 5), (1, 6), (2, 1), (0, 0), (1, 4), (0, 3), (2, 1)))", "zen": {"score": 149.23663330078125, "time": 1.4907503970898688}}, {"idx": "3040", "arch": "(((0, 3), (1, 1), (0, 1), (1, 3), (0, 0), (2, 0), (1, 2), (3, 5)), ((0, 3), (1, 5), (0, 0), (1, 6), (1, 4), (2, 2), (0, 6), (4, 0)))", "zen": {"score": 121.67597961425781, "time": 1.4693603641353548}}, {"idx": "3041", "arch": "(((0, 2), (1, 3), (0, 1), (1, 2), (2, 6), (3, 1), (2, 6), (4, 2)), ((0, 6), (1, 0), (0, 4), (1, 4), (0, 6), (3, 0), (2, 2), (3, 0)))", "zen": {"score": 116.762451171875, "time": 1.282239587046206}}, {"idx": "3042", "arch": "(((0, 5), (1, 2), (0, 0), (2, 0), (1, 1), (3, 3), (0, 2), (4, 5)), ((0, 2), (1, 0), (0, 2), (2, 1), (1, 0), (3, 3), (2, 6), (3, 1)))", "zen": {"score": 100.14991760253906, "time": 1.3890473782084882}}, {"idx": "3043", "arch": "(((0, 6), (1, 5), (0, 4), (1, 1), (1, 5), (3, 4), (2, 1), (4, 1)), ((0, 5), (1, 5), (1, 3), (2, 0), (0, 5), (3, 4), (3, 5), (4, 4)))", "zen": {"score": 171.16404724121094, "time": 1.3696521618403494}}, {"idx": "3044", "arch": "(((0, 0), (1, 5), (1, 2), (2, 0), (1, 1), (2, 0), (1, 5), (3, 1)), ((0, 4), (1, 6), (0, 5), (2, 2), (0, 4), (1, 3), (0, 3), (1, 2)))", "zen": {"score": 102.81133270263672, "time": 1.4955399138852954}}, {"idx": "3045", "arch": "(((0, 4), (1, 4), (0, 4), (1, 6), (0, 4), (3, 6), (0, 6), (3, 3)), ((0, 3), (1, 2), (0, 5), (1, 2), (1, 5), (3, 5), (0, 6), (4, 6)))", "zen": {"score": 244.90110778808594, "time": 1.3925451561808586}}, {"idx": "3046", "arch": "(((0, 1), (1, 2), (0, 2), (2, 1), (1, 3), (2, 4), (1, 0), (4, 6)), ((0, 0), (1, 5), (1, 5), (2, 6), (2, 0), (3, 3), (1, 0), (2, 5)))", "zen": {"score": 127.48892974853516, "time": 1.3500877059996128}}, {"idx": "3047", "arch": "(((0, 2), (1, 1), (1, 0), (2, 3), (0, 5), (1, 5), (1, 5), (4, 5)), ((0, 5), (1, 0), (0, 2), (2, 4), (0, 6), (2, 3), (0, 6), (3, 1)))", "zen": {"score": 137.59909057617188, "time": 1.3139379820786417}}, {"idx": "3048", "arch": "(((0, 1), (1, 4), (1, 1), (2, 4), (1, 2), (2, 3), (0, 5), (2, 4)), ((0, 1), (1, 5), (0, 6), (2, 4), (1, 0), (3, 5), (1, 0), (4, 3)))", "zen": {"score": 187.08363342285156, "time": 1.3355525457300246}}, {"idx": "3049", "arch": "(((0, 6), (1, 5), (0, 6), (2, 3), (1, 5), (3, 6), (3, 1), (4, 6)), ((0, 1), (1, 3), (0, 4), (2, 1), (1, 6), (3, 3), (2, 3), (3, 1)))", "zen": {"score": 176.0998077392578, "time": 1.2158004762604833}}, {"idx": "3050", "arch": "(((0, 4), (1, 6), (0, 4), (2, 0), (1, 1), (2, 3), (3, 5), (4, 6)), ((0, 3), (1, 1), (1, 5), (2, 1), (0, 6), (2, 3), (0, 3), (4, 3)))", "zen": {"score": 196.7211456298828, "time": 1.3664072011597455}}, {"idx": "3051", "arch": "(((0, 4), (1, 2), (0, 0), (2, 1), (0, 5), (3, 1), (2, 5), (4, 3)), ((0, 6), (1, 3), (1, 1), (2, 2), (1, 0), (2, 5), (1, 1), (2, 2)))", "zen": {"score": 126.23651123046875, "time": 1.304161828942597}}, {"idx": "3052", "arch": "(((0, 6), (1, 1), (1, 3), (2, 1), (1, 0), (3, 2), (2, 3), (3, 0)), ((0, 3), (1, 2), (0, 0), (2, 2), (0, 2), (2, 4), (0, 3), (4, 5)))", "zen": {"score": 128.98899841308594, "time": 1.4114616899751127}}, {"idx": "3053", "arch": "(((0, 3), (1, 3), (1, 2), (2, 6), (1, 0), (2, 3), (2, 2), (4, 2)), ((0, 1), (1, 6), (1, 6), (2, 2), (0, 2), (2, 5), (1, 2), (4, 2)))", "zen": {"score": 137.59249877929688, "time": 1.2532045668922365}}, {"idx": "3054", "arch": "(((0, 1), (1, 4), (1, 5), (2, 0), (0, 2), (2, 3), (2, 6), (3, 4)), ((0, 6), (1, 0), (0, 5), (1, 5), (1, 2), (3, 1), (1, 1), (2, 6)))", "zen": {"score": 161.36326599121094, "time": 1.364196368958801}}, {"idx": "3055", "arch": "(((0, 2), (1, 4), (0, 1), (2, 0), (0, 6), (2, 0), (2, 5), (3, 0)), ((0, 0), (1, 4), (0, 6), (1, 4), (2, 3), (3, 0), (1, 0), (4, 3)))", "zen": {"score": 132.32083129882812, "time": 1.5618320847861469}}, {"idx": "3056", "arch": "(((0, 6), (1, 0), (1, 3), (2, 6), (0, 6), (3, 0), (0, 5), (3, 6)), ((0, 6), (1, 3), (0, 0), (1, 0), (2, 1), (3, 6), (0, 2), (3, 3)))", "zen": {"score": 154.68634033203125, "time": 1.4463179651647806}}, {"idx": "3057", "arch": "(((0, 1), (1, 3), (0, 3), (1, 3), (0, 2), (3, 3), (0, 6), (3, 3)), ((0, 6), (1, 5), (0, 5), (2, 0), (0, 5), (1, 1), (0, 0), (3, 0)))", "zen": {"score": 177.3577880859375, "time": 1.3569483407773077}}, {"idx": "3058", "arch": "(((0, 6), (1, 6), (0, 6), (2, 6), (0, 2), (2, 2), (0, 3), (1, 4)), ((0, 6), (1, 4), (1, 3), (2, 1), (2, 4), (3, 3), (2, 2), (3, 4)))", "zen": {"score": 191.5183868408203, "time": 1.2319802199490368}}, {"idx": "3059", "arch": "(((0, 1), (1, 2), (0, 0), (1, 2), (0, 2), (3, 0), (0, 5), (1, 1)), ((0, 0), (1, 0), (0, 1), (2, 1), (0, 5), (1, 3), (0, 3), (3, 1)))", "zen": {"score": 64.20011901855469, "time": 1.3481232970952988}}, {"idx": "3060", "arch": "(((0, 0), (1, 4), (0, 0), (2, 5), (1, 4), (3, 5), (2, 6), (4, 2)), ((0, 1), (1, 0), (0, 4), (2, 3), (0, 0), (1, 1), (0, 0), (1, 5)))", "zen": {"score": 154.24786376953125, "time": 1.4689810182899237}}, {"idx": "3061", "arch": "(((0, 5), (1, 3), (0, 4), (1, 0), (2, 6), (3, 0), (1, 4), (2, 5)), ((0, 5), (1, 1), (0, 6), (1, 2), (0, 4), (2, 0), (1, 2), (2, 0)))", "zen": {"score": 174.13406372070312, "time": 1.5128444037400186}}, {"idx": "3062", "arch": "(((0, 1), (1, 3), (0, 0), (2, 2), (0, 1), (2, 2), (0, 3), (3, 1)), ((0, 2), (1, 6), (1, 6), (2, 1), (1, 2), (3, 0), (0, 1), (4, 1)))", "zen": {"score": 92.9324951171875, "time": 1.3641221821308136}}, {"idx": "3063", "arch": "(((0, 0), (1, 2), (1, 5), (2, 4), (0, 2), (3, 4), (0, 4), (2, 3)), ((0, 1), (1, 1), (0, 0), (1, 3), (0, 5), (1, 6), (2, 1), (3, 3)))", "zen": {"score": 182.0755615234375, "time": 1.3910913369618356}}, {"idx": "3064", "arch": "(((0, 2), (1, 2), (0, 2), (2, 3), (0, 4), (3, 6), (0, 3), (2, 4)), ((0, 3), (1, 2), (0, 6), (1, 5), (1, 0), (3, 0), (2, 4), (4, 4)))", "zen": {"score": 192.23284912109375, "time": 1.3022726601921022}}, {"idx": "3065", "arch": "(((0, 4), (1, 3), (1, 1), (2, 5), (1, 4), (2, 2), (0, 5), (2, 4)), ((0, 0), (1, 3), (0, 5), (2, 1), (2, 3), (3, 1), (0, 0), (4, 5)))", "zen": {"score": 190.6884002685547, "time": 1.3452320392243564}}, {"idx": "3066", "arch": "(((0, 3), (1, 0), (1, 0), (2, 3), (0, 0), (1, 5), (0, 5), (1, 5)), ((0, 6), (1, 0), (1, 4), (2, 6), (1, 0), (2, 4), (0, 3), (1, 3)))", "zen": {"score": 160.0513153076172, "time": 1.5596825159154832}}, {"idx": "3067", "arch": "(((0, 2), (1, 6), (0, 0), (1, 3), (1, 3), (2, 1), (3, 4), (4, 2)), ((0, 6), (1, 2), (1, 2), (2, 5), (0, 0), (2, 5), (1, 3), (3, 3)))", "zen": {"score": 155.48593139648438, "time": 1.360928867943585}}, {"idx": "3068", "arch": "(((0, 1), (1, 5), (0, 4), (1, 0), (0, 6), (2, 5), (0, 3), (2, 1)), ((0, 1), (1, 4), (0, 0), (2, 1), (1, 4), (3, 2), (2, 1), (3, 5)))", "zen": {"score": 144.20828247070312, "time": 1.4146810318343341}}, {"idx": "3069", "arch": "(((0, 5), (1, 4), (1, 1), (2, 0), (1, 2), (3, 6), (1, 6), (2, 0)), ((0, 2), (1, 6), (0, 5), (2, 0), (0, 1), (3, 6), (0, 3), (4, 0)))", "zen": {"score": 126.45683288574219, "time": 1.4496669080108404}}, {"idx": "3070", "arch": "(((0, 0), (1, 4), (0, 0), (1, 2), (0, 2), (2, 0), (0, 4), (3, 0)), ((0, 2), (1, 4), (1, 2), (2, 4), (0, 5), (2, 2), (2, 4), (4, 5)))", "zen": {"score": 134.7472381591797, "time": 1.501827604137361}}, {"idx": "3071", "arch": "(((0, 6), (1, 3), (0, 3), (1, 1), (2, 5), (3, 2), (2, 6), (3, 0)), ((0, 4), (1, 3), (0, 0), (1, 5), (0, 3), (2, 5), (0, 2), (3, 6)))", "zen": {"score": 161.48243713378906, "time": 1.3448555441573262}}, {"idx": "3072", "arch": "(((0, 0), (1, 2), (1, 2), (2, 4), (1, 3), (2, 3), (2, 0), (4, 5)), ((0, 1), (1, 6), (0, 0), (2, 2), (1, 0), (2, 3), (2, 1), (4, 2)))", "zen": {"score": 137.97171020507812, "time": 1.3573227091692388}}, {"idx": "3073", "arch": "(((0, 5), (1, 2), (1, 5), (2, 5), (0, 5), (2, 3), (0, 6), (3, 5)), ((0, 5), (1, 2), (1, 6), (2, 4), (0, 2), (2, 6), (0, 3), (2, 5)))", "zen": {"score": 170.24952697753906, "time": 1.1985951960086823}}, {"idx": "3074", "arch": "(((0, 0), (1, 4), (0, 3), (2, 4), (2, 4), (3, 2), (0, 4), (3, 6)), ((0, 4), (1, 5), (1, 5), (2, 5), (1, 3), (2, 6), (1, 0), (3, 0)))", "zen": {"score": 223.85018920898438, "time": 1.4746336019597948}}, {"idx": "3075", "arch": "(((0, 0), (1, 2), (0, 1), (1, 6), (0, 6), (2, 4), (0, 0), (2, 1)), ((0, 6), (1, 4), (0, 0), (1, 5), (2, 5), (3, 2), (1, 3), (3, 6)))", "zen": {"score": 128.04757690429688, "time": 1.4382382137700915}}, {"idx": "3076", "arch": "(((0, 0), (1, 6), (0, 5), (2, 0), (0, 0), (2, 6), (1, 5), (2, 3)), ((0, 6), (1, 4), (1, 1), (2, 2), (1, 2), (2, 1), (0, 2), (2, 4)))", "zen": {"score": 138.7740478515625, "time": 1.4790019001811743}}, {"idx": "3077", "arch": "(((0, 5), (1, 5), (1, 6), (2, 3), (1, 4), (2, 5), (1, 5), (3, 1)), ((0, 5), (1, 2), (0, 6), (1, 2), (2, 5), (3, 2), (0, 2), (4, 6)))", "zen": {"score": 169.3544464111328, "time": 1.277134662028402}}, {"idx": "3078", "arch": "(((0, 0), (1, 4), (0, 4), (1, 6), (2, 1), (3, 3), (1, 0), (2, 3)), ((0, 3), (1, 5), (0, 4), (1, 0), (0, 0), (3, 2), (2, 5), (4, 5)))", "zen": {"score": 182.86927795410156, "time": 1.512886902783066}}, {"idx": "3079", "arch": "(((0, 4), (1, 5), (0, 2), (1, 4), (0, 5), (3, 4), (2, 0), (4, 6)), ((0, 1), (1, 5), (1, 3), (2, 2), (0, 2), (1, 0), (0, 2), (4, 3)))", "zen": {"score": 180.9603729248047, "time": 1.3643434797413647}}, {"idx": "3080", "arch": "(((0, 3), (1, 0), (0, 1), (1, 0), (0, 5), (3, 2), (0, 0), (2, 1)), ((0, 4), (1, 0), (1, 5), (2, 1), (0, 5), (3, 5), (2, 5), (4, 2)))", "zen": {"score": 94.21198272705078, "time": 1.4946766877546906}}, {"idx": "3081", "arch": "(((0, 4), (1, 6), (0, 0), (2, 5), (1, 2), (3, 6), (2, 1), (4, 5)), ((0, 4), (1, 2), (0, 6), (1, 3), (2, 1), (3, 2), (1, 6), (4, 0)))", "zen": {"score": 145.60829162597656, "time": 1.3657380738295615}}, {"idx": "3082", "arch": "(((0, 1), (1, 2), (1, 5), (2, 3), (1, 1), (2, 2), (0, 1), (3, 2)), ((0, 3), (1, 1), (0, 3), (2, 1), (2, 2), (3, 6), (0, 6), (1, 0)))", "zen": {"score": 93.95404052734375, "time": 1.2355643371120095}}, {"idx": "3083", "arch": "(((0, 0), (1, 1), (0, 1), (1, 1), (1, 3), (2, 3), (1, 5), (3, 5)), ((0, 0), (1, 4), (0, 1), (1, 3), (1, 1), (2, 1), (2, 4), (4, 5)))", "zen": {"score": 134.21543884277344, "time": 1.4436053219251335}}, {"idx": "3084", "arch": "(((0, 3), (1, 4), (1, 4), (2, 2), (0, 2), (2, 6), (1, 4), (4, 2)), ((0, 2), (1, 3), (1, 3), (2, 3), (1, 2), (2, 6), (0, 5), (4, 3)))", "zen": {"score": 202.30552673339844, "time": 1.2909644241444767}}, {"idx": "3085", "arch": "(((0, 4), (1, 3), (1, 0), (2, 6), (2, 5), (3, 3), (1, 5), (2, 1)), ((0, 6), (1, 6), (1, 4), (2, 3), (0, 2), (3, 5), (1, 2), (4, 3)))", "zen": {"score": 192.44943237304688, "time": 1.4337308607064188}}, {"idx": "3086", "arch": "(((0, 5), (1, 0), (0, 5), (1, 5), (0, 6), (3, 5), (2, 1), (3, 6)), ((0, 1), (1, 2), (1, 4), (2, 6), (1, 1), (3, 4), (0, 0), (1, 2)))", "zen": {"score": 136.9303436279297, "time": 1.3819705471396446}}, {"idx": "3087", "arch": "(((0, 5), (1, 1), (0, 4), (2, 4), (1, 3), (2, 3), (0, 6), (2, 0)), ((0, 3), (1, 0), (0, 2), (1, 4), (2, 3), (3, 5), (1, 5), (4, 3)))", "zen": {"score": 206.362060546875, "time": 1.4858331358991563}}, {"idx": "3088", "arch": "(((0, 1), (1, 1), (1, 6), (2, 5), (0, 0), (3, 3), (1, 5), (3, 6)), ((0, 3), (1, 2), (0, 6), (2, 1), (0, 5), (2, 0), (2, 3), (3, 3)))", "zen": {"score": 144.83009338378906, "time": 1.4020825373008847}}, {"idx": "3089", "arch": "(((0, 2), (1, 4), (0, 1), (1, 4), (0, 2), (1, 3), (0, 5), (2, 5)), ((0, 5), (1, 5), (0, 4), (1, 4), (0, 1), (1, 6), (1, 0), (3, 5)))", "zen": {"score": 171.33493041992188, "time": 1.2819001991301775}}, {"idx": "3090", "arch": "(((0, 3), (1, 1), (0, 5), (1, 1), (0, 4), (3, 4), (2, 2), (4, 6)), ((0, 5), (1, 6), (0, 0), (1, 6), (1, 5), (2, 1), (0, 0), (2, 4)))", "zen": {"score": 166.55564880371094, "time": 1.3361351126804948}}, {"idx": "3091", "arch": "(((0, 4), (1, 3), (0, 5), (1, 2), (1, 1), (3, 3), (1, 3), (2, 4)), ((0, 0), (1, 0), (1, 0), (2, 6), (1, 1), (3, 1), (0, 4), (1, 1)))", "zen": {"score": 184.36666870117188, "time": 1.417360174935311}}, {"idx": "3092", "arch": "(((0, 3), (1, 2), (0, 0), (2, 6), (2, 0), (3, 2), (3, 1), (4, 6)), ((0, 4), (1, 5), (1, 6), (2, 6), (0, 1), (3, 6), (0, 0), (2, 4)))", "zen": {"score": 129.75025939941406, "time": 1.3973451349884272}}, {"idx": "3093", "arch": "(((0, 2), (1, 3), (0, 2), (2, 6), (0, 4), (1, 6), (0, 1), (3, 4)), ((0, 5), (1, 6), (0, 2), (2, 1), (1, 1), (2, 4), (0, 5), (1, 2)))", "zen": {"score": 167.93031311035156, "time": 1.2842721207998693}}, {"idx": "3094", "arch": "(((0, 3), (1, 4), (0, 3), (2, 6), (2, 2), (3, 5), (0, 2), (4, 1)), ((0, 5), (1, 6), (1, 4), (2, 2), (1, 2), (3, 2), (1, 2), (3, 5)))", "zen": {"score": 162.88751220703125, "time": 1.2174063920974731}}, {"idx": "3095", "arch": "(((0, 4), (1, 0), (0, 6), (2, 4), (0, 3), (1, 5), (1, 4), (2, 5)), ((0, 0), (1, 4), (1, 0), (2, 3), (0, 4), (1, 1), (0, 5), (3, 0)))", "zen": {"score": 211.9884033203125, "time": 1.4645115206949413}}, {"idx": "3096", "arch": "(((0, 5), (1, 3), (0, 2), (2, 3), (1, 4), (2, 5), (2, 0), (4, 0)), ((0, 5), (1, 2), (1, 2), (2, 3), (1, 5), (3, 3), (0, 0), (1, 0)))", "zen": {"score": 161.36026000976562, "time": 1.4702928685583174}}, {"idx": "3097", "arch": "(((0, 5), (1, 5), (0, 4), (1, 4), (0, 1), (2, 3), (0, 6), (3, 1)), ((0, 1), (1, 4), (1, 0), (2, 1), (0, 2), (2, 5), (0, 6), (3, 0)))", "zen": {"score": 167.7762451171875, "time": 1.3813470876775682}}, {"idx": "3098", "arch": "(((0, 5), (1, 5), (0, 3), (1, 0), (0, 6), (2, 4), (1, 3), (4, 3)), ((0, 3), (1, 1), (0, 4), (1, 2), (2, 3), (3, 0), (3, 6), (4, 2)))", "zen": {"score": 200.98013305664062, "time": 1.4159376341849566}}, {"idx": "3099", "arch": "(((0, 3), (1, 0), (0, 0), (1, 0), (2, 0), (3, 2), (1, 5), (4, 4)), ((0, 6), (1, 3), (0, 1), (1, 2), (1, 1), (2, 3), (1, 0), (2, 4)))", "zen": {"score": 136.46034240722656, "time": 1.57553702685982}}, {"idx": "3100", "arch": "(((0, 6), (1, 4), (0, 2), (2, 1), (1, 5), (3, 2), (2, 3), (3, 4)), ((0, 3), (1, 6), (0, 6), (1, 1), (0, 3), (2, 1), (0, 5), (2, 1)))", "zen": {"score": 167.87315368652344, "time": 1.2862632344476879}}, {"idx": "3101", "arch": "(((0, 3), (1, 5), (1, 3), (2, 0), (0, 6), (1, 3), (1, 3), (3, 0)), ((0, 0), (1, 3), (0, 2), (2, 2), (2, 2), (3, 5), (2, 6), (4, 3)))", "zen": {"score": 177.80233764648438, "time": 1.4694165652617812}}, {"idx": "3102", "arch": "(((0, 2), (1, 0), (0, 3), (1, 0), (0, 0), (1, 3), (1, 4), (3, 0)), ((0, 3), (1, 3), (1, 3), (2, 4), (1, 2), (3, 6), (3, 2), (4, 1)))", "zen": {"score": 148.44532775878906, "time": 1.5796256000176072}}, {"idx": "3103", "arch": "(((0, 4), (1, 5), (1, 3), (2, 0), (1, 5), (3, 5), (0, 1), (1, 5)), ((0, 5), (1, 1), (0, 0), (2, 6), (0, 1), (2, 6), (1, 4), (3, 4)))", "zen": {"score": 163.9782257080078, "time": 1.4156607720069587}}, {"idx": "3104", "arch": "(((0, 3), (1, 4), (1, 1), (2, 0), (0, 5), (3, 1), (1, 0), (3, 6)), ((0, 4), (1, 0), (0, 0), (2, 5), (2, 1), (3, 0), (0, 3), (1, 1)))", "zen": {"score": 133.7707061767578, "time": 1.5573151637800038}}, {"idx": "3105", "arch": "(((0, 0), (1, 5), (1, 3), (2, 5), (1, 1), (2, 0), (3, 3), (4, 3)), ((0, 1), (1, 4), (0, 0), (2, 6), (0, 6), (1, 1), (1, 1), (2, 4)))", "zen": {"score": 159.82749938964844, "time": 1.547981055919081}}, {"idx": "3106", "arch": "(((0, 1), (1, 6), (1, 1), (2, 2), (0, 0), (3, 3), (0, 4), (3, 1)), ((0, 4), (1, 2), (1, 5), (2, 4), (0, 0), (2, 0), (0, 6), (2, 2)))", "zen": {"score": 130.9754638671875, "time": 1.415852326899767}}, {"idx": "3107", "arch": "(((0, 3), (1, 1), (1, 0), (2, 5), (0, 5), (1, 5), (3, 0), (4, 4)), ((0, 1), (1, 4), (1, 3), (2, 1), (2, 4), (3, 1), (2, 5), (3, 4)))", "zen": {"score": 163.33914184570312, "time": 1.4341925918124616}}, {"idx": "3108", "arch": "(((0, 4), (1, 0), (0, 2), (2, 5), (0, 3), (1, 4), (1, 5), (3, 2)), ((0, 2), (1, 1), (1, 0), (2, 5), (0, 1), (2, 5), (1, 2), (2, 5)))", "zen": {"score": 152.81454467773438, "time": 1.3767257742583752}}, {"idx": "3109", "arch": "(((0, 6), (1, 4), (1, 4), (2, 4), (1, 4), (2, 2), (2, 1), (3, 3)), ((0, 1), (1, 0), (1, 5), (2, 1), (1, 0), (3, 3), (0, 3), (3, 6)))", "zen": {"score": 210.2432403564453, "time": 1.4076279597356915}}, {"idx": "3110", "arch": "(((0, 4), (1, 3), (0, 5), (2, 6), (0, 0), (1, 1), (3, 5), (4, 5)), ((0, 6), (1, 1), (0, 1), (2, 2), (2, 6), (3, 0), (1, 2), (2, 5)))", "zen": {"score": 151.30567932128906, "time": 1.370124404784292}}, {"idx": "3111", "arch": "(((0, 3), (1, 0), (0, 5), (2, 1), (0, 3), (1, 0), (1, 0), (3, 5)), ((0, 1), (1, 2), (0, 1), (1, 5), (1, 4), (3, 4), (0, 6), (4, 3)))", "zen": {"score": 141.08570861816406, "time": 1.524000323843211}}, {"idx": "3112", "arch": "(((0, 6), (1, 1), (0, 5), (1, 0), (0, 0), (1, 3), (0, 0), (2, 0)), ((0, 2), (1, 3), (0, 1), (1, 1), (2, 2), (3, 5), (0, 1), (2, 4)))", "zen": {"score": 104.14376831054688, "time": 1.5502561680041254}}, {"idx": "3113", "arch": "(((0, 1), (1, 0), (1, 2), (2, 4), (0, 0), (2, 3), (1, 6), (2, 2)), ((0, 6), (1, 5), (0, 1), (2, 3), (2, 4), (3, 4), (1, 4), (3, 4)))", "zen": {"score": 160.1604461669922, "time": 1.421027080155909}}, {"idx": "3114", "arch": "(((0, 1), (1, 2), (0, 1), (2, 4), (0, 5), (1, 4), (0, 3), (2, 4)), ((0, 6), (1, 2), (0, 6), (2, 4), (0, 5), (3, 1), (0, 2), (4, 0)))", "zen": {"score": 179.92982482910156, "time": 1.3903417950496078}}, {"idx": "3115", "arch": "(((0, 0), (1, 2), (0, 1), (2, 3), (1, 2), (3, 1), (2, 2), (3, 5)), ((0, 1), (1, 5), (0, 4), (1, 2), (0, 0), (3, 0), (1, 2), (3, 1)))", "zen": {"score": 88.48538208007812, "time": 1.2987124952487648}}, {"idx": "3116", "arch": "(((0, 2), (1, 5), (0, 3), (1, 0), (0, 4), (1, 6), (0, 2), (3, 5)), ((0, 2), (1, 1), (1, 5), (2, 0), (0, 6), (1, 6), (0, 4), (3, 2)))", "zen": {"score": 146.4470977783203, "time": 1.2908452609553933}}, {"idx": "3117", "arch": "(((0, 0), (1, 3), (1, 1), (2, 6), (2, 1), (3, 6), (1, 5), (2, 0)), ((0, 5), (1, 5), (0, 0), (2, 0), (1, 5), (2, 4), (1, 6), (2, 0)))", "zen": {"score": 126.12125396728516, "time": 1.4848364116623998}}, {"idx": "3118", "arch": "(((0, 1), (1, 4), (0, 6), (1, 3), (1, 2), (2, 4), (0, 6), (1, 6)), ((0, 5), (1, 0), (1, 6), (2, 2), (0, 2), (2, 2), (1, 6), (4, 5)))", "zen": {"score": 173.81565856933594, "time": 1.3004722758196294}}, {"idx": "3119", "arch": "(((0, 5), (1, 0), (0, 5), (2, 1), (1, 5), (2, 3), (3, 4), (4, 4)), ((0, 6), (1, 1), (1, 3), (2, 0), (0, 4), (3, 2), (1, 5), (2, 2)))", "zen": {"score": 178.36386108398438, "time": 1.3947372739203274}}, {"idx": "3120", "arch": "(((0, 3), (1, 0), (0, 2), (2, 5), (0, 2), (3, 6), (3, 1), (4, 3)), ((0, 1), (1, 2), (0, 3), (2, 0), (1, 4), (2, 0), (0, 4), (1, 3)))", "zen": {"score": 145.95904541015625, "time": 1.4074601968750358}}, {"idx": "3121", "arch": "(((0, 5), (1, 2), (0, 0), (1, 0), (2, 5), (3, 5), (1, 2), (4, 0)), ((0, 4), (1, 6), (0, 3), (2, 6), (0, 2), (2, 3), (0, 1), (4, 3)))", "zen": {"score": 118.93416595458984, "time": 1.4156900169327855}}, {"idx": "3122", "arch": "(((0, 5), (1, 2), (0, 1), (2, 6), (2, 3), (3, 5), (1, 2), (2, 3)), ((0, 5), (1, 3), (0, 0), (2, 5), (0, 2), (3, 1), (0, 4), (1, 2)))", "zen": {"score": 150.03138732910156, "time": 1.2820068676955998}}, {"idx": "3123", "arch": "(((0, 0), (1, 0), (0, 1), (2, 2), (0, 1), (3, 3), (1, 6), (3, 1)), ((0, 0), (1, 4), (1, 0), (2, 2), (0, 3), (3, 2), (0, 4), (1, 3)))", "zen": {"score": 111.37507629394531, "time": 1.4658613773062825}}, {"idx": "3124", "arch": "(((0, 2), (1, 6), (0, 0), (1, 4), (1, 0), (3, 1), (1, 2), (4, 6)), ((0, 6), (1, 3), (1, 2), (2, 4), (1, 0), (3, 6), (1, 4), (3, 5)))", "zen": {"score": 136.69883728027344, "time": 1.352906827814877}}, {"idx": "3125", "arch": "(((0, 3), (1, 4), (1, 0), (2, 2), (0, 5), (2, 0), (1, 4), (3, 3)), ((0, 5), (1, 4), (0, 6), (1, 6), (0, 6), (1, 0), (0, 0), (4, 6)))", "zen": {"score": 183.0131378173828, "time": 1.4867032133042812}}, {"idx": "3126", "arch": "(((0, 5), (1, 6), (0, 2), (1, 6), (1, 5), (2, 5), (2, 4), (4, 4)), ((0, 3), (1, 4), (0, 1), (1, 1), (1, 4), (2, 5), (1, 0), (2, 3)))", "zen": {"score": 195.43919372558594, "time": 1.235289853066206}}, {"idx": "3127", "arch": "(((0, 1), (1, 1), (1, 5), (2, 4), (1, 1), (2, 5), (0, 6), (3, 6)), ((0, 1), (1, 6), (1, 1), (2, 0), (0, 2), (3, 5), (3, 4), (4, 5)))", "zen": {"score": 140.47021484375, "time": 1.2739276019856334}}, {"idx": "3128", "arch": "(((0, 1), (1, 6), (0, 2), (1, 3), (1, 5), (2, 2), (3, 5), (4, 0)), ((0, 3), (1, 2), (1, 2), (2, 5), (1, 0), (3, 5), (0, 6), (4, 1)))", "zen": {"score": 118.78105926513672, "time": 1.254225866869092}}, {"idx": "3129", "arch": "(((0, 2), (1, 6), (0, 4), (1, 6), (2, 5), (3, 6), (0, 3), (3, 1)), ((0, 1), (1, 2), (0, 5), (1, 6), (0, 0), (2, 0), (0, 5), (2, 6)))", "zen": {"score": 157.43357849121094, "time": 1.2483606631867588}}, {"idx": "3130", "arch": "(((0, 2), (1, 6), (1, 2), (2, 2), (1, 5), (2, 3), (2, 4), (4, 4)), ((0, 6), (1, 2), (0, 3), (2, 1), (1, 6), (2, 0), (1, 2), (2, 2)))", "zen": {"score": 164.220458984375, "time": 1.2075017569586635}}, {"idx": "3131", "arch": "(((0, 1), (1, 6), (0, 6), (2, 6), (1, 0), (2, 3), (1, 1), (4, 0)), ((0, 5), (1, 1), (1, 5), (2, 1), (1, 0), (2, 3), (0, 0), (1, 0)))", "zen": {"score": 116.65243530273438, "time": 1.4979050173424184}}, {"idx": "3132", "arch": "(((0, 2), (1, 4), (0, 2), (1, 6), (0, 2), (2, 4), (0, 0), (4, 5)), ((0, 3), (1, 3), (0, 3), (1, 6), (0, 1), (3, 5), (2, 0), (3, 6)))", "zen": {"score": 156.197265625, "time": 1.2441399390809238}}, {"idx": "3133", "arch": "(((0, 2), (1, 0), (0, 3), (1, 5), (0, 1), (2, 0), (0, 1), (1, 4)), ((0, 4), (1, 4), (0, 1), (1, 3), (1, 1), (3, 0), (0, 5), (2, 4)))", "zen": {"score": 135.620361328125, "time": 1.4564247210510075}}, {"idx": "3134", "arch": "(((0, 1), (1, 4), (1, 0), (2, 0), (1, 2), (3, 2), (1, 5), (3, 3)), ((0, 5), (1, 2), (0, 3), (1, 4), (1, 6), (3, 2), (1, 4), (3, 4)))", "zen": {"score": 148.74954223632812, "time": 1.3820662861689925}}, {"idx": "3135", "arch": "(((0, 4), (1, 1), (0, 3), (1, 1), (1, 6), (2, 6), (1, 4), (3, 2)), ((0, 1), (1, 3), (0, 2), (2, 6), (0, 5), (2, 4), (0, 6), (4, 1)))", "zen": {"score": 173.32859802246094, "time": 1.2860056981444359}}, {"idx": "3136", "arch": "(((0, 6), (1, 3), (0, 0), (2, 3), (0, 4), (2, 5), (2, 1), (3, 5)), ((0, 2), (1, 0), (0, 4), (1, 0), (0, 6), (1, 5), (0, 4), (1, 6)))", "zen": {"score": 182.2159881591797, "time": 1.4329521819017828}}, {"idx": "3137", "arch": "(((0, 6), (1, 6), (0, 2), (1, 2), (0, 2), (2, 5), (2, 5), (4, 2)), ((0, 4), (1, 6), (0, 3), (1, 4), (2, 5), (3, 4), (1, 4), (3, 1)))", "zen": {"score": 144.0928192138672, "time": 1.106665639206767}}, {"idx": "3138", "arch": "(((0, 0), (1, 2), (0, 1), (2, 6), (2, 6), (3, 2), (1, 4), (4, 0)), ((0, 5), (1, 2), (1, 6), (2, 1), (0, 2), (2, 0), (1, 1), (4, 2)))", "zen": {"score": 106.3843765258789, "time": 1.3305692011490464}}, {"idx": "3139", "arch": "(((0, 0), (1, 6), (0, 1), (2, 4), (0, 3), (1, 6), (3, 5), (4, 1)), ((0, 4), (1, 4), (0, 3), (2, 5), (1, 3), (3, 6), (0, 2), (4, 6)))", "zen": {"score": 177.86265563964844, "time": 1.400149503722787}}, {"idx": "3140", "arch": "(((0, 5), (1, 1), (0, 1), (1, 6), (1, 1), (2, 5), (0, 5), (3, 0)), ((0, 1), (1, 0), (1, 4), (2, 6), (2, 0), (3, 1), (0, 6), (1, 1)))", "zen": {"score": 99.49122619628906, "time": 1.3756147008389235}}, {"idx": "3141", "arch": "(((0, 3), (1, 3), (1, 0), (2, 3), (0, 5), (1, 4), (0, 5), (3, 3)), ((0, 1), (1, 6), (0, 0), (2, 4), (2, 0), (3, 3), (2, 4), (4, 1)))", "zen": {"score": 210.30673217773438, "time": 1.4850177513435483}}, {"idx": "3142", "arch": "(((0, 4), (1, 3), (1, 1), (2, 4), (1, 6), (2, 4), (1, 4), (2, 3)), ((0, 2), (1, 4), (0, 2), (1, 0), (0, 5), (1, 3), (0, 3), (3, 5)))", "zen": {"score": 246.12400817871094, "time": 1.4603237956762314}}, {"idx": "3143", "arch": "(((0, 5), (1, 2), (1, 1), (2, 6), (0, 3), (2, 1), (3, 4), (4, 4)), ((0, 1), (1, 4), (0, 2), (1, 3), (2, 6), (3, 6), (2, 4), (4, 0)))", "zen": {"score": 181.02761840820312, "time": 1.3553849598392844}}, {"idx": "3144", "arch": "(((0, 6), (1, 3), (0, 1), (1, 2), (0, 5), (1, 1), (0, 1), (3, 5)), ((0, 6), (1, 3), (0, 0), (2, 2), (0, 1), (3, 0), (1, 0), (4, 6)))", "zen": {"score": 109.4932861328125, "time": 1.2833981839939952}}, {"idx": "3145", "arch": "(((0, 0), (1, 1), (0, 1), (1, 1), (0, 6), (2, 4), (0, 5), (3, 6)), ((0, 3), (1, 1), (0, 2), (2, 2), (0, 2), (3, 0), (3, 3), (4, 1)))", "zen": {"score": 122.41534423828125, "time": 1.4670258378610015}}, {"idx": "3146", "arch": "(((0, 2), (1, 1), (0, 5), (2, 6), (1, 0), (2, 6), (1, 3), (4, 3)), ((0, 3), (1, 2), (0, 1), (2, 4), (0, 3), (1, 4), (1, 1), (2, 6)))", "zen": {"score": 164.32192993164062, "time": 1.3470116890966892}}, {"idx": "3147", "arch": "(((0, 5), (1, 4), (1, 6), (2, 6), (0, 2), (2, 0), (1, 0), (2, 6)), ((0, 6), (1, 2), (0, 6), (2, 2), (1, 4), (3, 4), (2, 3), (4, 5)))", "zen": {"score": 162.72418212890625, "time": 1.345545960124582}}, {"idx": "3148", "arch": "(((0, 1), (1, 6), (0, 0), (2, 2), (2, 6), (3, 3), (3, 4), (4, 3)), ((0, 4), (1, 4), (0, 2), (1, 0), (1, 5), (2, 6), (1, 1), (4, 2)))", "zen": {"score": 175.8684844970703, "time": 1.4257110487669706}}, {"idx": "3149", "arch": "(((0, 2), (1, 5), (0, 4), (2, 5), (2, 2), (3, 2), (3, 0), (4, 4)), ((0, 1), (1, 2), (0, 6), (2, 3), (0, 2), (2, 4), (1, 6), (3, 1)))", "zen": {"score": 151.11862182617188, "time": 1.2253402099013329}}, {"idx": "3150", "arch": "(((0, 0), (1, 5), (0, 3), (2, 2), (0, 2), (3, 3), (2, 3), (3, 4)), ((0, 0), (1, 6), (0, 5), (2, 3), (1, 2), (3, 5), (0, 3), (1, 4)))", "zen": {"score": 190.937744140625, "time": 1.366708181798458}}, {"idx": "3151", "arch": "(((0, 6), (1, 6), (0, 5), (2, 1), (2, 1), (3, 6), (0, 1), (3, 0)), ((0, 6), (1, 1), (0, 6), (2, 6), (0, 4), (3, 2), (0, 5), (1, 5)))", "zen": {"score": 118.13622283935547, "time": 1.3376330630853772}}, {"idx": "3152", "arch": "(((0, 3), (1, 5), (0, 2), (2, 3), (0, 4), (2, 2), (2, 5), (4, 2)), ((0, 1), (1, 2), (1, 5), (2, 6), (0, 1), (1, 3), (0, 1), (1, 5)))", "zen": {"score": 154.97158813476562, "time": 1.184401350095868}}, {"idx": "3153", "arch": "(((0, 4), (1, 0), (0, 6), (2, 4), (0, 1), (2, 3), (0, 2), (4, 1)), ((0, 0), (1, 4), (1, 0), (2, 1), (0, 6), (1, 4), (0, 5), (1, 4)))", "zen": {"score": 167.78611755371094, "time": 1.445961597841233}}, {"idx": "3154", "arch": "(((0, 1), (1, 1), (0, 1), (1, 1), (0, 5), (1, 6), (0, 1), (3, 6)), ((0, 0), (1, 1), (0, 6), (2, 5), (0, 1), (1, 3), (3, 3), (4, 0)))", "zen": {"score": 96.04620361328125, "time": 1.3623201646842062}}, {"idx": "3155", "arch": "(((0, 3), (1, 6), (1, 1), (2, 6), (1, 1), (3, 0), (1, 5), (3, 0)), ((0, 0), (1, 2), (0, 6), (2, 3), (1, 0), (3, 0), (1, 2), (2, 5)))", "zen": {"score": 117.91389465332031, "time": 1.513001014944166}}, {"idx": "3156", "arch": "(((0, 3), (1, 1), (0, 2), (1, 1), (2, 2), (3, 4), (0, 1), (4, 3)), ((0, 4), (1, 0), (0, 0), (1, 2), (1, 6), (2, 2), (2, 3), (3, 6)))", "zen": {"score": 140.47552490234375, "time": 1.296861714683473}}, {"idx": "3157", "arch": "(((0, 2), (1, 2), (1, 1), (2, 0), (1, 4), (3, 6), (1, 1), (3, 6)), ((0, 6), (1, 3), (1, 5), (2, 2), (1, 2), (3, 0), (0, 0), (2, 4)))", "zen": {"score": 124.77859497070312, "time": 1.349593139719218}}, {"idx": "3158", "arch": "(((0, 0), (1, 2), (1, 0), (2, 2), (0, 1), (1, 1), (3, 4), (4, 4)), ((0, 3), (1, 4), (0, 2), (2, 3), (1, 2), (2, 3), (0, 3), (4, 0)))", "zen": {"score": 143.6538848876953, "time": 1.4821946006268263}}, {"idx": "3159", "arch": "(((0, 3), (1, 2), (1, 6), (2, 0), (0, 3), (3, 3), (2, 4), (3, 0)), ((0, 3), (1, 0), (1, 6), (2, 2), (1, 2), (3, 6), (2, 1), (4, 4)))", "zen": {"score": 178.37998962402344, "time": 1.4724836717359722}}, {"idx": "3160", "arch": "(((0, 3), (1, 0), (1, 0), (2, 0), (1, 6), (2, 3), (0, 3), (2, 2)), ((0, 5), (1, 0), (1, 1), (2, 2), (2, 6), (3, 1), (2, 1), (4, 3)))", "zen": {"score": 136.01565551757812, "time": 1.513016251847148}}, {"idx": "3161", "arch": "(((0, 3), (1, 4), (0, 1), (1, 6), (0, 1), (2, 0), (0, 6), (2, 2)), ((0, 6), (1, 2), (0, 2), (1, 1), (0, 5), (3, 4), (1, 6), (4, 3)))", "zen": {"score": 146.43911743164062, "time": 1.4145518289878964}}, {"idx": "3162", "arch": "(((0, 6), (1, 0), (1, 5), (2, 4), (0, 2), (3, 0), (0, 6), (3, 3)), ((0, 6), (1, 0), (1, 1), (2, 0), (0, 1), (2, 3), (0, 0), (2, 2)))", "zen": {"score": 140.42794799804688, "time": 1.451965358108282}}, {"idx": "3163", "arch": "(((0, 2), (1, 0), (0, 3), (2, 2), (2, 6), (3, 0), (0, 2), (4, 1)), ((0, 4), (1, 0), (1, 1), (2, 6), (2, 0), (3, 5), (2, 3), (3, 4)))", "zen": {"score": 113.46416473388672, "time": 1.3826666697859764}}, {"idx": "3164", "arch": "(((0, 5), (1, 5), (0, 1), (2, 5), (0, 0), (1, 4), (0, 1), (2, 6)), ((0, 2), (1, 3), (0, 6), (2, 0), (1, 0), (2, 2), (1, 3), (4, 4)))", "zen": {"score": 144.53956604003906, "time": 1.4190428480505943}}, {"idx": "3165", "arch": "(((0, 4), (1, 3), (0, 4), (1, 5), (1, 0), (3, 1), (1, 5), (4, 1)), ((0, 4), (1, 5), (1, 5), (2, 0), (0, 6), (1, 3), (1, 6), (4, 4)))", "zen": {"score": 179.3271026611328, "time": 1.5006588799878955}}, {"idx": "3166", "arch": "(((0, 1), (1, 0), (0, 0), (1, 4), (0, 1), (3, 2), (3, 4), (4, 3)), ((0, 5), (1, 4), (0, 4), (1, 2), (1, 0), (2, 1), (3, 2), (4, 1)))", "zen": {"score": 143.9085235595703, "time": 1.503118527121842}}, {"idx": "3167", "arch": "(((0, 1), (1, 0), (0, 5), (1, 5), (0, 4), (2, 3), (1, 5), (2, 0)), ((0, 1), (1, 0), (0, 5), (1, 4), (1, 4), (3, 4), (3, 6), (4, 5)))", "zen": {"score": 162.73611450195312, "time": 1.4802893921732903}}, {"idx": "3168", "arch": "(((0, 6), (1, 6), (1, 5), (2, 4), (1, 2), (3, 1), (0, 1), (3, 3)), ((0, 3), (1, 3), (0, 5), (1, 2), (2, 4), (3, 3), (0, 0), (2, 5)))", "zen": {"score": 170.04873657226562, "time": 1.3254079609178007}}, {"idx": "3169", "arch": "(((0, 0), (1, 3), (1, 5), (2, 1), (0, 4), (2, 6), (0, 3), (4, 0)), ((0, 0), (1, 0), (0, 0), (2, 5), (0, 0), (2, 0), (2, 0), (4, 4)))", "zen": {"score": 149.37994384765625, "time": 1.5632217656821012}}, {"idx": "3170", "arch": "(((0, 6), (1, 5), (0, 3), (1, 5), (0, 0), (2, 6), (3, 6), (4, 3)), ((0, 0), (1, 6), (0, 1), (1, 6), (0, 2), (1, 0), (3, 3), (4, 1)))", "zen": {"score": 165.66146850585938, "time": 1.4073235769756138}}, {"idx": "3171", "arch": "(((0, 0), (1, 4), (0, 5), (1, 1), (1, 6), (3, 5), (0, 5), (4, 6)), ((0, 3), (1, 1), (0, 2), (2, 4), (0, 6), (2, 2), (1, 3), (4, 1)))", "zen": {"score": 156.89784240722656, "time": 1.3699533361941576}}, {"idx": "3172", "arch": "(((0, 3), (1, 3), (1, 1), (2, 1), (1, 6), (3, 3), (3, 5), (4, 4)), ((0, 2), (1, 4), (0, 4), (2, 3), (0, 6), (1, 5), (1, 1), (3, 3)))", "zen": {"score": 204.90895080566406, "time": 1.4222030080854893}}, {"idx": "3173", "arch": "(((0, 0), (1, 2), (1, 4), (2, 3), (1, 1), (2, 6), (2, 5), (4, 0)), ((0, 4), (1, 4), (0, 6), (1, 0), (0, 2), (3, 5), (1, 4), (2, 1)))", "zen": {"score": 155.83590698242188, "time": 1.4765283069573343}}, {"idx": "3174", "arch": "(((0, 0), (1, 0), (0, 6), (1, 6), (2, 1), (3, 1), (0, 1), (3, 6)), ((0, 3), (1, 4), (0, 5), (1, 0), (2, 1), (3, 3), (2, 3), (4, 4)))", "zen": {"score": 125.17317962646484, "time": 1.4896835149265826}}, {"idx": "3175", "arch": "(((0, 1), (1, 5), (1, 5), (2, 0), (0, 0), (2, 1), (2, 3), (4, 5)), ((0, 1), (1, 4), (0, 6), (2, 4), (1, 2), (2, 6), (0, 6), (4, 5)))", "zen": {"score": 135.4270782470703, "time": 1.5036591510288417}}, {"idx": "3176", "arch": "(((0, 0), (1, 2), (0, 2), (2, 3), (0, 0), (3, 4), (0, 3), (1, 1)), ((0, 0), (1, 2), (0, 5), (1, 2), (0, 4), (3, 0), (2, 1), (4, 1)))", "zen": {"score": 127.25798034667969, "time": 1.4485395760275424}}, {"idx": "3177", "arch": "(((0, 1), (1, 3), (0, 0), (2, 5), (1, 6), (2, 6), (1, 4), (3, 1)), ((0, 6), (1, 5), (0, 5), (2, 5), (0, 1), (2, 4), (0, 3), (3, 5)))", "zen": {"score": 164.99398803710938, "time": 1.4695370011031628}}, {"idx": "3178", "arch": "(((0, 6), (1, 2), (1, 2), (2, 4), (2, 6), (3, 4), (1, 3), (3, 0)), ((0, 6), (1, 6), (1, 4), (2, 1), (1, 1), (3, 4), (2, 5), (4, 2)))", "zen": {"score": 179.77947998046875, "time": 1.3268737341277301}}, {"idx": "3179", "arch": "(((0, 3), (1, 1), (0, 6), (1, 3), (2, 3), (3, 3), (3, 6), (4, 4)), ((0, 0), (1, 6), (1, 2), (2, 3), (0, 5), (3, 6), (0, 5), (3, 6)))", "zen": {"score": 217.823974609375, "time": 1.4426960097625852}}, {"idx": "3180", "arch": "(((0, 3), (1, 4), (0, 4), (2, 2), (0, 3), (2, 2), (0, 5), (2, 0)), ((0, 5), (1, 4), (1, 0), (2, 0), (1, 2), (2, 5), (1, 1), (3, 1)))", "zen": {"score": 165.69813537597656, "time": 1.4760496597737074}}, {"idx": "3181", "arch": "(((0, 4), (1, 0), (0, 0), (1, 3), (1, 6), (2, 6), (0, 1), (1, 1)), ((0, 1), (1, 6), (1, 6), (2, 1), (0, 4), (2, 5), (0, 1), (2, 2)))", "zen": {"score": 135.5489501953125, "time": 1.4694221909157932}}, {"idx": "3182", "arch": "(((0, 2), (1, 6), (0, 1), (2, 1), (0, 4), (2, 6), (0, 6), (1, 6)), ((0, 1), (1, 5), (1, 5), (2, 0), (1, 4), (3, 1), (3, 1), (4, 5)))", "zen": {"score": 138.53506469726562, "time": 1.329490585718304}}, {"idx": "3183", "arch": "(((0, 4), (1, 6), (1, 4), (2, 4), (1, 4), (2, 6), (1, 5), (4, 3)), ((0, 2), (1, 5), (1, 0), (2, 0), (1, 2), (3, 5), (1, 1), (3, 4)))", "zen": {"score": 234.76002502441406, "time": 1.435634920373559}}, {"idx": "3184", "arch": "(((0, 5), (1, 1), (0, 5), (1, 3), (0, 3), (3, 6), (2, 4), (3, 4)), ((0, 5), (1, 2), (0, 2), (1, 2), (1, 3), (3, 0), (0, 5), (1, 1)))", "zen": {"score": 195.08375549316406, "time": 1.4562165602110326}}, {"idx": "3185", "arch": "(((0, 4), (1, 4), (0, 1), (1, 2), (0, 1), (3, 6), (0, 1), (2, 6)), ((0, 1), (1, 1), (1, 3), (2, 3), (0, 6), (3, 5), (1, 1), (4, 2)))", "zen": {"score": 143.76376342773438, "time": 1.3179467990994453}}, {"idx": "3186", "arch": "(((0, 4), (1, 5), (1, 1), (2, 1), (2, 0), (3, 5), (0, 4), (1, 2)), ((0, 0), (1, 5), (1, 2), (2, 0), (1, 2), (2, 4), (3, 5), (4, 3)))", "zen": {"score": 143.9530792236328, "time": 1.4200446931645274}}, {"idx": "3187", "arch": "(((0, 0), (1, 4), (0, 1), (2, 6), (2, 0), (3, 2), (2, 0), (3, 3)), ((0, 3), (1, 5), (0, 4), (1, 0), (0, 3), (3, 6), (0, 0), (2, 4)))", "zen": {"score": 148.72616577148438, "time": 1.5326571981422603}}, {"idx": "3188", "arch": "(((0, 4), (1, 6), (0, 6), (1, 4), (0, 5), (1, 2), (0, 2), (4, 5)), ((0, 6), (1, 2), (0, 0), (1, 1), (1, 4), (2, 3), (1, 0), (4, 1)))", "zen": {"score": 164.10548400878906, "time": 1.2577534182928503}}, {"idx": "3189", "arch": "(((0, 1), (1, 3), (0, 5), (1, 5), (0, 4), (3, 1), (0, 1), (1, 2)), ((0, 0), (1, 0), (0, 1), (2, 0), (1, 0), (2, 1), (1, 3), (4, 3)))", "zen": {"score": 120.81973266601562, "time": 1.3461422598920763}}, {"idx": "3190", "arch": "(((0, 4), (1, 4), (1, 0), (2, 3), (1, 0), (3, 5), (0, 4), (1, 0)), ((0, 3), (1, 3), (0, 3), (1, 2), (0, 2), (2, 2), (0, 0), (1, 1)))", "zen": {"score": 182.52330017089844, "time": 1.5956426030024886}}, {"idx": "3191", "arch": "(((0, 4), (1, 2), (0, 0), (1, 1), (0, 1), (3, 5), (0, 1), (2, 6)), ((0, 1), (1, 0), (0, 3), (1, 4), (0, 0), (2, 5), (1, 1), (3, 1)))", "zen": {"score": 109.76917266845703, "time": 1.4297475581988692}}, {"idx": "3192", "arch": "(((0, 6), (1, 0), (0, 2), (2, 4), (0, 5), (3, 2), (2, 6), (4, 5)), ((0, 0), (1, 5), (1, 6), (2, 4), (2, 0), (3, 1), (1, 3), (4, 5)))", "zen": {"score": 151.9012908935547, "time": 1.291420906316489}}, {"idx": "3193", "arch": "(((0, 6), (1, 0), (1, 0), (2, 4), (0, 4), (1, 5), (1, 3), (4, 2)), ((0, 6), (1, 5), (0, 6), (1, 5), (0, 6), (1, 3), (1, 6), (2, 3)))", "zen": {"score": 183.1726837158203, "time": 1.435774760786444}}, {"idx": "3194", "arch": "(((0, 4), (1, 2), (1, 3), (2, 6), (0, 5), (1, 1), (3, 1), (4, 0)), ((0, 2), (1, 3), (1, 2), (2, 2), (1, 1), (3, 0), (0, 1), (3, 1)))", "zen": {"score": 120.57280731201172, "time": 1.3465142278000712}}, {"idx": "3195", "arch": "(((0, 1), (1, 1), (0, 4), (2, 3), (2, 2), (3, 6), (0, 0), (2, 3)), ((0, 5), (1, 1), (0, 4), (2, 4), (1, 5), (3, 3), (1, 5), (3, 2)))", "zen": {"score": 164.58372497558594, "time": 1.358220310881734}}, {"idx": "3196", "arch": "(((0, 2), (1, 5), (0, 5), (1, 6), (0, 4), (2, 0), (0, 2), (4, 4)), ((0, 4), (1, 0), (0, 6), (2, 5), (2, 5), (3, 4), (0, 3), (4, 1)))", "zen": {"score": 169.65805053710938, "time": 1.293579381890595}}, {"idx": "3197", "arch": "(((0, 1), (1, 3), (0, 1), (2, 2), (2, 2), (3, 5), (1, 0), (2, 4)), ((0, 5), (1, 0), (0, 6), (1, 3), (0, 6), (2, 2), (0, 4), (4, 6)))", "zen": {"score": 139.28707885742188, "time": 1.3042074381373823}}, {"idx": "3198", "arch": "(((0, 3), (1, 4), (1, 2), (2, 5), (1, 3), (2, 1), (3, 4), (4, 0)), ((0, 5), (1, 3), (0, 0), (1, 4), (0, 3), (2, 3), (1, 6), (2, 5)))", "zen": {"score": 196.84030151367188, "time": 1.403483061119914}}, {"idx": "3199", "arch": "(((0, 6), (1, 5), (1, 0), (2, 2), (2, 3), (3, 0), (3, 1), (4, 1)), ((0, 0), (1, 5), (0, 3), (2, 1), (2, 2), (3, 6), (1, 2), (4, 0)))", "zen": {"score": 105.29010772705078, "time": 1.3952023070305586}}]