[{"idx": "7000", "arch": "(((0, 5), (1, 3), (0, 4), (2, 3), (0, 6), (1, 2), (1, 0), (4, 5)), ((0, 2), (1, 0), (0, 3), (1, 1), (0, 0), (1, 4), (0, 0), (1, 1)))", "zen": {"score": 163.9500732421875, "time": 1.4978561089374125}}, {"idx": "7001", "arch": "(((0, 1), (1, 4), (0, 5), (2, 4), (0, 5), (3, 6), (0, 0), (4, 4)), ((0, 0), (1, 3), (1, 0), (2, 4), (1, 1), (2, 6), (0, 5), (4, 3)))", "zen": {"score": 194.59552001953125, "time": 1.5069546573795378}}, {"idx": "7002", "arch": "(((0, 3), (1, 1), (0, 3), (1, 3), (2, 4), (3, 5), (0, 4), (1, 0)), ((0, 3), (1, 6), (1, 0), (2, 5), (0, 0), (3, 4), (1, 0), (3, 1)))", "zen": {"score": 197.83323669433594, "time": 1.5131742772646248}}, {"idx": "7003", "arch": "(((0, 4), (1, 1), (0, 3), (1, 6), (1, 4), (2, 2), (2, 0), (4, 6)), ((0, 6), (1, 1), (0, 4), (2, 0), (1, 2), (3, 6), (3, 4), (4, 6)))", "zen": {"score": 179.3307342529297, "time": 1.385019845329225}}, {"idx": "7004", "arch": "(((0, 4), (1, 3), (0, 0), (1, 3), (0, 6), (3, 3), (1, 4), (3, 0)), ((0, 1), (1, 1), (0, 0), (1, 4), (0, 6), (3, 0), (1, 2), (3, 2)))", "zen": {"score": 188.31861877441406, "time": 1.5217253342270851}}, {"idx": "7005", "arch": "(((0, 3), (1, 2), (0, 2), (2, 1), (1, 3), (3, 1), (0, 2), (1, 4)), ((0, 0), (1, 6), (0, 0), (1, 5), (1, 1), (2, 1), (3, 0), (4, 4)))", "zen": {"score": 123.54045104980469, "time": 1.3052663309499621}}, {"idx": "7006", "arch": "(((0, 6), (1, 5), (0, 5), (1, 4), (1, 3), (3, 0), (2, 4), (3, 0)), ((0, 2), (1, 4), (1, 1), (2, 0), (0, 5), (3, 4), (3, 3), (4, 5)))", "zen": {"score": 189.66978454589844, "time": 1.4786944817751646}}, {"idx": "7007", "arch": "(((0, 5), (1, 0), (1, 2), (2, 5), (0, 6), (1, 4), (0, 6), (2, 4)), ((0, 5), (1, 2), (0, 5), (2, 6), (2, 5), (3, 0), (0, 3), (1, 0)))", "zen": {"score": 169.9005889892578, "time": 1.3742411928251386}}, {"idx": "7008", "arch": "(((0, 2), (1, 1), (1, 6), (2, 4), (0, 1), (1, 1), (1, 6), (2, 1)), ((0, 3), (1, 2), (0, 3), (1, 0), (1, 1), (2, 2), (0, 1), (4, 6)))", "zen": {"score": 111.32437133789062, "time": 1.3245215471833944}}, {"idx": "7009", "arch": "(((0, 0), (1, 0), (1, 5), (2, 6), (0, 4), (1, 6), (2, 2), (3, 6)), ((0, 2), (1, 6), (0, 5), (2, 6), (0, 4), (3, 6), (1, 2), (4, 6)))", "zen": {"score": 157.26087951660156, "time": 1.4100305871106684}}, {"idx": "7010", "arch": "(((0, 0), (1, 1), (0, 5), (1, 5), (1, 6), (2, 0), (1, 1), (3, 1)), ((0, 3), (1, 4), (0, 3), (1, 5), (1, 0), (2, 0), (1, 6), (4, 0)))", "zen": {"score": 103.50785064697266, "time": 1.5208560097962618}}, {"idx": "7011", "arch": "(((0, 1), (1, 4), (1, 2), (2, 1), (0, 2), (3, 5), (1, 6), (3, 6)), ((0, 1), (1, 3), (0, 0), (1, 2), (1, 4), (3, 4), (2, 1), (3, 1)))", "zen": {"score": 132.2938995361328, "time": 1.2968786219134927}}, {"idx": "7012", "arch": "(((0, 6), (1, 4), (0, 1), (1, 5), (1, 3), (3, 1), (2, 3), (3, 3)), ((0, 2), (1, 4), (0, 1), (2, 1), (2, 0), (3, 4), (0, 3), (2, 3)))", "zen": {"score": 193.34674072265625, "time": 1.4469433510676026}}, {"idx": "7013", "arch": "(((0, 3), (1, 2), (0, 5), (2, 4), (0, 0), (3, 3), (0, 0), (3, 0)), ((0, 6), (1, 3), (1, 1), (2, 1), (0, 5), (3, 0), (0, 0), (1, 0)))", "zen": {"score": 136.75294494628906, "time": 1.5773569499142468}}, {"idx": "7014", "arch": "(((0, 6), (1, 0), (0, 1), (2, 3), (2, 3), (3, 3), (1, 0), (2, 4)), ((0, 6), (1, 1), (0, 2), (2, 4), (1, 6), (2, 6), (2, 4), (3, 2)))", "zen": {"score": 188.05177307128906, "time": 1.5648658112622797}}, {"idx": "7015", "arch": "(((0, 1), (1, 1), (0, 0), (1, 6), (0, 5), (2, 4), (0, 5), (1, 0)), ((0, 3), (1, 1), (1, 2), (2, 0), (0, 2), (1, 6), (0, 6), (2, 3)))", "zen": {"score": 126.8775634765625, "time": 1.4806624599732459}}, {"idx": "7016", "arch": "(((0, 4), (1, 1), (1, 3), (2, 3), (0, 4), (3, 3), (3, 4), (4, 6)), ((0, 6), (1, 1), (1, 5), (2, 5), (2, 1), (3, 5), (0, 6), (2, 0)))", "zen": {"score": 225.74400329589844, "time": 1.4503981601446867}}, {"idx": "7017", "arch": "(((0, 2), (1, 0), (0, 6), (1, 5), (0, 5), (2, 5), (2, 4), (4, 0)), ((0, 5), (1, 2), (1, 6), (2, 4), (2, 5), (3, 4), (3, 1), (4, 1)))", "zen": {"score": 148.80819702148438, "time": 1.4095221501775086}}, {"idx": "7018", "arch": "(((0, 1), (1, 6), (0, 6), (1, 1), (2, 5), (3, 0), (0, 0), (2, 2)), ((0, 1), (1, 6), (1, 4), (2, 6), (0, 0), (3, 4), (1, 5), (2, 6)))", "zen": {"score": 112.97346496582031, "time": 1.418172071222216}}, {"idx": "7019", "arch": "(((0, 1), (1, 0), (1, 4), (2, 4), (0, 1), (2, 1), (1, 0), (3, 3)), ((0, 2), (1, 5), (1, 0), (2, 6), (0, 4), (1, 4), (3, 3), (4, 2)))", "zen": {"score": 155.75875854492188, "time": 1.5669118617661297}}, {"idx": "7020", "arch": "(((0, 0), (1, 2), (1, 4), (2, 1), (1, 3), (2, 1), (0, 3), (2, 3)), ((0, 4), (1, 3), (1, 3), (2, 0), (0, 0), (3, 2), (1, 2), (3, 5)))", "zen": {"score": 163.69937133789062, "time": 1.465277818031609}}, {"idx": "7021", "arch": "(((0, 6), (1, 6), (0, 2), (1, 0), (1, 0), (3, 6), (3, 3), (4, 0)), ((0, 1), (1, 5), (0, 6), (2, 2), (2, 4), (3, 3), (0, 3), (4, 5)))", "zen": {"score": 142.9632568359375, "time": 1.4200342209078372}}, {"idx": "7022", "arch": "(((0, 0), (1, 5), (0, 0), (2, 2), (0, 5), (2, 2), (2, 3), (4, 5)), ((0, 1), (1, 4), (0, 0), (1, 5), (1, 6), (2, 1), (0, 5), (1, 0)))", "zen": {"score": 118.50689697265625, "time": 1.4352023098617792}}, {"idx": "7023", "arch": "(((0, 4), (1, 3), (1, 6), (2, 5), (0, 6), (2, 1), (0, 4), (2, 6)), ((0, 5), (1, 3), (1, 4), (2, 0), (1, 0), (2, 4), (1, 2), (3, 6)))", "zen": {"score": 206.7267303466797, "time": 1.372326331678778}}, {"idx": "7024", "arch": "(((0, 6), (1, 5), (1, 0), (2, 1), (0, 2), (3, 6), (1, 1), (4, 6)), ((0, 6), (1, 2), (0, 2), (2, 4), (1, 6), (3, 6), (3, 4), (4, 5)))", "zen": {"score": 132.83421325683594, "time": 1.3369209570810199}}, {"idx": "7025", "arch": "(((0, 0), (1, 4), (1, 3), (2, 5), (1, 4), (2, 1), (1, 2), (4, 4)), ((0, 5), (1, 3), (0, 5), (2, 3), (1, 0), (3, 4), (1, 0), (2, 2)))", "zen": {"score": 190.38743591308594, "time": 1.4464400853030384}}, {"idx": "7026", "arch": "(((0, 6), (1, 5), (0, 5), (2, 0), (0, 2), (1, 6), (0, 1), (3, 3)), ((0, 6), (1, 0), (0, 4), (2, 0), (0, 5), (1, 2), (1, 5), (3, 5)))", "zen": {"score": 135.5504608154297, "time": 1.4022941729053855}}, {"idx": "7027", "arch": "(((0, 0), (1, 0), (1, 0), (2, 1), (0, 3), (1, 1), (3, 4), (4, 5)), ((0, 6), (1, 0), (1, 4), (2, 3), (0, 6), (2, 1), (3, 4), (4, 3)))", "zen": {"score": 149.2969207763672, "time": 1.5895926151424646}}, {"idx": "7028", "arch": "(((0, 1), (1, 5), (0, 4), (2, 4), (1, 1), (2, 3), (1, 6), (3, 2)), ((0, 5), (1, 6), (0, 6), (1, 0), (1, 1), (3, 2), (3, 5), (4, 3)))", "zen": {"score": 166.73143005371094, "time": 1.289391451049596}}, {"idx": "7029", "arch": "(((0, 1), (1, 0), (0, 0), (2, 4), (0, 0), (2, 4), (2, 5), (3, 2)), ((0, 4), (1, 2), (0, 1), (2, 6), (1, 5), (3, 2), (2, 3), (3, 5)))", "zen": {"score": 141.6405029296875, "time": 1.4903427446261048}}, {"idx": "7030", "arch": "(((0, 2), (1, 2), (0, 5), (2, 2), (0, 0), (3, 3), (0, 5), (2, 5)), ((0, 4), (1, 6), (0, 3), (1, 2), (1, 4), (2, 3), (0, 3), (1, 5)))", "zen": {"score": 148.51553344726562, "time": 1.255905356258154}}, {"idx": "7031", "arch": "(((0, 5), (1, 2), (0, 3), (2, 3), (0, 0), (1, 1), (1, 0), (2, 0)), ((0, 1), (1, 2), (0, 1), (1, 6), (1, 1), (3, 2), (3, 4), (4, 5)))", "zen": {"score": 113.26918029785156, "time": 1.4565478600561619}}, {"idx": "7032", "arch": "(((0, 4), (1, 3), (1, 1), (2, 3), (1, 2), (2, 1), (1, 0), (2, 6)), ((0, 5), (1, 0), (1, 6), (2, 3), (2, 1), (3, 0), (0, 2), (3, 4)))", "zen": {"score": 152.91766357421875, "time": 1.4733712552115321}}, {"idx": "7033", "arch": "(((0, 1), (1, 3), (1, 0), (2, 4), (0, 2), (2, 3), (1, 5), (4, 3)), ((0, 0), (1, 3), (1, 6), (2, 4), (0, 5), (1, 5), (2, 2), (3, 6)))", "zen": {"score": 181.4821014404297, "time": 1.422655921895057}}, {"idx": "7034", "arch": "(((0, 5), (1, 5), (0, 6), (1, 0), (1, 0), (3, 6), (1, 5), (4, 5)), ((0, 6), (1, 3), (0, 0), (2, 3), (0, 4), (2, 0), (1, 5), (3, 4)))", "zen": {"score": 155.30152893066406, "time": 1.4312356980517507}}, {"idx": "7035", "arch": "(((0, 1), (1, 5), (0, 0), (1, 1), (1, 0), (3, 3), (0, 0), (1, 0)), ((0, 0), (1, 3), (1, 0), (2, 0), (1, 2), (2, 0), (1, 5), (3, 2)))", "zen": {"score": 83.2711410522461, "time": 1.620091540273279}}, {"idx": "7036", "arch": "(((0, 6), (1, 3), (0, 6), (1, 5), (0, 1), (2, 1), (1, 2), (3, 1)), ((0, 2), (1, 6), (0, 3), (2, 4), (0, 4), (3, 4), (2, 0), (3, 5)))", "zen": {"score": 142.04034423828125, "time": 1.3330710427835584}}, {"idx": "7037", "arch": "(((0, 2), (1, 1), (1, 3), (2, 2), (1, 5), (2, 1), (1, 5), (4, 0)), ((0, 2), (1, 4), (0, 5), (1, 5), (0, 5), (3, 0), (1, 1), (4, 1)))", "zen": {"score": 101.05994415283203, "time": 1.3349975319579244}}, {"idx": "7038", "arch": "(((0, 1), (1, 4), (0, 3), (2, 0), (0, 5), (2, 4), (0, 0), (3, 5)), ((0, 0), (1, 4), (0, 2), (1, 0), (2, 0), (3, 6), (1, 5), (4, 1)))", "zen": {"score": 158.2059783935547, "time": 1.5358403222635388}}, {"idx": "7039", "arch": "(((0, 4), (1, 1), (0, 3), (1, 5), (1, 0), (3, 4), (0, 5), (2, 5)), ((0, 5), (1, 4), (0, 1), (2, 5), (1, 0), (2, 2), (3, 4), (4, 3)))", "zen": {"score": 185.1846466064453, "time": 1.4193654577247798}}, {"idx": "7040", "arch": "(((0, 3), (1, 1), (1, 3), (2, 4), (0, 6), (3, 3), (2, 6), (3, 5)), ((0, 4), (1, 5), (1, 3), (2, 1), (0, 4), (3, 4), (0, 3), (4, 0)))", "zen": {"score": 223.1343994140625, "time": 1.4028461049310863}}, {"idx": "7041", "arch": "(((0, 1), (1, 1), (1, 1), (2, 1), (1, 3), (2, 0), (0, 6), (3, 5)), ((0, 5), (1, 0), (0, 1), (2, 6), (0, 1), (2, 5), (1, 2), (3, 1)))", "zen": {"score": 97.91118621826172, "time": 1.4453051430173218}}, {"idx": "7042", "arch": "(((0, 6), (1, 5), (1, 3), (2, 0), (0, 4), (1, 5), (1, 3), (3, 5)), ((0, 0), (1, 2), (1, 4), (2, 1), (0, 0), (3, 3), (2, 5), (3, 5)))", "zen": {"score": 183.75213623046875, "time": 1.3987140390090644}}, {"idx": "7043", "arch": "(((0, 3), (1, 2), (1, 0), (2, 3), (0, 5), (3, 1), (1, 5), (2, 6)), ((0, 0), (1, 0), (1, 4), (2, 3), (0, 6), (2, 3), (0, 2), (4, 0)))", "zen": {"score": 151.84458923339844, "time": 1.3377367816865444}}, {"idx": "7044", "arch": "(((0, 5), (1, 5), (1, 3), (2, 6), (1, 5), (2, 3), (1, 6), (4, 0)), ((0, 3), (1, 0), (0, 6), (1, 1), (2, 5), (3, 1), (1, 4), (4, 3)))", "zen": {"score": 177.41964721679688, "time": 1.3491634111851454}}, {"idx": "7045", "arch": "(((0, 0), (1, 5), (0, 2), (1, 5), (0, 6), (2, 2), (0, 4), (3, 3)), ((0, 6), (1, 4), (1, 1), (2, 2), (1, 4), (2, 5), (2, 5), (3, 4)))", "zen": {"score": 165.7960205078125, "time": 1.278856035321951}}, {"idx": "7046", "arch": "(((0, 1), (1, 4), (0, 4), (1, 4), (1, 2), (2, 0), (1, 3), (4, 0)), ((0, 0), (1, 5), (0, 1), (2, 5), (0, 0), (2, 3), (1, 2), (2, 2)))", "zen": {"score": 159.27114868164062, "time": 1.5036705057136714}}, {"idx": "7047", "arch": "(((0, 1), (1, 3), (0, 1), (2, 3), (0, 5), (3, 4), (3, 1), (4, 3)), ((0, 0), (1, 1), (0, 3), (2, 1), (0, 1), (1, 5), (1, 0), (4, 6)))", "zen": {"score": 160.1847381591797, "time": 1.3943950566463172}}, {"idx": "7048", "arch": "(((0, 2), (1, 2), (1, 4), (2, 1), (0, 2), (2, 0), (1, 1), (2, 1)), ((0, 3), (1, 2), (1, 0), (2, 4), (1, 3), (3, 5), (2, 6), (4, 0)))", "zen": {"score": 100.5337142944336, "time": 1.3315081791952252}}, {"idx": "7049", "arch": "(((0, 2), (1, 5), (1, 4), (2, 6), (1, 4), (2, 5), (0, 6), (2, 5)), ((0, 0), (1, 3), (0, 1), (2, 6), (1, 3), (2, 1), (1, 6), (3, 2)))", "zen": {"score": 180.49810791015625, "time": 1.3205775180831552}}, {"idx": "7050", "arch": "(((0, 3), (1, 1), (1, 0), (2, 1), (0, 1), (2, 4), (0, 5), (1, 6)), ((0, 1), (1, 6), (0, 2), (2, 3), (0, 3), (1, 3), (0, 4), (3, 4)))", "zen": {"score": 160.50045776367188, "time": 1.4916377803310752}}, {"idx": "7051", "arch": "(((0, 6), (1, 0), (0, 5), (1, 0), (0, 0), (1, 5), (0, 1), (2, 3)), ((0, 6), (1, 4), (0, 6), (1, 3), (1, 0), (3, 0), (0, 1), (4, 1)))", "zen": {"score": 119.83678436279297, "time": 1.507914257235825}}, {"idx": "7052", "arch": "(((0, 1), (1, 6), (1, 1), (2, 4), (1, 4), (2, 3), (0, 5), (2, 4)), ((0, 3), (1, 1), (1, 1), (2, 2), (1, 6), (2, 0), (2, 6), (3, 5)))", "zen": {"score": 191.3274688720703, "time": 1.3896753508597612}}, {"idx": "7053", "arch": "(((0, 0), (1, 2), (0, 3), (2, 6), (1, 2), (2, 2), (0, 2), (3, 5)), ((0, 6), (1, 4), (1, 5), (2, 5), (0, 0), (2, 1), (1, 0), (3, 5)))", "zen": {"score": 113.7259292602539, "time": 1.20889608329162}}, {"idx": "7054", "arch": "(((0, 1), (1, 3), (1, 3), (2, 1), (2, 1), (3, 1), (3, 2), (4, 4)), ((0, 1), (1, 0), (0, 2), (2, 0), (2, 6), (3, 4), (3, 1), (4, 5)))", "zen": {"score": 131.74655151367188, "time": 1.3628911478444934}}, {"idx": "7055", "arch": "(((0, 5), (1, 0), (0, 4), (1, 1), (0, 3), (2, 6), (2, 0), (3, 3)), ((0, 0), (1, 1), (0, 6), (2, 5), (1, 4), (3, 4), (0, 5), (2, 0)))", "zen": {"score": 167.69241333007812, "time": 1.4789094859734178}}, {"idx": "7056", "arch": "(((0, 4), (1, 6), (1, 1), (2, 6), (0, 4), (2, 0), (3, 0), (4, 6)), ((0, 3), (1, 1), (0, 6), (2, 5), (2, 6), (3, 1), (2, 3), (3, 0)))", "zen": {"score": 165.57774353027344, "time": 1.4480807450599968}}, {"idx": "7057", "arch": "(((0, 4), (1, 0), (0, 6), (1, 5), (1, 1), (3, 3), (2, 1), (3, 6)), ((0, 0), (1, 4), (1, 5), (2, 2), (1, 3), (2, 5), (0, 3), (4, 1)))", "zen": {"score": 159.7194061279297, "time": 1.3909286297857761}}, {"idx": "7058", "arch": "(((0, 0), (1, 0), (1, 1), (2, 4), (2, 3), (3, 4), (0, 4), (3, 1)), ((0, 0), (1, 1), (1, 6), (2, 1), (0, 3), (1, 3), (2, 2), (4, 2)))", "zen": {"score": 168.92227172851562, "time": 1.5292912018485367}}, {"idx": "7059", "arch": "(((0, 6), (1, 6), (1, 6), (2, 4), (1, 6), (3, 3), (0, 5), (3, 2)), ((0, 3), (1, 1), (0, 0), (1, 2), (0, 5), (2, 4), (2, 3), (4, 0)))", "zen": {"score": 185.0560302734375, "time": 1.2883008630014956}}, {"idx": "7060", "arch": "(((0, 0), (1, 6), (1, 0), (2, 2), (1, 1), (2, 6), (0, 0), (4, 2)), ((0, 1), (1, 0), (0, 4), (2, 3), (1, 2), (2, 1), (3, 4), (4, 1)))", "zen": {"score": 94.72742462158203, "time": 1.4362919237464666}}, {"idx": "7061", "arch": "(((0, 0), (1, 5), (1, 6), (2, 2), (0, 3), (2, 2), (1, 6), (4, 6)), ((0, 5), (1, 6), (0, 3), (1, 5), (0, 0), (2, 2), (0, 0), (1, 2)))", "zen": {"score": 134.65328979492188, "time": 1.311757414136082}}, {"idx": "7062", "arch": "(((0, 6), (1, 5), (1, 6), (2, 4), (2, 2), (3, 1), (1, 3), (2, 3)), ((0, 3), (1, 1), (1, 3), (2, 6), (0, 4), (3, 1), (0, 1), (3, 1)))", "zen": {"score": 177.72088623046875, "time": 1.3202178068459034}}, {"idx": "7063", "arch": "(((0, 1), (1, 0), (0, 5), (1, 3), (2, 0), (3, 4), (0, 3), (2, 5)), ((0, 0), (1, 4), (0, 1), (1, 2), (1, 5), (2, 3), (0, 4), (2, 1)))", "zen": {"score": 165.75283813476562, "time": 1.4980360218323767}}, {"idx": "7064", "arch": "(((0, 4), (1, 5), (1, 4), (2, 4), (1, 1), (2, 0), (0, 1), (2, 2)), ((0, 1), (1, 6), (0, 3), (1, 4), (1, 5), (3, 5), (0, 4), (3, 3)))", "zen": {"score": 179.76400756835938, "time": 1.403342648409307}}, {"idx": "7065", "arch": "(((0, 1), (1, 6), (1, 6), (2, 3), (0, 3), (1, 6), (0, 2), (1, 2)), ((0, 0), (1, 5), (1, 0), (2, 3), (2, 3), (3, 6), (0, 4), (1, 5)))", "zen": {"score": 159.29583740234375, "time": 1.2523116120137274}}, {"idx": "7066", "arch": "(((0, 2), (1, 4), (0, 0), (1, 2), (1, 4), (3, 2), (0, 2), (3, 6)), ((0, 1), (1, 0), (0, 5), (1, 4), (1, 4), (3, 1), (1, 1), (4, 5)))", "zen": {"score": 133.20181274414062, "time": 1.284365075174719}}, {"idx": "7067", "arch": "(((0, 3), (1, 3), (0, 5), (1, 2), (0, 6), (3, 2), (2, 4), (4, 5)), ((0, 6), (1, 2), (0, 1), (1, 5), (0, 0), (1, 0), (1, 5), (2, 4)))", "zen": {"score": 170.7399444580078, "time": 1.3141993270255625}}, {"idx": "7068", "arch": "(((0, 1), (1, 1), (0, 0), (1, 4), (0, 5), (1, 0), (3, 0), (4, 3)), ((0, 4), (1, 4), (0, 4), (2, 2), (0, 1), (3, 4), (1, 3), (2, 1)))", "zen": {"score": 145.33343505859375, "time": 1.568850056733936}}, {"idx": "7069", "arch": "(((0, 6), (1, 4), (0, 1), (1, 2), (1, 3), (3, 0), (1, 0), (2, 5)), ((0, 6), (1, 2), (0, 3), (1, 6), (1, 5), (2, 4), (0, 5), (1, 2)))", "zen": {"score": 149.35049438476562, "time": 1.4362051449716091}}, {"idx": "7070", "arch": "(((0, 5), (1, 4), (0, 5), (2, 4), (0, 0), (1, 1), (2, 2), (4, 4)), ((0, 2), (1, 1), (0, 6), (1, 5), (0, 4), (1, 4), (0, 4), (4, 0)))", "zen": {"score": 183.4103546142578, "time": 1.401818416081369}}, {"idx": "7071", "arch": "(((0, 3), (1, 6), (1, 1), (2, 1), (2, 6), (3, 6), (1, 6), (2, 4)), ((0, 4), (1, 4), (1, 5), (2, 3), (0, 0), (3, 6), (1, 1), (4, 6)))", "zen": {"score": 185.71817016601562, "time": 1.3401924297213554}}, {"idx": "7072", "arch": "(((0, 4), (1, 6), (0, 0), (1, 2), (1, 0), (3, 1), (0, 3), (2, 6)), ((0, 6), (1, 2), (1, 0), (2, 1), (0, 0), (3, 2), (0, 2), (4, 0)))", "zen": {"score": 121.66398620605469, "time": 1.4770889380015433}}, {"idx": "7073", "arch": "(((0, 0), (1, 6), (0, 6), (2, 4), (0, 1), (1, 1), (0, 4), (3, 6)), ((0, 1), (1, 0), (0, 4), (1, 2), (0, 5), (1, 6), (0, 2), (2, 6)))", "zen": {"score": 160.1632080078125, "time": 1.4114398411475122}}, {"idx": "7074", "arch": "(((0, 1), (1, 0), (0, 6), (2, 2), (1, 4), (3, 5), (1, 3), (4, 3)), ((0, 3), (1, 4), (0, 6), (2, 0), (2, 4), (3, 5), (0, 3), (3, 3)))", "zen": {"score": 190.1818084716797, "time": 1.4086407590657473}}, {"idx": "7075", "arch": "(((0, 0), (1, 0), (1, 1), (2, 2), (0, 3), (1, 0), (1, 5), (2, 6)), ((0, 5), (1, 1), (1, 0), (2, 5), (1, 1), (3, 4), (3, 3), (4, 6)))", "zen": {"score": 117.51519012451172, "time": 1.4756689961068332}}, {"idx": "7076", "arch": "(((0, 3), (1, 1), (0, 6), (1, 4), (1, 4), (2, 3), (0, 1), (2, 1)), ((0, 4), (1, 1), (1, 2), (2, 5), (1, 6), (2, 2), (1, 3), (4, 1)))", "zen": {"score": 176.16087341308594, "time": 1.3958717547357082}}, {"idx": "7077", "arch": "(((0, 5), (1, 5), (0, 5), (1, 3), (2, 4), (3, 4), (0, 5), (3, 6)), ((0, 1), (1, 4), (1, 3), (2, 0), (2, 0), (3, 1), (0, 6), (2, 4)))", "zen": {"score": 207.28309631347656, "time": 1.3827026961371303}}, {"idx": "7078", "arch": "(((0, 1), (1, 4), (1, 2), (2, 2), (2, 6), (3, 2), (1, 4), (4, 2)), ((0, 2), (1, 1), (0, 2), (2, 2), (1, 0), (3, 6), (2, 5), (4, 3)))", "zen": {"score": 129.55810546875, "time": 1.1632544379681349}}, {"idx": "7079", "arch": "(((0, 3), (1, 3), (0, 6), (1, 1), (2, 3), (3, 2), (0, 2), (3, 3)), ((0, 1), (1, 5), (1, 1), (2, 4), (2, 5), (3, 1), (1, 2), (2, 0)))", "zen": {"score": 159.51206970214844, "time": 1.2876529321074486}}, {"idx": "7080", "arch": "(((0, 1), (1, 3), (1, 2), (2, 2), (0, 5), (2, 4), (2, 3), (3, 1)), ((0, 3), (1, 5), (1, 2), (2, 5), (1, 3), (2, 3), (2, 5), (4, 5)))", "zen": {"score": 164.3830108642578, "time": 1.2394314398989081}}, {"idx": "7081", "arch": "(((0, 2), (1, 4), (0, 3), (1, 1), (0, 2), (3, 6), (2, 3), (3, 2)), ((0, 5), (1, 1), (0, 5), (1, 6), (1, 1), (2, 6), (2, 4), (3, 3)))", "zen": {"score": 159.2682647705078, "time": 1.1957495319657028}}, {"idx": "7082", "arch": "(((0, 5), (1, 1), (0, 4), (1, 0), (0, 5), (3, 1), (1, 6), (4, 2)), ((0, 2), (1, 4), (1, 2), (2, 4), (2, 2), (3, 1), (3, 4), (4, 4)))", "zen": {"score": 142.47752380371094, "time": 1.3502991539426148}}, {"idx": "7083", "arch": "(((0, 3), (1, 6), (1, 5), (2, 3), (0, 0), (3, 4), (2, 0), (4, 0)), ((0, 5), (1, 6), (0, 2), (1, 1), (1, 3), (2, 2), (0, 2), (3, 1)))", "zen": {"score": 156.06118774414062, "time": 1.5374587248079479}}, {"idx": "7084", "arch": "(((0, 5), (1, 2), (0, 3), (1, 4), (1, 3), (2, 4), (2, 4), (3, 0)), ((0, 2), (1, 5), (1, 0), (2, 4), (0, 1), (3, 1), (2, 1), (4, 0)))", "zen": {"score": 192.38368225097656, "time": 1.4564288300462067}}, {"idx": "7085", "arch": "(((0, 3), (1, 4), (0, 1), (2, 5), (1, 3), (2, 4), (3, 1), (4, 0)), ((0, 2), (1, 5), (0, 1), (1, 4), (0, 0), (3, 1), (2, 2), (4, 5)))", "zen": {"score": 168.95394897460938, "time": 1.4545418252237141}}, {"idx": "7086", "arch": "(((0, 5), (1, 0), (1, 2), (2, 4), (1, 6), (3, 6), (3, 4), (4, 6)), ((0, 3), (1, 5), (0, 5), (2, 5), (2, 4), (3, 2), (2, 0), (4, 5)))", "zen": {"score": 186.0312957763672, "time": 1.4108172128908336}}, {"idx": "7087", "arch": "(((0, 4), (1, 3), (0, 3), (1, 3), (0, 3), (2, 4), (1, 3), (3, 0)), ((0, 4), (1, 4), (0, 4), (2, 2), (0, 2), (3, 4), (2, 4), (3, 0)))", "zen": {"score": 254.57510375976562, "time": 1.5419436218217015}}, {"idx": "7088", "arch": "(((0, 2), (1, 5), (0, 1), (2, 5), (0, 3), (1, 0), (3, 5), (4, 4)), ((0, 5), (1, 3), (0, 6), (2, 6), (0, 0), (2, 3), (1, 5), (4, 4)))", "zen": {"score": 167.3890838623047, "time": 1.3793260999955237}}, {"idx": "7089", "arch": "(((0, 3), (1, 0), (0, 5), (2, 6), (0, 3), (3, 4), (1, 6), (3, 2)), ((0, 1), (1, 0), (0, 6), (1, 1), (2, 6), (3, 4), (2, 2), (3, 1)))", "zen": {"score": 168.8812713623047, "time": 1.3298009308055043}}, {"idx": "7090", "arch": "(((0, 6), (1, 4), (0, 3), (2, 5), (1, 6), (3, 5), (0, 5), (1, 2)), ((0, 0), (1, 1), (1, 0), (2, 5), (0, 0), (1, 3), (2, 5), (3, 4)))", "zen": {"score": 174.0747833251953, "time": 1.3137524011544883}}, {"idx": "7091", "arch": "(((0, 0), (1, 2), (0, 3), (1, 0), (1, 3), (2, 0), (2, 6), (3, 1)), ((0, 0), (1, 5), (1, 6), (2, 3), (0, 5), (3, 3), (3, 2), (4, 4)))", "zen": {"score": 135.5015411376953, "time": 1.5110082612372935}}, {"idx": "7092", "arch": "(((0, 5), (1, 2), (0, 2), (1, 3), (1, 0), (2, 6), (0, 1), (4, 0)), ((0, 3), (1, 1), (0, 2), (2, 0), (1, 4), (2, 4), (2, 3), (3, 4)))", "zen": {"score": 131.34930419921875, "time": 1.4384127869270742}}, {"idx": "7093", "arch": "(((0, 6), (1, 1), (0, 6), (1, 4), (1, 2), (2, 6), (2, 0), (4, 0)), ((0, 6), (1, 2), (1, 4), (2, 6), (2, 0), (3, 5), (3, 5), (4, 5)))", "zen": {"score": 140.35482788085938, "time": 1.419760959688574}}, {"idx": "7094", "arch": "(((0, 0), (1, 3), (0, 4), (2, 4), (2, 6), (3, 1), (0, 4), (1, 5)), ((0, 6), (1, 4), (1, 4), (2, 0), (0, 0), (1, 0), (0, 6), (1, 4)))", "zen": {"score": 207.59718322753906, "time": 1.5202541882172227}}, {"idx": "7095", "arch": "(((0, 4), (1, 4), (1, 3), (2, 1), (0, 1), (1, 3), (1, 0), (3, 1)), ((0, 6), (1, 4), (0, 0), (1, 0), (0, 6), (3, 0), (0, 6), (1, 6)))", "zen": {"score": 161.95965576171875, "time": 1.4998054360039532}}, {"idx": "7096", "arch": "(((0, 5), (1, 5), (0, 5), (1, 5), (0, 1), (1, 0), (0, 4), (4, 3)), ((0, 3), (1, 4), (1, 6), (2, 4), (1, 3), (2, 4), (0, 6), (4, 5)))", "zen": {"score": 189.33120727539062, "time": 1.395608687773347}}, {"idx": "7097", "arch": "(((0, 6), (1, 2), (0, 3), (1, 5), (0, 2), (1, 5), (0, 0), (4, 3)), ((0, 3), (1, 3), (1, 4), (2, 3), (2, 5), (3, 2), (0, 1), (4, 6)))", "zen": {"score": 159.92372131347656, "time": 1.327866946812719}}, {"idx": "7098", "arch": "(((0, 5), (1, 1), (0, 2), (2, 1), (0, 3), (1, 3), (0, 3), (2, 3)), ((0, 2), (1, 3), (0, 6), (2, 5), (0, 6), (2, 4), (1, 6), (3, 1)))", "zen": {"score": 172.68138122558594, "time": 1.3989974749274552}}, {"idx": "7099", "arch": "(((0, 4), (1, 6), (1, 1), (2, 0), (0, 3), (1, 5), (2, 4), (4, 1)), ((0, 3), (1, 5), (0, 1), (2, 5), (1, 3), (2, 1), (1, 3), (2, 2)))", "zen": {"score": 169.28350830078125, "time": 1.4641834809444845}}, {"idx": "7100", "arch": "(((0, 0), (1, 1), (1, 1), (2, 0), (0, 5), (1, 6), (0, 5), (1, 0)), ((0, 3), (1, 5), (0, 6), (2, 0), (0, 3), (3, 5), (1, 0), (2, 6)))", "zen": {"score": 103.70236206054688, "time": 1.5105022578500211}}, {"idx": "7101", "arch": "(((0, 4), (1, 6), (1, 2), (2, 0), (0, 5), (1, 4), (0, 5), (4, 1)), ((0, 5), (1, 3), (1, 4), (2, 3), (1, 4), (2, 4), (0, 4), (2, 5)))", "zen": {"score": 189.8028106689453, "time": 1.363910662010312}}, {"idx": "7102", "arch": "(((0, 2), (1, 1), (1, 3), (2, 0), (0, 2), (3, 4), (2, 3), (3, 0)), ((0, 1), (1, 3), (0, 6), (1, 2), (1, 0), (3, 4), (1, 1), (2, 6)))", "zen": {"score": 140.7149200439453, "time": 1.4707831628620625}}, {"idx": "7103", "arch": "(((0, 2), (1, 3), (0, 0), (1, 0), (0, 5), (1, 4), (0, 3), (3, 6)), ((0, 5), (1, 5), (1, 1), (2, 1), (0, 4), (2, 3), (0, 6), (1, 5)))", "zen": {"score": 167.19932556152344, "time": 1.4152949368581176}}, {"idx": "7104", "arch": "(((0, 3), (1, 3), (0, 0), (2, 4), (2, 4), (3, 5), (2, 1), (3, 0)), ((0, 1), (1, 0), (0, 0), (1, 0), (0, 5), (3, 0), (0, 2), (4, 4)))", "zen": {"score": 168.10926818847656, "time": 1.547557997982949}}, {"idx": "7105", "arch": "(((0, 3), (1, 6), (0, 2), (1, 2), (1, 3), (3, 4), (1, 2), (2, 1)), ((0, 6), (1, 0), (0, 6), (1, 4), (2, 5), (3, 3), (0, 2), (2, 3)))", "zen": {"score": 163.84771728515625, "time": 1.2451778389513493}}, {"idx": "7106", "arch": "(((0, 4), (1, 2), (0, 6), (1, 5), (2, 6), (3, 1), (2, 5), (3, 5)), ((0, 5), (1, 5), (0, 5), (2, 4), (1, 2), (3, 0), (0, 2), (2, 4)))", "zen": {"score": 163.13046264648438, "time": 1.2820490882731974}}, {"idx": "7107", "arch": "(((0, 4), (1, 1), (0, 0), (1, 5), (0, 4), (1, 0), (0, 1), (2, 6)), ((0, 1), (1, 5), (0, 5), (2, 3), (0, 1), (3, 0), (1, 6), (3, 3)))", "zen": {"score": 144.00157165527344, "time": 1.4844342689029872}}, {"idx": "7108", "arch": "(((0, 3), (1, 5), (0, 2), (1, 2), (0, 1), (3, 4), (1, 4), (2, 4)), ((0, 3), (1, 4), (0, 1), (2, 2), (0, 0), (1, 1), (2, 1), (4, 2)))", "zen": {"score": 170.85330200195312, "time": 1.2820950970053673}}, {"idx": "7109", "arch": "(((0, 6), (1, 2), (0, 1), (2, 0), (1, 6), (3, 6), (2, 5), (3, 2)), ((0, 3), (1, 1), (1, 5), (2, 2), (1, 4), (3, 1), (0, 4), (2, 5)))", "zen": {"score": 125.4737548828125, "time": 1.2377752047032118}}, {"idx": "7110", "arch": "(((0, 0), (1, 2), (0, 0), (1, 2), (1, 2), (3, 3), (0, 5), (1, 5)), ((0, 4), (1, 4), (1, 3), (2, 2), (0, 3), (2, 1), (3, 2), (4, 3)))", "zen": {"score": 124.64110565185547, "time": 1.3087441301904619}}, {"idx": "7111", "arch": "(((0, 5), (1, 3), (1, 4), (2, 1), (0, 3), (1, 3), (1, 4), (3, 5)), ((0, 2), (1, 0), (1, 6), (2, 5), (0, 2), (1, 3), (3, 0), (4, 4)))", "zen": {"score": 210.7506103515625, "time": 1.4108827742747962}}, {"idx": "7112", "arch": "(((0, 6), (1, 1), (0, 1), (2, 6), (2, 6), (3, 0), (0, 4), (1, 0)), ((0, 1), (1, 1), (1, 4), (2, 5), (2, 6), (3, 4), (0, 0), (4, 4)))", "zen": {"score": 144.98733520507812, "time": 1.4605435030534863}}, {"idx": "7113", "arch": "(((0, 2), (1, 1), (0, 2), (2, 6), (0, 5), (3, 4), (0, 1), (2, 0)), ((0, 3), (1, 6), (1, 5), (2, 5), (2, 5), (3, 0), (2, 0), (3, 4)))", "zen": {"score": 125.7242202758789, "time": 1.320651582442224}}, {"idx": "7114", "arch": "(((0, 0), (1, 2), (0, 4), (1, 5), (0, 2), (1, 3), (2, 6), (3, 2)), ((0, 2), (1, 6), (0, 2), (2, 1), (0, 3), (3, 0), (0, 2), (1, 1)))", "zen": {"score": 128.27171325683594, "time": 1.286751972977072}}, {"idx": "7115", "arch": "(((0, 4), (1, 3), (0, 0), (2, 5), (0, 5), (3, 4), (0, 0), (2, 2)), ((0, 3), (1, 6), (0, 0), (1, 2), (0, 2), (2, 3), (2, 5), (3, 6)))", "zen": {"score": 173.22276306152344, "time": 1.4591743862256408}}, {"idx": "7116", "arch": "(((0, 4), (1, 3), (1, 5), (2, 2), (2, 1), (3, 4), (2, 5), (3, 0)), ((0, 0), (1, 0), (0, 0), (1, 4), (0, 1), (1, 0), (1, 3), (4, 3)))", "zen": {"score": 166.03387451171875, "time": 1.4282844439148903}}, {"idx": "7117", "arch": "(((0, 2), (1, 1), (0, 5), (1, 6), (0, 6), (1, 3), (1, 5), (4, 5)), ((0, 4), (1, 4), (0, 2), (1, 0), (0, 4), (3, 3), (0, 4), (4, 3)))", "zen": {"score": 174.84181213378906, "time": 1.269514829851687}}, {"idx": "7118", "arch": "(((0, 5), (1, 6), (0, 1), (2, 1), (2, 5), (3, 5), (2, 5), (3, 6)), ((0, 6), (1, 4), (0, 4), (1, 2), (2, 4), (3, 1), (0, 5), (2, 0)))", "zen": {"score": 151.1877899169922, "time": 1.324914526194334}}, {"idx": "7119", "arch": "(((0, 2), (1, 5), (0, 1), (2, 0), (1, 1), (2, 0), (1, 6), (2, 5)), ((0, 6), (1, 4), (1, 0), (2, 6), (2, 6), (3, 5), (0, 4), (1, 0)))", "zen": {"score": 110.77534484863281, "time": 1.4496261132881045}}, {"idx": "7120", "arch": "(((0, 4), (1, 0), (0, 5), (2, 2), (1, 1), (2, 5), (1, 6), (4, 3)), ((0, 3), (1, 3), (0, 6), (2, 4), (1, 4), (3, 6), (2, 4), (4, 0)))", "zen": {"score": 180.5513916015625, "time": 1.3940810170024633}}, {"idx": "7121", "arch": "(((0, 1), (1, 2), (0, 4), (2, 5), (0, 3), (2, 6), (0, 1), (4, 1)), ((0, 5), (1, 4), (0, 1), (1, 5), (1, 2), (3, 2), (0, 6), (1, 2)))", "zen": {"score": 135.537841796875, "time": 1.3234558450058103}}, {"idx": "7122", "arch": "(((0, 3), (1, 3), (1, 0), (2, 3), (0, 2), (3, 6), (1, 1), (3, 5)), ((0, 3), (1, 6), (0, 1), (2, 3), (1, 5), (2, 2), (1, 3), (3, 4)))", "zen": {"score": 174.91583251953125, "time": 1.3662494430318475}}, {"idx": "7123", "arch": "(((0, 3), (1, 1), (0, 0), (1, 4), (1, 4), (2, 5), (0, 0), (3, 4)), ((0, 0), (1, 3), (0, 4), (2, 4), (2, 0), (3, 5), (2, 4), (3, 6)))", "zen": {"score": 203.4630584716797, "time": 1.5179418749175966}}, {"idx": "7124", "arch": "(((0, 1), (1, 3), (0, 5), (1, 0), (0, 6), (2, 2), (1, 3), (4, 3)), ((0, 0), (1, 4), (0, 5), (1, 4), (1, 5), (3, 6), (2, 2), (4, 0)))", "zen": {"score": 160.3536376953125, "time": 1.3729966119863093}}, {"idx": "7125", "arch": "(((0, 1), (1, 4), (1, 1), (2, 5), (0, 2), (2, 1), (3, 3), (4, 0)), ((0, 1), (1, 1), (0, 1), (2, 0), (0, 2), (3, 3), (0, 1), (1, 3)))", "zen": {"score": 116.78311157226562, "time": 1.4105220809578896}}, {"idx": "7126", "arch": "(((0, 1), (1, 5), (0, 5), (2, 3), (0, 5), (1, 6), (2, 5), (4, 4)), ((0, 5), (1, 6), (0, 0), (2, 2), (0, 0), (3, 6), (0, 5), (3, 1)))", "zen": {"score": 164.10317993164062, "time": 1.3180124051868916}}, {"idx": "7127", "arch": "(((0, 6), (1, 1), (0, 2), (1, 3), (0, 1), (3, 1), (0, 5), (3, 6)), ((0, 4), (1, 0), (0, 6), (2, 4), (2, 1), (3, 2), (1, 5), (2, 3)))", "zen": {"score": 132.09555053710938, "time": 1.2643798179924488}}, {"idx": "7128", "arch": "(((0, 1), (1, 4), (1, 3), (2, 3), (1, 4), (3, 2), (3, 3), (4, 0)), ((0, 3), (1, 5), (1, 0), (2, 0), (1, 6), (3, 4), (1, 2), (3, 5)))", "zen": {"score": 195.57266235351562, "time": 1.4513581073842943}}, {"idx": "7129", "arch": "(((0, 6), (1, 6), (1, 0), (2, 4), (2, 6), (3, 5), (1, 2), (2, 3)), ((0, 2), (1, 5), (1, 2), (2, 3), (0, 1), (2, 4), (0, 6), (2, 6)))", "zen": {"score": 180.36073303222656, "time": 1.3245649370364845}}, {"idx": "7130", "arch": "(((0, 3), (1, 3), (0, 4), (1, 1), (0, 2), (1, 0), (0, 0), (4, 0)), ((0, 1), (1, 6), (0, 5), (2, 3), (1, 1), (3, 1), (1, 5), (2, 1)))", "zen": {"score": 126.7876205444336, "time": 1.5074023283086717}}, {"idx": "7131", "arch": "(((0, 3), (1, 1), (1, 3), (2, 2), (0, 4), (3, 2), (0, 4), (1, 6)), ((0, 0), (1, 6), (0, 2), (1, 6), (0, 2), (2, 1), (0, 3), (3, 0)))", "zen": {"score": 168.60536193847656, "time": 1.3156693899072707}}, {"idx": "7132", "arch": "(((0, 4), (1, 0), (0, 0), (1, 3), (0, 0), (2, 5), (2, 5), (4, 6)), ((0, 6), (1, 0), (0, 4), (1, 5), (1, 3), (3, 0), (0, 1), (1, 6)))", "zen": {"score": 157.43519592285156, "time": 1.553388965781778}}, {"idx": "7133", "arch": "(((0, 4), (1, 4), (1, 6), (2, 2), (1, 3), (2, 3), (1, 5), (3, 5)), ((0, 1), (1, 4), (0, 6), (1, 2), (1, 1), (3, 2), (2, 5), (3, 6)))", "zen": {"score": 200.439208984375, "time": 1.2642479818314314}}, {"idx": "7134", "arch": "(((0, 1), (1, 4), (0, 2), (1, 2), (2, 5), (3, 0), (1, 1), (2, 0)), ((0, 4), (1, 4), (1, 1), (2, 3), (2, 3), (3, 5), (0, 3), (2, 1)))", "zen": {"score": 123.63855743408203, "time": 1.3939984627068043}}, {"idx": "7135", "arch": "(((0, 6), (1, 3), (1, 4), (2, 0), (0, 5), (3, 4), (0, 6), (3, 4)), ((0, 6), (1, 3), (1, 2), (2, 5), (1, 5), (3, 6), (1, 3), (3, 6)))", "zen": {"score": 224.61776733398438, "time": 1.4073085393756628}}, {"idx": "7136", "arch": "(((0, 5), (1, 0), (0, 6), (1, 2), (1, 4), (3, 0), (0, 4), (3, 1)), ((0, 6), (1, 5), (1, 3), (2, 0), (1, 0), (3, 5), (0, 3), (1, 5)))", "zen": {"score": 146.90260314941406, "time": 1.4381235679611564}}, {"idx": "7137", "arch": "(((0, 3), (1, 5), (0, 3), (2, 1), (0, 3), (1, 4), (0, 0), (1, 3)), ((0, 6), (1, 6), (1, 2), (2, 6), (0, 0), (2, 6), (2, 3), (3, 5)))", "zen": {"score": 195.04576110839844, "time": 1.456022182945162}}, {"idx": "7138", "arch": "(((0, 2), (1, 5), (0, 5), (2, 4), (0, 4), (3, 4), (2, 5), (4, 3)), ((0, 3), (1, 1), (0, 5), (2, 3), (2, 4), (3, 0), (1, 4), (4, 5)))", "zen": {"score": 225.06314086914062, "time": 1.3134888079948723}}, {"idx": "7139", "arch": "(((0, 6), (1, 1), (1, 5), (2, 0), (2, 1), (3, 0), (0, 0), (1, 1)), ((0, 0), (1, 5), (0, 1), (1, 6), (0, 3), (3, 3), (1, 6), (3, 6)))", "zen": {"score": 94.06549072265625, "time": 1.549749543890357}}, {"idx": "7140", "arch": "(((0, 2), (1, 4), (0, 1), (2, 3), (0, 5), (3, 6), (0, 2), (1, 3)), ((0, 5), (1, 3), (1, 6), (2, 6), (0, 4), (3, 3), (1, 5), (3, 5)))", "zen": {"score": 182.58192443847656, "time": 1.275229451712221}}, {"idx": "7141", "arch": "(((0, 6), (1, 6), (1, 1), (2, 1), (0, 5), (1, 2), (0, 0), (3, 4)), ((0, 1), (1, 2), (0, 1), (2, 2), (0, 2), (2, 3), (0, 1), (4, 0)))", "zen": {"score": 112.20228576660156, "time": 1.3241610657423735}}, {"idx": "7142", "arch": "(((0, 0), (1, 1), (1, 3), (2, 4), (1, 5), (2, 5), (0, 1), (3, 0)), ((0, 4), (1, 0), (0, 2), (2, 3), (0, 6), (1, 5), (0, 4), (1, 2)))", "zen": {"score": 150.98233032226562, "time": 1.5012221280485392}}, {"idx": "7143", "arch": "(((0, 3), (1, 4), (1, 5), (2, 6), (1, 1), (3, 5), (0, 5), (3, 4)), ((0, 4), (1, 2), (1, 5), (2, 5), (0, 0), (1, 2), (2, 2), (4, 0)))", "zen": {"score": 185.1731414794922, "time": 1.3617733791470528}}, {"idx": "7144", "arch": "(((0, 4), (1, 1), (1, 6), (2, 2), (1, 5), (2, 2), (2, 2), (3, 4)), ((0, 5), (1, 2), (1, 6), (2, 1), (0, 6), (2, 2), (1, 5), (2, 0)))", "zen": {"score": 137.29702758789062, "time": 1.1915545356459916}}, {"idx": "7145", "arch": "(((0, 5), (1, 1), (1, 6), (2, 1), (1, 1), (3, 1), (1, 5), (4, 1)), ((0, 5), (1, 0), (0, 1), (2, 5), (0, 1), (1, 0), (1, 3), (4, 1)))", "zen": {"score": 84.7752456665039, "time": 1.360788244754076}}, {"idx": "7146", "arch": "(((0, 2), (1, 0), (0, 5), (2, 6), (2, 5), (3, 4), (1, 1), (2, 6)), ((0, 0), (1, 4), (1, 0), (2, 1), (1, 0), (3, 1), (3, 3), (4, 2)))", "zen": {"score": 138.01837158203125, "time": 1.3655377831310034}}, {"idx": "7147", "arch": "(((0, 5), (1, 1), (1, 5), (2, 2), (1, 3), (2, 2), (0, 1), (3, 5)), ((0, 6), (1, 0), (0, 3), (1, 2), (0, 4), (1, 3), (2, 1), (4, 6)))", "zen": {"score": 128.58702087402344, "time": 1.249755778349936}}, {"idx": "7148", "arch": "(((0, 2), (1, 1), (0, 0), (1, 6), (0, 6), (1, 3), (2, 4), (4, 2)), ((0, 6), (1, 2), (0, 4), (2, 0), (1, 4), (3, 6), (1, 2), (3, 0)))", "zen": {"score": 146.16537475585938, "time": 1.3289218568243086}}, {"idx": "7149", "arch": "(((0, 5), (1, 5), (0, 6), (2, 0), (1, 1), (2, 1), (0, 0), (3, 5)), ((0, 4), (1, 0), (1, 2), (2, 2), (0, 1), (2, 1), (0, 2), (3, 6)))", "zen": {"score": 101.14624786376953, "time": 1.4052315833978355}}, {"idx": "7150", "arch": "(((0, 6), (1, 6), (1, 0), (2, 5), (1, 0), (2, 6), (0, 3), (3, 2)), ((0, 2), (1, 0), (0, 2), (2, 3), (1, 6), (2, 1), (0, 6), (3, 5)))", "zen": {"score": 138.46682739257812, "time": 1.36891826428473}}, {"idx": "7151", "arch": "(((0, 3), (1, 2), (0, 2), (1, 6), (2, 1), (3, 2), (1, 6), (3, 2)), ((0, 6), (1, 1), (0, 1), (1, 3), (1, 0), (2, 1), (0, 3), (3, 5)))", "zen": {"score": 107.82708740234375, "time": 1.1771107870154083}}, {"idx": "7152", "arch": "(((0, 1), (1, 1), (0, 1), (2, 5), (1, 0), (2, 0), (0, 4), (4, 2)), ((0, 3), (1, 2), (1, 0), (2, 5), (0, 2), (3, 3), (0, 2), (2, 0)))", "zen": {"score": 101.81574249267578, "time": 1.4783935640007257}}, {"idx": "7153", "arch": "(((0, 1), (1, 5), (1, 3), (2, 6), (0, 4), (1, 3), (3, 0), (4, 3)), ((0, 1), (1, 3), (0, 1), (1, 4), (1, 0), (3, 2), (0, 5), (3, 5)))", "zen": {"score": 181.85150146484375, "time": 1.4373995433561504}}, {"idx": "7154", "arch": "(((0, 4), (1, 0), (0, 2), (1, 4), (0, 2), (3, 1), (1, 6), (2, 1)), ((0, 2), (1, 2), (0, 1), (1, 2), (2, 4), (3, 0), (3, 6), (4, 6)))", "zen": {"score": 128.9840850830078, "time": 1.3320572678931057}}, {"idx": "7155", "arch": "(((0, 5), (1, 2), (0, 4), (1, 6), (0, 3), (1, 0), (3, 1), (4, 1)), ((0, 0), (1, 4), (1, 1), (2, 6), (0, 3), (2, 6), (0, 0), (3, 2)))", "zen": {"score": 135.7963409423828, "time": 1.3655481156893075}}, {"idx": "7156", "arch": "(((0, 3), (1, 5), (0, 2), (1, 1), (2, 1), (3, 6), (0, 6), (4, 5)), ((0, 2), (1, 6), (0, 0), (1, 2), (1, 2), (2, 1), (1, 1), (2, 4)))", "zen": {"score": 127.22608947753906, "time": 1.2941588191315532}}, {"idx": "7157", "arch": "(((0, 3), (1, 2), (0, 1), (2, 6), (0, 6), (1, 5), (1, 6), (4, 3)), ((0, 4), (1, 1), (1, 6), (2, 1), (0, 0), (2, 0), (1, 5), (2, 2)))", "zen": {"score": 150.2633056640625, "time": 1.2915146336890757}}, {"idx": "7158", "arch": "(((0, 5), (1, 2), (1, 4), (2, 0), (0, 6), (3, 5), (3, 1), (4, 5)), ((0, 0), (1, 2), (1, 2), (2, 3), (1, 6), (2, 3), (0, 0), (4, 1)))", "zen": {"score": 139.0289306640625, "time": 1.3482929370366037}}, {"idx": "7159", "arch": "(((0, 5), (1, 3), (0, 1), (1, 3), (0, 4), (1, 1), (2, 1), (4, 2)), ((0, 0), (1, 0), (0, 6), (1, 2), (0, 5), (3, 6), (0, 2), (1, 1)))", "zen": {"score": 132.52813720703125, "time": 1.3507486530579627}}, {"idx": "7160", "arch": "(((0, 4), (1, 5), (0, 5), (2, 3), (0, 6), (3, 0), (0, 4), (2, 5)), ((0, 4), (1, 4), (1, 5), (2, 0), (1, 4), (3, 4), (0, 4), (4, 4)))", "zen": {"score": 227.26617431640625, "time": 1.4279857887886465}}, {"idx": "7161", "arch": "(((0, 0), (1, 3), (1, 1), (2, 6), (2, 0), (3, 0), (2, 1), (3, 5)), ((0, 1), (1, 3), (0, 5), (2, 1), (0, 0), (2, 6), (2, 2), (4, 4)))", "zen": {"score": 113.58624267578125, "time": 1.521167263854295}}, {"idx": "7162", "arch": "(((0, 2), (1, 6), (0, 4), (2, 6), (1, 3), (3, 5), (0, 0), (4, 3)), ((0, 3), (1, 4), (0, 5), (2, 4), (1, 6), (3, 2), (1, 3), (2, 2)))", "zen": {"score": 194.9693145751953, "time": 1.351770794019103}}, {"idx": "7163", "arch": "(((0, 4), (1, 5), (0, 2), (2, 0), (0, 4), (2, 2), (2, 2), (3, 1)), ((0, 3), (1, 3), (0, 6), (1, 6), (0, 6), (1, 5), (0, 6), (3, 5)))", "zen": {"score": 146.46539306640625, "time": 1.3071970958262682}}, {"idx": "7164", "arch": "(((0, 2), (1, 6), (0, 2), (2, 6), (0, 5), (2, 3), (1, 6), (3, 4)), ((0, 6), (1, 1), (1, 2), (2, 2), (1, 2), (3, 2), (1, 6), (4, 2)))", "zen": {"score": 154.2775421142578, "time": 1.2325025745667517}}, {"idx": "7165", "arch": "(((0, 1), (1, 5), (0, 6), (1, 6), (1, 6), (2, 4), (1, 4), (3, 1)), ((0, 4), (1, 1), (0, 5), (2, 2), (1, 6), (2, 3), (0, 1), (1, 2)))", "zen": {"score": 169.67149353027344, "time": 1.3360780999064445}}, {"idx": "7166", "arch": "(((0, 1), (1, 2), (1, 6), (2, 2), (1, 3), (2, 2), (2, 1), (3, 6)), ((0, 3), (1, 1), (0, 4), (2, 4), (2, 4), (3, 1), (3, 6), (4, 1)))", "zen": {"score": 129.67691040039062, "time": 1.1851856769062579}}, {"idx": "7167", "arch": "(((0, 0), (1, 5), (0, 1), (2, 2), (0, 1), (2, 6), (0, 3), (4, 2)), ((0, 4), (1, 0), (1, 2), (2, 2), (2, 5), (3, 1), (2, 0), (4, 2)))", "zen": {"score": 100.1483154296875, "time": 1.3038912611082196}}, {"idx": "7168", "arch": "(((0, 6), (1, 5), (0, 2), (2, 0), (1, 2), (2, 6), (2, 0), (4, 6)), ((0, 4), (1, 3), (0, 5), (2, 0), (0, 4), (1, 4), (2, 4), (4, 6)))", "zen": {"score": 147.4117889404297, "time": 1.3393737562000751}}, {"idx": "7169", "arch": "(((0, 2), (1, 4), (1, 6), (2, 1), (0, 0), (2, 0), (0, 5), (2, 0)), ((0, 2), (1, 0), (1, 6), (2, 4), (0, 1), (1, 0), (1, 1), (3, 6)))", "zen": {"score": 109.31552124023438, "time": 1.5004211249761283}}, {"idx": "7170", "arch": "(((0, 6), (1, 2), (0, 3), (2, 5), (0, 2), (3, 3), (0, 4), (3, 6)), ((0, 4), (1, 1), (1, 3), (2, 2), (0, 1), (2, 5), (0, 0), (1, 0)))", "zen": {"score": 170.80996704101562, "time": 1.2559864181093872}}, {"idx": "7171", "arch": "(((0, 2), (1, 5), (0, 5), (2, 6), (0, 6), (2, 3), (2, 6), (3, 1)), ((0, 2), (1, 2), (0, 0), (2, 6), (0, 3), (1, 4), (0, 1), (1, 1)))", "zen": {"score": 149.40431213378906, "time": 1.255778329912573}}, {"idx": "7172", "arch": "(((0, 6), (1, 0), (0, 6), (2, 4), (1, 0), (3, 2), (2, 2), (3, 3)), ((0, 1), (1, 4), (1, 1), (2, 1), (2, 0), (3, 6), (1, 5), (4, 5)))", "zen": {"score": 139.9844207763672, "time": 1.3757589966990054}}, {"idx": "7173", "arch": "(((0, 1), (1, 2), (1, 0), (2, 5), (0, 4), (1, 2), (0, 1), (4, 5)), ((0, 3), (1, 0), (0, 6), (2, 4), (1, 1), (3, 5), (3, 0), (4, 6)))", "zen": {"score": 119.49542236328125, "time": 1.3104178509674966}}, {"idx": "7174", "arch": "(((0, 1), (1, 1), (0, 1), (1, 2), (0, 3), (2, 6), (2, 6), (4, 6)), ((0, 2), (1, 1), (0, 1), (1, 1), (1, 5), (2, 5), (2, 6), (3, 5)))", "zen": {"score": 119.4130859375, "time": 1.3203295208513737}}, {"idx": "7175", "arch": "(((0, 1), (1, 0), (0, 4), (1, 1), (0, 6), (3, 3), (0, 6), (4, 0)), ((0, 6), (1, 2), (0, 5), (1, 3), (0, 4), (2, 6), (1, 0), (3, 0)))", "zen": {"score": 145.7410430908203, "time": 1.5312915863469243}}, {"idx": "7176", "arch": "(((0, 2), (1, 5), (0, 0), (2, 3), (0, 0), (2, 5), (0, 5), (3, 0)), ((0, 2), (1, 3), (1, 6), (2, 2), (0, 0), (2, 2), (0, 0), (4, 6)))", "zen": {"score": 113.81290435791016, "time": 1.4629067196510732}}, {"idx": "7177", "arch": "(((0, 5), (1, 4), (1, 0), (2, 5), (0, 3), (3, 3), (1, 2), (4, 0)), ((0, 3), (1, 5), (0, 0), (2, 5), (0, 6), (3, 0), (0, 3), (2, 1)))", "zen": {"score": 162.44708251953125, "time": 1.4923443798907101}}, {"idx": "7178", "arch": "(((0, 2), (1, 3), (1, 3), (2, 6), (0, 5), (2, 5), (1, 6), (3, 3)), ((0, 2), (1, 6), (0, 5), (1, 6), (1, 1), (3, 4), (1, 6), (3, 2)))", "zen": {"score": 185.5782470703125, "time": 1.2644806010648608}}, {"idx": "7179", "arch": "(((0, 1), (1, 1), (1, 4), (2, 4), (2, 4), (3, 4), (0, 3), (3, 3)), ((0, 0), (1, 4), (0, 4), (2, 5), (1, 5), (3, 2), (2, 5), (4, 3)))", "zen": {"score": 237.37290954589844, "time": 1.4366530990228057}}, {"idx": "7180", "arch": "(((0, 2), (1, 0), (1, 4), (2, 6), (1, 0), (3, 3), (0, 0), (4, 3)), ((0, 2), (1, 6), (1, 1), (2, 5), (1, 0), (3, 4), (0, 6), (3, 1)))", "zen": {"score": 152.54776000976562, "time": 1.5389643092639744}}, {"idx": "7181", "arch": "(((0, 6), (1, 0), (0, 3), (2, 5), (1, 1), (3, 1), (2, 0), (3, 6)), ((0, 6), (1, 5), (0, 2), (1, 5), (0, 4), (1, 2), (0, 6), (3, 3)))", "zen": {"score": 137.57850646972656, "time": 1.4685888136737049}}, {"idx": "7182", "arch": "(((0, 2), (1, 1), (0, 5), (1, 4), (2, 1), (3, 3), (0, 1), (4, 4)), ((0, 5), (1, 3), (0, 1), (2, 1), (2, 2), (3, 6), (0, 5), (1, 1)))", "zen": {"score": 146.13726806640625, "time": 1.3758959723636508}}, {"idx": "7183", "arch": "(((0, 3), (1, 5), (0, 5), (1, 0), (2, 6), (3, 2), (0, 4), (1, 1)), ((0, 3), (1, 2), (0, 4), (2, 0), (0, 2), (2, 1), (1, 1), (4, 5)))", "zen": {"score": 146.30255126953125, "time": 1.3955136300064623}}, {"idx": "7184", "arch": "(((0, 1), (1, 5), (0, 5), (2, 0), (0, 4), (2, 1), (2, 2), (3, 0)), ((0, 5), (1, 2), (0, 1), (1, 1), (1, 3), (3, 5), (2, 6), (4, 4)))", "zen": {"score": 118.18984985351562, "time": 1.4438527962192893}}, {"idx": "7185", "arch": "(((0, 5), (1, 4), (1, 1), (2, 5), (0, 1), (1, 0), (1, 0), (2, 0)), ((0, 4), (1, 4), (0, 6), (1, 6), (1, 4), (3, 2), (2, 2), (3, 1)))", "zen": {"score": 124.86576843261719, "time": 1.5502450540661812}}, {"idx": "7186", "arch": "(((0, 1), (1, 4), (0, 4), (1, 4), (0, 4), (1, 1), (1, 0), (2, 3)), ((0, 5), (1, 2), (0, 4), (1, 3), (1, 3), (2, 6), (0, 6), (3, 0)))", "zen": {"score": 209.54913330078125, "time": 1.5631722463294864}}, {"idx": "7187", "arch": "(((0, 0), (1, 5), (0, 3), (1, 5), (0, 6), (2, 5), (1, 6), (2, 1)), ((0, 5), (1, 0), (0, 1), (2, 5), (2, 6), (3, 0), (3, 4), (4, 0)))", "zen": {"score": 141.9203338623047, "time": 1.415927422232926}}, {"idx": "7188", "arch": "(((0, 0), (1, 0), (0, 3), (1, 0), (1, 1), (3, 4), (2, 2), (3, 0)), ((0, 3), (1, 0), (0, 3), (2, 3), (2, 0), (3, 5), (1, 0), (2, 3)))", "zen": {"score": 126.29850769042969, "time": 1.6150730927474797}}, {"idx": "7189", "arch": "(((0, 2), (1, 5), (0, 4), (2, 2), (2, 5), (3, 5), (1, 0), (2, 1)), ((0, 6), (1, 1), (1, 3), (2, 6), (1, 4), (2, 4), (0, 4), (4, 6)))", "zen": {"score": 152.869140625, "time": 1.333171249832958}}, {"idx": "7190", "arch": "(((0, 4), (1, 4), (0, 4), (1, 2), (0, 2), (1, 4), (0, 4), (1, 5)), ((0, 2), (1, 0), (0, 6), (2, 4), (1, 1), (2, 4), (0, 5), (1, 5)))", "zen": {"score": 218.93453979492188, "time": 1.3369914218783379}}, {"idx": "7191", "arch": "(((0, 0), (1, 0), (0, 1), (2, 2), (1, 3), (3, 1), (3, 6), (4, 4)), ((0, 4), (1, 5), (0, 5), (1, 3), (0, 4), (1, 0), (0, 6), (3, 0)))", "zen": {"score": 146.90109252929688, "time": 1.4879738721065223}}, {"idx": "7192", "arch": "(((0, 5), (1, 3), (1, 5), (2, 3), (1, 1), (3, 6), (0, 6), (4, 1)), ((0, 6), (1, 5), (0, 4), (2, 6), (0, 5), (3, 0), (0, 5), (3, 0)))", "zen": {"score": 162.32652282714844, "time": 1.3630605516955256}}, {"idx": "7193", "arch": "(((0, 2), (1, 2), (0, 0), (2, 5), (0, 3), (3, 2), (1, 4), (2, 1)), ((0, 4), (1, 6), (1, 1), (2, 5), (1, 2), (3, 4), (3, 0), (4, 2)))", "zen": {"score": 128.94155883789062, "time": 1.2938409242779016}}, {"idx": "7194", "arch": "(((0, 0), (1, 4), (1, 2), (2, 1), (0, 4), (2, 6), (0, 6), (2, 3)), ((0, 5), (1, 3), (1, 5), (2, 4), (1, 5), (2, 1), (1, 6), (3, 5)))", "zen": {"score": 182.73056030273438, "time": 1.3681791312992573}}, {"idx": "7195", "arch": "(((0, 1), (1, 2), (0, 2), (1, 3), (2, 0), (3, 2), (2, 1), (4, 1)), ((0, 6), (1, 6), (0, 5), (2, 2), (0, 1), (2, 1), (1, 1), (2, 4)))", "zen": {"score": 81.27897644042969, "time": 1.2426858921535313}}, {"idx": "7196", "arch": "(((0, 2), (1, 3), (0, 2), (2, 1), (1, 0), (2, 2), (1, 1), (2, 6)), ((0, 0), (1, 0), (0, 3), (1, 6), (0, 5), (2, 5), (0, 1), (4, 0)))", "zen": {"score": 92.69046783447266, "time": 1.2808839119970798}}, {"idx": "7197", "arch": "(((0, 1), (1, 4), (1, 4), (2, 6), (0, 2), (3, 1), (0, 5), (1, 1)), ((0, 6), (1, 3), (0, 2), (2, 6), (1, 4), (3, 3), (3, 5), (4, 3)))", "zen": {"score": 166.0754852294922, "time": 1.2824079208076}}, {"idx": "7198", "arch": "(((0, 1), (1, 4), (0, 0), (2, 1), (1, 2), (3, 6), (2, 4), (3, 1)), ((0, 6), (1, 6), (1, 2), (2, 3), (0, 1), (1, 2), (2, 2), (3, 4)))", "zen": {"score": 141.0422821044922, "time": 1.3731257780455053}}, {"idx": "7199", "arch": "(((0, 4), (1, 1), (0, 3), (1, 2), (1, 3), (3, 3), (1, 4), (4, 1)), ((0, 0), (1, 3), (0, 1), (1, 1), (1, 4), (2, 2), (2, 3), (3, 5)))", "zen": {"score": 187.23110961914062, "time": 1.3801849149167538}}]