[{"idx": "8600", "arch": "(((0, 0), (1, 2), (0, 0), (2, 6), (1, 5), (2, 0), (1, 5), (3, 6)), ((0, 4), (1, 1), (0, 4), (1, 5), (1, 4), (3, 4), (0, 4), (1, 6)))", "zen": {"score": 146.2093963623047, "time": 1.4902807367034256}}, {"idx": "8601", "arch": "(((0, 1), (1, 2), (0, 1), (1, 1), (1, 3), (3, 2), (2, 0), (4, 0)), ((0, 2), (1, 6), (1, 0), (2, 2), (2, 5), (3, 5), (1, 3), (2, 6)))", "zen": {"score": 86.46025848388672, "time": 1.3993018995970488}}, {"idx": "8602", "arch": "(((0, 4), (1, 5), (0, 6), (1, 1), (1, 6), (3, 1), (1, 4), (3, 2)), ((0, 0), (1, 5), (0, 2), (2, 3), (0, 0), (3, 3), (2, 5), (3, 5)))", "zen": {"score": 158.82827758789062, "time": 1.3331898786127567}}, {"idx": "8603", "arch": "(((0, 6), (1, 5), (1, 1), (2, 0), (0, 4), (3, 5), (0, 0), (3, 0)), ((0, 6), (1, 5), (0, 3), (1, 3), (1, 4), (2, 0), (0, 3), (3, 3)))", "zen": {"score": 150.61056518554688, "time": 1.5315595851279795}}, {"idx": "8604", "arch": "(((0, 1), (1, 1), (0, 6), (1, 2), (2, 1), (3, 6), (1, 5), (2, 2)), ((0, 4), (1, 1), (0, 3), (1, 4), (1, 5), (2, 4), (0, 6), (4, 0)))", "zen": {"score": 119.52238464355469, "time": 1.2736326269805431}}, {"idx": "8605", "arch": "(((0, 6), (1, 1), (0, 5), (2, 2), (0, 6), (1, 1), (2, 5), (3, 5)), ((0, 6), (1, 0), (0, 6), (2, 3), (2, 1), (3, 4), (2, 2), (4, 4)))", "zen": {"score": 137.00796508789062, "time": 1.2171294130384922}}, {"idx": "8606", "arch": "(((0, 2), (1, 2), (0, 3), (1, 5), (2, 2), (3, 1), (0, 0), (3, 5)), ((0, 0), (1, 2), (0, 5), (2, 4), (0, 5), (2, 4), (2, 2), (4, 6)))", "zen": {"score": 115.806884765625, "time": 1.2444245349615812}}, {"idx": "8607", "arch": "(((0, 4), (1, 1), (0, 6), (2, 2), (2, 4), (3, 4), (1, 2), (4, 1)), ((0, 4), (1, 5), (0, 5), (1, 0), (1, 5), (2, 0), (3, 4), (4, 3)))", "zen": {"score": 175.97805786132812, "time": 1.2854533488862216}}, {"idx": "8608", "arch": "(((0, 3), (1, 0), (0, 0), (2, 0), (1, 4), (3, 2), (0, 1), (1, 4)), ((0, 5), (1, 6), (0, 3), (2, 0), (2, 0), (3, 3), (0, 1), (4, 4)))", "zen": {"score": 149.5749053955078, "time": 1.5425908099859953}}, {"idx": "8609", "arch": "(((0, 0), (1, 2), (0, 4), (1, 0), (0, 3), (2, 5), (1, 5), (3, 6)), ((0, 4), (1, 0), (0, 1), (2, 1), (0, 2), (2, 0), (0, 5), (3, 3)))", "zen": {"score": 147.5181121826172, "time": 1.4226070889271796}}, {"idx": "8610", "arch": "(((0, 2), (1, 1), (1, 2), (2, 0), (1, 0), (3, 3), (1, 4), (2, 3)), ((0, 3), (1, 6), (0, 6), (1, 0), (0, 6), (3, 2), (3, 6), (4, 3)))", "zen": {"score": 148.4713134765625, "time": 1.4274350120685995}}, {"idx": "8611", "arch": "(((0, 6), (1, 2), (0, 6), (1, 5), (2, 5), (3, 5), (0, 4), (1, 5)), ((0, 1), (1, 5), (0, 4), (2, 3), (0, 3), (2, 4), (0, 0), (1, 0)))", "zen": {"score": 176.02301025390625, "time": 1.2751014288514853}}, {"idx": "8612", "arch": "(((0, 6), (1, 4), (0, 4), (2, 3), (1, 1), (3, 3), (2, 0), (4, 6)), ((0, 4), (1, 2), (0, 5), (2, 2), (2, 3), (3, 2), (0, 1), (3, 4)))", "zen": {"score": 202.2163543701172, "time": 1.4134984607808292}}, {"idx": "8613", "arch": "(((0, 1), (1, 5), (1, 4), (2, 4), (0, 2), (3, 5), (1, 3), (4, 6)), ((0, 4), (1, 2), (0, 6), (2, 3), (1, 4), (2, 0), (3, 0), (4, 6)))", "zen": {"score": 193.3789520263672, "time": 1.3670940320007503}}, {"idx": "8614", "arch": "(((0, 5), (1, 2), (0, 5), (2, 4), (2, 0), (3, 1), (0, 3), (4, 6)), ((0, 2), (1, 1), (1, 2), (2, 6), (0, 2), (2, 2), (1, 2), (3, 3)))", "zen": {"score": 143.7604217529297, "time": 1.371780910063535}}, {"idx": "8615", "arch": "(((0, 1), (1, 5), (1, 4), (2, 5), (1, 5), (2, 4), (1, 0), (3, 3)), ((0, 1), (1, 1), (0, 1), (2, 3), (2, 1), (3, 4), (3, 1), (4, 1)))", "zen": {"score": 167.1778564453125, "time": 1.3847955004312098}}, {"idx": "8616", "arch": "(((0, 3), (1, 6), (0, 5), (1, 1), (1, 0), (2, 2), (0, 6), (3, 0)), ((0, 3), (1, 4), (0, 4), (2, 0), (1, 1), (2, 1), (1, 1), (3, 6)))", "zen": {"score": 126.44697570800781, "time": 1.4194494187831879}}, {"idx": "8617", "arch": "(((0, 0), (1, 4), (0, 5), (1, 5), (1, 2), (3, 2), (2, 2), (3, 5)), ((0, 3), (1, 2), (0, 2), (2, 0), (0, 6), (3, 6), (0, 1), (1, 3)))", "zen": {"score": 127.19680786132812, "time": 1.2908871960826218}}, {"idx": "8618", "arch": "(((0, 4), (1, 1), (1, 1), (2, 6), (2, 3), (3, 1), (3, 4), (4, 1)), ((0, 1), (1, 2), (1, 5), (2, 2), (1, 2), (3, 6), (1, 3), (3, 0)))", "zen": {"score": 150.97035217285156, "time": 1.4187588221393526}}, {"idx": "8619", "arch": "(((0, 1), (1, 0), (0, 4), (2, 2), (1, 0), (3, 3), (1, 1), (3, 3)), ((0, 6), (1, 1), (0, 1), (2, 2), (0, 1), (2, 3), (3, 0), (4, 3)))", "zen": {"score": 134.30715942382812, "time": 1.4702804991975427}}, {"idx": "8620", "arch": "(((0, 1), (1, 0), (1, 2), (2, 3), (0, 1), (2, 6), (2, 2), (3, 0)), ((0, 6), (1, 0), (0, 5), (1, 2), (1, 1), (3, 5), (0, 5), (4, 2)))", "zen": {"score": 94.6740951538086, "time": 1.3785537420772016}}, {"idx": "8621", "arch": "(((0, 6), (1, 3), (0, 1), (1, 2), (1, 6), (3, 1), (0, 0), (4, 4)), ((0, 4), (1, 6), (0, 4), (2, 4), (0, 0), (3, 4), (0, 1), (1, 4)))", "zen": {"score": 166.90060424804688, "time": 1.4204604178667068}}, {"idx": "8622", "arch": "(((0, 4), (1, 0), (0, 6), (2, 6), (2, 1), (3, 4), (0, 4), (2, 5)), ((0, 0), (1, 5), (0, 0), (2, 5), (0, 4), (1, 6), (0, 2), (1, 0)))", "zen": {"score": 186.56349182128906, "time": 1.4800425083376467}}, {"idx": "8623", "arch": "(((0, 3), (1, 0), (0, 6), (1, 4), (0, 0), (2, 3), (0, 1), (2, 4)), ((0, 2), (1, 3), (0, 2), (2, 5), (0, 3), (2, 1), (2, 3), (4, 6)))", "zen": {"score": 189.27029418945312, "time": 1.5266615212894976}}, {"idx": "8624", "arch": "(((0, 6), (1, 1), (0, 6), (1, 6), (0, 6), (2, 2), (1, 5), (4, 6)), ((0, 5), (1, 2), (1, 3), (2, 5), (0, 3), (2, 4), (2, 1), (3, 3)))", "zen": {"score": 159.16270446777344, "time": 1.2707533976063132}}, {"idx": "8625", "arch": "(((0, 6), (1, 0), (0, 2), (2, 1), (1, 4), (2, 2), (0, 5), (2, 2)), ((0, 1), (1, 2), (0, 5), (1, 2), (0, 2), (2, 3), (3, 3), (4, 2)))", "zen": {"score": 114.05712127685547, "time": 1.283267168328166}}, {"idx": "8626", "arch": "(((0, 5), (1, 3), (1, 2), (2, 0), (1, 2), (3, 4), (1, 0), (3, 5)), ((0, 0), (1, 6), (0, 2), (1, 0), (0, 2), (3, 2), (1, 3), (3, 1)))", "zen": {"score": 128.38702392578125, "time": 1.3903003870509565}}, {"idx": "8627", "arch": "(((0, 4), (1, 6), (0, 4), (2, 5), (2, 0), (3, 5), (0, 5), (3, 3)), ((0, 4), (1, 4), (0, 6), (1, 6), (1, 6), (2, 4), (0, 3), (2, 0)))", "zen": {"score": 216.51930236816406, "time": 1.417564160656184}}, {"idx": "8628", "arch": "(((0, 3), (1, 0), (0, 1), (2, 5), (0, 3), (2, 5), (2, 6), (3, 0)), ((0, 6), (1, 6), (0, 5), (2, 2), (0, 0), (2, 0), (1, 4), (3, 6)))", "zen": {"score": 149.5486297607422, "time": 1.4865943500772119}}, {"idx": "8629", "arch": "(((0, 5), (1, 0), (1, 0), (2, 0), (0, 5), (1, 2), (2, 0), (4, 4)), ((0, 2), (1, 6), (0, 5), (1, 5), (1, 0), (3, 6), (0, 6), (4, 4)))", "zen": {"score": 122.88676452636719, "time": 1.527125125285238}}, {"idx": "8630", "arch": "(((0, 2), (1, 2), (0, 0), (2, 6), (1, 2), (3, 3), (3, 1), (4, 6)), ((0, 6), (1, 6), (1, 2), (2, 6), (2, 2), (3, 5), (1, 2), (4, 0)))", "zen": {"score": 113.1965560913086, "time": 1.2556212046183646}}, {"idx": "8631", "arch": "(((0, 2), (1, 3), (1, 5), (2, 3), (0, 1), (3, 3), (1, 1), (3, 2)), ((0, 5), (1, 6), (0, 4), (1, 2), (2, 3), (3, 3), (2, 2), (4, 1)))", "zen": {"score": 152.88385009765625, "time": 1.2782815438695252}}, {"idx": "8632", "arch": "(((0, 5), (1, 1), (0, 6), (2, 1), (0, 6), (1, 2), (1, 0), (3, 1)), ((0, 1), (1, 6), (0, 2), (2, 4), (2, 1), (3, 5), (0, 4), (4, 5)))", "zen": {"score": 106.97943878173828, "time": 1.3433784884400666}}, {"idx": "8633", "arch": "(((0, 6), (1, 6), (1, 0), (2, 0), (0, 5), (2, 5), (1, 3), (4, 1)), ((0, 0), (1, 3), (0, 0), (2, 6), (1, 2), (3, 4), (2, 1), (4, 4)))", "zen": {"score": 142.94154357910156, "time": 1.4694222090765834}}, {"idx": "8634", "arch": "(((0, 2), (1, 3), (0, 3), (1, 4), (1, 0), (3, 0), (0, 2), (3, 0)), ((0, 0), (1, 5), (0, 3), (2, 0), (1, 1), (2, 2), (0, 5), (2, 5)))", "zen": {"score": 127.56723022460938, "time": 1.4775067390874028}}, {"idx": "8635", "arch": "(((0, 3), (1, 3), (0, 3), (1, 3), (0, 1), (3, 3), (0, 0), (3, 0)), ((0, 2), (1, 0), (0, 2), (1, 4), (0, 6), (3, 3), (0, 0), (4, 5)))", "zen": {"score": 177.67832946777344, "time": 1.565125568304211}}, {"idx": "8636", "arch": "(((0, 4), (1, 4), (0, 1), (2, 0), (2, 1), (3, 6), (1, 3), (3, 0)), ((0, 1), (1, 6), (0, 4), (1, 1), (1, 0), (2, 0), (2, 3), (4, 3)))", "zen": {"score": 159.50424194335938, "time": 1.5071830479428172}}, {"idx": "8637", "arch": "(((0, 3), (1, 3), (0, 1), (2, 3), (0, 2), (3, 4), (3, 5), (4, 6)), ((0, 0), (1, 1), (0, 1), (1, 5), (2, 4), (3, 5), (1, 0), (2, 4)))", "zen": {"score": 189.0287322998047, "time": 1.3382703601382673}}, {"idx": "8638", "arch": "(((0, 4), (1, 3), (1, 1), (2, 3), (0, 0), (2, 1), (1, 3), (3, 0)), ((0, 2), (1, 5), (0, 2), (2, 0), (0, 4), (2, 0), (0, 4), (4, 5)))", "zen": {"score": 161.70713806152344, "time": 1.544507539831102}}, {"idx": "8639", "arch": "(((0, 2), (1, 3), (0, 2), (1, 1), (1, 2), (2, 6), (0, 2), (4, 6)), ((0, 6), (1, 2), (1, 5), (2, 1), (0, 0), (2, 5), (1, 3), (3, 4)))", "zen": {"score": 119.40238952636719, "time": 1.1779523771256208}}, {"idx": "8640", "arch": "(((0, 6), (1, 1), (1, 4), (2, 5), (1, 6), (2, 6), (1, 2), (4, 1)), ((0, 4), (1, 1), (0, 1), (2, 5), (1, 0), (2, 0), (2, 4), (4, 4)))", "zen": {"score": 151.19003295898438, "time": 1.297406348399818}}, {"idx": "8641", "arch": "(((0, 1), (1, 5), (0, 0), (2, 4), (0, 3), (1, 2), (1, 3), (4, 3)), ((0, 5), (1, 0), (1, 6), (2, 6), (1, 0), (3, 5), (0, 4), (2, 5)))", "zen": {"score": 174.82839965820312, "time": 1.4066816316917539}}, {"idx": "8642", "arch": "(((0, 6), (1, 3), (0, 2), (1, 0), (0, 5), (2, 6), (0, 5), (2, 1)), ((0, 3), (1, 1), (0, 6), (2, 1), (0, 3), (1, 3), (0, 5), (4, 6)))", "zen": {"score": 142.8689422607422, "time": 1.3263415610417724}}, {"idx": "8643", "arch": "(((0, 5), (1, 2), (0, 1), (2, 2), (1, 4), (2, 4), (3, 1), (4, 3)), ((0, 5), (1, 0), (0, 3), (2, 2), (0, 5), (2, 2), (3, 3), (4, 4)))", "zen": {"score": 162.4115447998047, "time": 1.2786270650103688}}, {"idx": "8644", "arch": "(((0, 0), (1, 5), (1, 6), (2, 2), (1, 6), (2, 2), (0, 5), (4, 0)), ((0, 4), (1, 2), (0, 4), (2, 1), (1, 6), (3, 2), (2, 3), (4, 4)))", "zen": {"score": 130.3090057373047, "time": 1.3380592158064246}}, {"idx": "8645", "arch": "(((0, 1), (1, 3), (1, 5), (2, 3), (2, 4), (3, 6), (0, 2), (1, 4)), ((0, 0), (1, 1), (0, 4), (2, 3), (1, 3), (3, 3), (0, 2), (4, 3)))", "zen": {"score": 208.2105712890625, "time": 1.4293001918122172}}, {"idx": "8646", "arch": "(((0, 5), (1, 2), (0, 0), (1, 4), (1, 0), (2, 2), (0, 2), (4, 1)), ((0, 0), (1, 6), (0, 6), (2, 5), (1, 4), (3, 5), (2, 5), (3, 3)))", "zen": {"score": 115.49976348876953, "time": 1.3454166078008711}}, {"idx": "8647", "arch": "(((0, 3), (1, 1), (1, 1), (2, 0), (1, 0), (3, 4), (3, 5), (4, 4)), ((0, 3), (1, 6), (1, 5), (2, 3), (2, 4), (3, 6), (1, 3), (4, 3)))", "zen": {"score": 190.8256378173828, "time": 1.5262328549288213}}, {"idx": "8648", "arch": "(((0, 6), (1, 3), (0, 6), (2, 5), (0, 0), (2, 4), (0, 1), (4, 0)), ((0, 2), (1, 5), (1, 5), (2, 1), (0, 6), (3, 2), (2, 0), (4, 2)))", "zen": {"score": 140.99807739257812, "time": 1.4250608091242611}}, {"idx": "8649", "arch": "(((0, 3), (1, 3), (0, 1), (1, 0), (1, 1), (3, 1), (0, 4), (1, 3)), ((0, 2), (1, 6), (0, 3), (1, 2), (0, 3), (2, 4), (0, 4), (1, 1)))", "zen": {"score": 171.6858367919922, "time": 1.5481621287763119}}, {"idx": "8650", "arch": "(((0, 5), (1, 5), (0, 6), (2, 2), (2, 0), (3, 2), (0, 5), (4, 6)), ((0, 3), (1, 6), (1, 2), (2, 4), (0, 4), (2, 2), (2, 4), (3, 1)))", "zen": {"score": 145.6034393310547, "time": 1.2653488484211266}}, {"idx": "8651", "arch": "(((0, 3), (1, 0), (0, 0), (1, 3), (1, 5), (2, 0), (1, 0), (2, 3)), ((0, 5), (1, 5), (0, 0), (1, 2), (0, 3), (1, 0), (0, 3), (4, 1)))", "zen": {"score": 139.84628295898438, "time": 1.6506738727912307}}, {"idx": "8652", "arch": "(((0, 0), (1, 3), (0, 1), (2, 0), (1, 6), (2, 4), (2, 4), (3, 5)), ((0, 2), (1, 3), (1, 6), (2, 5), (0, 1), (2, 1), (1, 6), (3, 5)))", "zen": {"score": 172.8700408935547, "time": 1.4960265406407416}}, {"idx": "8653", "arch": "(((0, 5), (1, 6), (0, 1), (1, 3), (2, 2), (3, 6), (3, 0), (4, 1)), ((0, 0), (1, 6), (0, 2), (1, 5), (0, 2), (2, 2), (0, 0), (1, 3)))", "zen": {"score": 116.18148803710938, "time": 1.3626763951033354}}, {"idx": "8654", "arch": "(((0, 6), (1, 4), (0, 5), (2, 5), (0, 1), (3, 6), (0, 6), (4, 1)), ((0, 0), (1, 2), (0, 4), (1, 5), (1, 2), (3, 6), (3, 5), (4, 5)))", "zen": {"score": 158.45492553710938, "time": 1.3243405790999532}}, {"idx": "8655", "arch": "(((0, 0), (1, 2), (0, 5), (2, 6), (0, 3), (3, 5), (2, 2), (3, 0)), ((0, 4), (1, 0), (0, 2), (1, 2), (1, 6), (2, 1), (0, 4), (1, 6)))", "zen": {"score": 129.60958862304688, "time": 1.366549151018262}}, {"idx": "8656", "arch": "(((0, 1), (1, 0), (0, 2), (2, 2), (2, 3), (3, 5), (1, 3), (2, 1)), ((0, 4), (1, 2), (0, 6), (2, 3), (1, 6), (2, 6), (1, 3), (3, 5)))", "zen": {"score": 144.1156005859375, "time": 1.3342111730016768}}, {"idx": "8657", "arch": "(((0, 3), (1, 2), (1, 3), (2, 1), (0, 3), (2, 6), (0, 5), (3, 6)), ((0, 0), (1, 3), (0, 3), (1, 0), (1, 3), (3, 0), (0, 6), (4, 3)))", "zen": {"score": 178.68899536132812, "time": 1.3727982146665454}}, {"idx": "8658", "arch": "(((0, 0), (1, 5), (1, 0), (2, 5), (2, 4), (3, 1), (0, 3), (2, 4)), ((0, 4), (1, 0), (0, 4), (1, 4), (1, 2), (3, 6), (0, 5), (4, 2)))", "zen": {"score": 181.48074340820312, "time": 1.481076444964856}}, {"idx": "8659", "arch": "(((0, 3), (1, 2), (0, 4), (1, 1), (0, 2), (3, 3), (0, 5), (4, 5)), ((0, 3), (1, 6), (0, 2), (2, 1), (0, 5), (3, 5), (1, 4), (2, 0)))", "zen": {"score": 163.4938507080078, "time": 1.3001955612562597}}, {"idx": "8660", "arch": "(((0, 2), (1, 3), (1, 3), (2, 4), (1, 4), (2, 6), (3, 5), (4, 2)), ((0, 0), (1, 6), (0, 0), (1, 0), (0, 0), (1, 3), (2, 3), (4, 0)))", "zen": {"score": 186.87335205078125, "time": 1.3353075189515948}}, {"idx": "8661", "arch": "(((0, 0), (1, 1), (1, 3), (2, 5), (1, 2), (3, 6), (2, 1), (3, 1)), ((0, 0), (1, 0), (0, 1), (2, 3), (0, 2), (3, 5), (0, 4), (1, 4)))", "zen": {"score": 119.41624450683594, "time": 1.3776450688019395}}, {"idx": "8662", "arch": "(((0, 0), (1, 6), (0, 3), (2, 0), (0, 6), (2, 0), (0, 5), (1, 1)), ((0, 3), (1, 3), (0, 0), (1, 2), (2, 0), (3, 0), (0, 5), (4, 1)))", "zen": {"score": 116.09870910644531, "time": 1.549125856719911}}, {"idx": "8663", "arch": "(((0, 1), (1, 5), (0, 1), (2, 5), (1, 1), (2, 6), (3, 1), (4, 0)), ((0, 3), (1, 6), (0, 5), (2, 3), (1, 1), (3, 4), (2, 4), (4, 3)))", "zen": {"score": 126.7123794555664, "time": 1.3761121281422675}}, {"idx": "8664", "arch": "(((0, 1), (1, 2), (0, 2), (2, 6), (0, 6), (2, 6), (1, 5), (4, 2)), ((0, 4), (1, 1), (0, 4), (1, 4), (1, 3), (3, 2), (2, 6), (3, 1)))", "zen": {"score": 130.55348205566406, "time": 1.1595038217492402}}, {"idx": "8665", "arch": "(((0, 2), (1, 6), (0, 3), (1, 1), (2, 1), (3, 1), (0, 3), (2, 0)), ((0, 0), (1, 0), (0, 5), (1, 4), (0, 3), (1, 0), (0, 4), (1, 0)))", "zen": {"score": 121.94557189941406, "time": 1.4436517669819295}}, {"idx": "8666", "arch": "(((0, 0), (1, 5), (1, 6), (2, 1), (2, 3), (3, 3), (1, 5), (4, 6)), ((0, 6), (1, 2), (1, 6), (2, 4), (0, 5), (3, 2), (0, 3), (3, 3)))", "zen": {"score": 176.88262939453125, "time": 1.3581073628738523}}, {"idx": "8667", "arch": "(((0, 1), (1, 6), (1, 5), (2, 2), (1, 5), (3, 6), (1, 5), (2, 2)), ((0, 6), (1, 0), (1, 4), (2, 2), (0, 5), (2, 4), (3, 5), (4, 3)))", "zen": {"score": 139.80838012695312, "time": 1.1766015612520278}}, {"idx": "8668", "arch": "(((0, 1), (1, 0), (0, 4), (2, 4), (0, 3), (2, 0), (0, 5), (2, 0)), ((0, 5), (1, 3), (1, 1), (2, 6), (1, 2), (3, 5), (3, 4), (4, 5)))", "zen": {"score": 163.3637237548828, "time": 1.5380936190485954}}, {"idx": "8669", "arch": "(((0, 0), (1, 6), (1, 1), (2, 6), (0, 4), (3, 5), (1, 5), (4, 0)), ((0, 3), (1, 5), (1, 0), (2, 5), (0, 5), (2, 0), (0, 1), (4, 1)))", "zen": {"score": 134.75753784179688, "time": 1.4300059392116964}}, {"idx": "8670", "arch": "(((0, 6), (1, 1), (0, 2), (2, 2), (0, 2), (3, 2), (3, 1), (4, 6)), ((0, 5), (1, 1), (0, 1), (1, 6), (0, 6), (2, 6), (2, 0), (4, 0)))", "zen": {"score": 86.30540466308594, "time": 1.1645625312812626}}, {"idx": "8671", "arch": "(((0, 4), (1, 2), (0, 3), (2, 6), (1, 3), (2, 5), (0, 3), (3, 0)), ((0, 3), (1, 0), (1, 1), (2, 3), (1, 5), (2, 0), (1, 2), (3, 0)))", "zen": {"score": 178.8893585205078, "time": 1.4268310470506549}}, {"idx": "8672", "arch": "(((0, 5), (1, 2), (1, 2), (2, 0), (0, 4), (3, 3), (1, 1), (3, 0)), ((0, 4), (1, 4), (1, 5), (2, 4), (2, 3), (3, 6), (1, 1), (4, 0)))", "zen": {"score": 147.94961547851562, "time": 1.3963457560166717}}, {"idx": "8673", "arch": "(((0, 6), (1, 4), (1, 3), (2, 4), (1, 5), (2, 3), (3, 5), (4, 2)), ((0, 2), (1, 6), (0, 3), (2, 1), (0, 4), (1, 4), (0, 6), (3, 6)))", "zen": {"score": 219.77455139160156, "time": 1.358701447956264}}, {"idx": "8674", "arch": "(((0, 0), (1, 1), (0, 6), (1, 1), (1, 0), (3, 2), (0, 5), (2, 3)), ((0, 0), (1, 3), (0, 6), (2, 4), (1, 5), (2, 5), (1, 5), (2, 0)))", "zen": {"score": 118.6446762084961, "time": 1.4576435713097453}}, {"idx": "8675", "arch": "(((0, 6), (1, 2), (1, 6), (2, 0), (1, 2), (3, 0), (2, 5), (4, 1)), ((0, 4), (1, 4), (1, 5), (2, 2), (0, 4), (3, 4), (3, 5), (4, 5)))", "zen": {"score": 129.78529357910156, "time": 1.3430884648114443}}, {"idx": "8676", "arch": "(((0, 0), (1, 1), (0, 1), (1, 6), (0, 4), (1, 2), (2, 6), (4, 3)), ((0, 3), (1, 0), (0, 4), (2, 6), (0, 1), (1, 5), (1, 2), (2, 2)))", "zen": {"score": 142.29409790039062, "time": 1.3685898282565176}}, {"idx": "8677", "arch": "(((0, 3), (1, 6), (1, 2), (2, 0), (0, 4), (1, 0), (0, 5), (2, 0)), ((0, 1), (1, 5), (0, 0), (2, 0), (2, 2), (3, 1), (0, 2), (4, 1)))", "zen": {"score": 115.30424499511719, "time": 1.48581561492756}}, {"idx": "8678", "arch": "(((0, 1), (1, 1), (1, 6), (2, 0), (2, 3), (3, 2), (2, 5), (3, 1)), ((0, 5), (1, 6), (0, 0), (2, 1), (0, 5), (2, 3), (3, 1), (4, 0)))", "zen": {"score": 104.73918151855469, "time": 1.3660016441717744}}, {"idx": "8679", "arch": "(((0, 2), (1, 5), (1, 2), (2, 1), (0, 2), (2, 2), (0, 2), (2, 2)), ((0, 1), (1, 6), (0, 6), (1, 3), (0, 0), (1, 3), (3, 5), (4, 3)))", "zen": {"score": 85.27372741699219, "time": 1.0648791980929673}}, {"idx": "8680", "arch": "(((0, 4), (1, 2), (1, 1), (2, 3), (1, 5), (2, 1), (1, 2), (3, 3)), ((0, 6), (1, 4), (1, 5), (2, 5), (0, 4), (1, 5), (1, 2), (2, 3)))", "zen": {"score": 167.46231079101562, "time": 1.3189620301127434}}, {"idx": "8681", "arch": "(((0, 0), (1, 4), (1, 3), (2, 4), (1, 3), (2, 3), (3, 5), (4, 2)), ((0, 4), (1, 2), (0, 6), (2, 6), (2, 5), (3, 2), (1, 3), (4, 6)))", "zen": {"score": 215.40078735351562, "time": 1.40724147669971}}, {"idx": "8682", "arch": "(((0, 0), (1, 0), (0, 3), (1, 6), (0, 5), (3, 1), (1, 5), (3, 3)), ((0, 1), (1, 6), (1, 5), (2, 1), (2, 1), (3, 5), (2, 1), (3, 2)))", "zen": {"score": 127.5743179321289, "time": 1.3935839268378913}}, {"idx": "8683", "arch": "(((0, 0), (1, 5), (1, 2), (2, 1), (0, 4), (2, 1), (0, 0), (2, 2)), ((0, 2), (1, 4), (1, 3), (2, 4), (0, 6), (2, 4), (0, 4), (4, 2)))", "zen": {"score": 129.958984375, "time": 1.3674076958559453}}, {"idx": "8684", "arch": "(((0, 1), (1, 5), (0, 5), (1, 0), (2, 4), (3, 0), (1, 3), (3, 0)), ((0, 3), (1, 3), (0, 5), (2, 0), (0, 1), (3, 3), (0, 0), (2, 4)))", "zen": {"score": 146.9519500732422, "time": 1.5813806997612119}}, {"idx": "8685", "arch": "(((0, 6), (1, 2), (1, 5), (2, 0), (0, 6), (2, 3), (0, 3), (2, 0)), ((0, 1), (1, 0), (0, 6), (2, 3), (0, 6), (3, 3), (2, 3), (3, 1)))", "zen": {"score": 152.96414184570312, "time": 1.4261956592090428}}, {"idx": "8686", "arch": "(((0, 5), (1, 1), (0, 3), (1, 0), (0, 0), (1, 3), (1, 5), (3, 1)), ((0, 4), (1, 1), (0, 3), (2, 6), (1, 6), (3, 1), (1, 2), (2, 1)))", "zen": {"score": 128.28099060058594, "time": 1.4935485636815429}}, {"idx": "8687", "arch": "(((0, 6), (1, 5), (0, 1), (2, 6), (0, 6), (3, 6), (1, 3), (4, 3)), ((0, 3), (1, 0), (1, 1), (2, 5), (0, 5), (2, 0), (0, 3), (3, 6)))", "zen": {"score": 177.0006103515625, "time": 1.3477324959822}}, {"idx": "8688", "arch": "(((0, 3), (1, 2), (0, 5), (2, 3), (0, 6), (2, 4), (3, 1), (4, 6)), ((0, 3), (1, 0), (0, 6), (2, 0), (1, 1), (2, 0), (1, 5), (3, 3)))", "zen": {"score": 174.9379119873047, "time": 1.362741915974766}}, {"idx": "8689", "arch": "(((0, 1), (1, 2), (1, 4), (2, 4), (2, 0), (3, 5), (3, 3), (4, 6)), ((0, 2), (1, 5), (1, 5), (2, 4), (0, 6), (1, 2), (1, 3), (3, 4)))", "zen": {"score": 189.90321350097656, "time": 1.4151289891451597}}, {"idx": "8690", "arch": "(((0, 1), (1, 5), (0, 6), (2, 1), (0, 2), (1, 3), (0, 6), (2, 6)), ((0, 3), (1, 3), (1, 2), (2, 4), (0, 4), (1, 5), (1, 5), (4, 5)))", "zen": {"score": 158.2632598876953, "time": 1.289010011125356}}, {"idx": "8691", "arch": "(((0, 5), (1, 6), (0, 1), (2, 2), (1, 4), (2, 6), (0, 0), (1, 2)), ((0, 6), (1, 6), (0, 1), (1, 0), (1, 1), (2, 0), (0, 6), (3, 1)))", "zen": {"score": 115.2114486694336, "time": 1.2919782930985093}}, {"idx": "8692", "arch": "(((0, 2), (1, 2), (0, 3), (2, 3), (1, 4), (3, 1), (1, 0), (3, 3)), ((0, 0), (1, 1), (1, 4), (2, 1), (0, 5), (2, 3), (0, 2), (2, 3)))", "zen": {"score": 163.8451385498047, "time": 1.4233078970573843}}, {"idx": "8693", "arch": "(((0, 2), (1, 4), (0, 2), (2, 5), (0, 4), (3, 6), (0, 3), (4, 4)), ((0, 0), (1, 5), (0, 0), (2, 0), (2, 4), (3, 4), (2, 0), (4, 2)))", "zen": {"score": 195.9105987548828, "time": 1.3325391900725663}}, {"idx": "8694", "arch": "(((0, 5), (1, 6), (0, 5), (1, 4), (0, 5), (3, 1), (1, 5), (2, 3)), ((0, 3), (1, 5), (1, 4), (2, 5), (0, 6), (1, 0), (2, 3), (3, 5)))", "zen": {"score": 186.50616455078125, "time": 1.3430765569210052}}, {"idx": "8695", "arch": "(((0, 6), (1, 6), (0, 6), (1, 4), (2, 2), (3, 6), (0, 1), (2, 0)), ((0, 1), (1, 1), (1, 3), (2, 5), (0, 2), (2, 2), (0, 4), (3, 6)))", "zen": {"score": 146.6766357421875, "time": 1.338214558083564}}, {"idx": "8696", "arch": "(((0, 2), (1, 3), (0, 5), (1, 1), (0, 5), (2, 3), (0, 0), (3, 5)), ((0, 2), (1, 1), (0, 0), (2, 4), (1, 5), (3, 3), (0, 3), (4, 1)))", "zen": {"score": 146.01119995117188, "time": 1.3906026501208544}}, {"idx": "8697", "arch": "(((0, 0), (1, 1), (0, 6), (1, 6), (0, 4), (2, 6), (0, 2), (3, 3)), ((0, 5), (1, 2), (1, 6), (2, 6), (0, 0), (3, 1), (1, 0), (3, 4)))", "zen": {"score": 153.50987243652344, "time": 1.379147620871663}}, {"idx": "8698", "arch": "(((0, 2), (1, 5), (1, 6), (2, 1), (0, 1), (2, 6), (1, 6), (2, 2)), ((0, 6), (1, 6), (0, 4), (2, 5), (2, 5), (3, 5), (2, 0), (3, 1)))", "zen": {"score": 120.08738708496094, "time": 1.2270395159721375}}, {"idx": "8699", "arch": "(((0, 2), (1, 1), (0, 2), (2, 4), (0, 3), (3, 5), (0, 3), (3, 3)), ((0, 4), (1, 4), (1, 5), (2, 0), (1, 5), (2, 0), (1, 0), (2, 0)))", "zen": {"score": 171.6102294921875, "time": 1.3327656402252614}}, {"idx": "8700", "arch": "(((0, 3), (1, 2), (1, 0), (2, 2), (2, 6), (3, 5), (0, 2), (3, 5)), ((0, 4), (1, 4), (1, 4), (2, 2), (2, 1), (3, 1), (2, 3), (4, 0)))", "zen": {"score": 140.94088745117188, "time": 1.265301391016692}}, {"idx": "8701", "arch": "(((0, 4), (1, 3), (0, 3), (1, 6), (1, 2), (3, 4), (0, 1), (2, 1)), ((0, 1), (1, 1), (0, 3), (2, 3), (0, 0), (3, 5), (0, 6), (2, 4)))", "zen": {"score": 182.92547607421875, "time": 1.3802086650393903}}, {"idx": "8702", "arch": "(((0, 2), (1, 4), (1, 3), (2, 1), (1, 6), (3, 0), (0, 2), (3, 5)), ((0, 0), (1, 2), (1, 5), (2, 3), (2, 6), (3, 6), (0, 6), (1, 1)))", "zen": {"score": 140.01260375976562, "time": 1.3492479929700494}}, {"idx": "8703", "arch": "(((0, 2), (1, 5), (0, 1), (2, 6), (0, 4), (1, 2), (1, 0), (3, 6)), ((0, 3), (1, 4), (0, 5), (2, 2), (0, 2), (3, 1), (1, 4), (4, 5)))", "zen": {"score": 140.61688232421875, "time": 1.2893057325854897}}, {"idx": "8704", "arch": "(((0, 6), (1, 6), (1, 1), (2, 6), (0, 3), (2, 6), (2, 1), (3, 6)), ((0, 3), (1, 5), (1, 4), (2, 4), (1, 5), (2, 5), (0, 3), (4, 4)))", "zen": {"score": 187.3150634765625, "time": 1.2949656248092651}}, {"idx": "8705", "arch": "(((0, 2), (1, 3), (1, 0), (2, 6), (1, 6), (3, 5), (1, 2), (4, 5)), ((0, 5), (1, 4), (1, 3), (2, 5), (1, 6), (2, 5), (1, 5), (4, 3)))", "zen": {"score": 160.47259521484375, "time": 1.2452376652508974}}, {"idx": "8706", "arch": "(((0, 5), (1, 0), (1, 0), (2, 5), (0, 6), (3, 2), (3, 0), (4, 6)), ((0, 3), (1, 4), (1, 5), (2, 4), (1, 2), (2, 0), (2, 1), (4, 0)))", "zen": {"score": 124.61092376708984, "time": 1.431413367856294}}, {"idx": "8707", "arch": "(((0, 5), (1, 6), (0, 6), (1, 0), (0, 2), (1, 1), (1, 4), (4, 4)), ((0, 1), (1, 6), (0, 5), (2, 0), (0, 3), (2, 6), (0, 6), (1, 1)))", "zen": {"score": 154.53790283203125, "time": 1.3671960439532995}}, {"idx": "8708", "arch": "(((0, 1), (1, 1), (1, 5), (2, 1), (0, 2), (3, 6), (2, 5), (4, 2)), ((0, 4), (1, 0), (0, 6), (1, 4), (1, 5), (2, 5), (0, 2), (2, 6)))", "zen": {"score": 112.67728424072266, "time": 1.2855880949646235}}, {"idx": "8709", "arch": "(((0, 6), (1, 0), (0, 4), (1, 5), (0, 1), (1, 5), (0, 1), (3, 5)), ((0, 4), (1, 3), (0, 1), (2, 2), (1, 6), (2, 3), (1, 0), (4, 6)))", "zen": {"score": 144.92568969726562, "time": 1.3912115241400898}}, {"idx": "8710", "arch": "(((0, 5), (1, 1), (0, 4), (1, 3), (0, 5), (1, 3), (0, 1), (1, 4)), ((0, 5), (1, 1), (0, 5), (1, 3), (0, 3), (1, 6), (2, 1), (4, 0)))", "zen": {"score": 181.91334533691406, "time": 1.3837700877338648}}, {"idx": "8711", "arch": "(((0, 2), (1, 6), (0, 0), (1, 2), (2, 2), (3, 4), (1, 0), (2, 1)), ((0, 0), (1, 1), (1, 6), (2, 0), (0, 5), (1, 4), (0, 0), (4, 5)))", "zen": {"score": 100.81672668457031, "time": 1.348460178822279}}, {"idx": "8712", "arch": "(((0, 6), (1, 0), (0, 5), (2, 6), (1, 2), (2, 1), (2, 5), (4, 5)), ((0, 4), (1, 4), (1, 1), (2, 2), (1, 0), (3, 1), (0, 4), (1, 6)))", "zen": {"score": 136.66285705566406, "time": 1.294484886340797}}, {"idx": "8713", "arch": "(((0, 6), (1, 4), (0, 0), (1, 3), (0, 6), (1, 4), (1, 5), (2, 3)), ((0, 5), (1, 0), (0, 5), (1, 6), (1, 1), (2, 0), (0, 3), (4, 3)))", "zen": {"score": 202.40940856933594, "time": 1.4197966908104718}}, {"idx": "8714", "arch": "(((0, 3), (1, 3), (1, 5), (2, 5), (0, 2), (1, 6), (0, 3), (4, 6)), ((0, 6), (1, 6), (1, 4), (2, 6), (0, 1), (1, 4), (1, 2), (3, 3)))", "zen": {"score": 197.55967712402344, "time": 1.2866376349702477}}, {"idx": "8715", "arch": "(((0, 6), (1, 3), (0, 2), (1, 3), (1, 2), (3, 6), (0, 1), (4, 6)), ((0, 3), (1, 4), (0, 2), (1, 2), (0, 0), (2, 4), (2, 0), (3, 4)))", "zen": {"score": 164.89614868164062, "time": 1.2789224949665368}}, {"idx": "8716", "arch": "(((0, 4), (1, 2), (0, 3), (2, 1), (0, 0), (1, 4), (0, 4), (3, 0)), ((0, 5), (1, 5), (0, 6), (2, 4), (0, 4), (2, 3), (1, 1), (2, 6)))", "zen": {"score": 185.2840576171875, "time": 1.4690102902241051}}, {"idx": "8717", "arch": "(((0, 1), (1, 6), (0, 2), (2, 6), (0, 2), (1, 3), (1, 6), (4, 1)), ((0, 2), (1, 0), (0, 4), (2, 0), (1, 1), (2, 4), (0, 2), (1, 6)))", "zen": {"score": 125.88504028320312, "time": 1.2977547980844975}}, {"idx": "8718", "arch": "(((0, 2), (1, 3), (0, 3), (2, 0), (0, 0), (1, 5), (0, 2), (2, 3)), ((0, 2), (1, 1), (0, 1), (1, 4), (0, 1), (2, 0), (0, 4), (3, 2)))", "zen": {"score": 134.06552124023438, "time": 1.386128137819469}}, {"idx": "8719", "arch": "(((0, 1), (1, 2), (0, 1), (2, 0), (2, 2), (3, 2), (1, 4), (4, 0)), ((0, 1), (1, 1), (1, 5), (2, 0), (2, 0), (3, 5), (1, 2), (4, 3)))", "zen": {"score": 85.6553726196289, "time": 1.3488359148614109}}, {"idx": "8720", "arch": "(((0, 0), (1, 3), (0, 4), (2, 3), (1, 6), (3, 1), (2, 6), (4, 2)), ((0, 4), (1, 0), (1, 1), (2, 4), (2, 1), (3, 3), (2, 1), (4, 2)))", "zen": {"score": 167.16197204589844, "time": 1.3630434949882329}}, {"idx": "8721", "arch": "(((0, 0), (1, 1), (0, 4), (1, 4), (1, 3), (2, 3), (2, 2), (4, 5)), ((0, 3), (1, 4), (1, 0), (2, 0), (0, 6), (2, 6), (1, 4), (2, 2)))", "zen": {"score": 187.41587829589844, "time": 1.421946840826422}}, {"idx": "8722", "arch": "(((0, 3), (1, 3), (0, 3), (1, 0), (1, 4), (3, 0), (2, 6), (3, 6)), ((0, 2), (1, 4), (1, 0), (2, 0), (0, 0), (3, 0), (2, 2), (4, 5)))", "zen": {"score": 177.13426208496094, "time": 1.5324344467371702}}, {"idx": "8723", "arch": "(((0, 5), (1, 1), (0, 1), (2, 3), (2, 6), (3, 4), (1, 0), (2, 2)), ((0, 5), (1, 1), (0, 4), (2, 3), (0, 3), (3, 0), (0, 4), (1, 0)))", "zen": {"score": 153.63160705566406, "time": 1.4207450691610575}}, {"idx": "8724", "arch": "(((0, 2), (1, 1), (1, 3), (2, 5), (1, 6), (2, 4), (0, 2), (2, 1)), ((0, 5), (1, 3), (0, 3), (1, 1), (1, 1), (2, 6), (1, 2), (3, 5)))", "zen": {"score": 141.52035522460938, "time": 1.2664318839088082}}, {"idx": "8725", "arch": "(((0, 5), (1, 6), (0, 2), (1, 1), (0, 3), (3, 6), (3, 1), (4, 0)), ((0, 6), (1, 2), (1, 0), (2, 2), (0, 4), (3, 1), (1, 2), (2, 5)))", "zen": {"score": 117.88726043701172, "time": 1.3717673849314451}}, {"idx": "8726", "arch": "(((0, 4), (1, 2), (0, 2), (2, 3), (2, 2), (3, 4), (3, 5), (4, 2)), ((0, 1), (1, 6), (0, 3), (2, 5), (1, 6), (2, 5), (1, 0), (4, 4)))", "zen": {"score": 166.97654724121094, "time": 1.1592859188094735}}, {"idx": "8727", "arch": "(((0, 6), (1, 6), (0, 4), (2, 4), (0, 5), (2, 4), (0, 4), (3, 2)), ((0, 0), (1, 4), (0, 1), (2, 4), (0, 3), (1, 0), (0, 4), (3, 6)))", "zen": {"score": 230.36749267578125, "time": 1.2810057601891458}}, {"idx": "8728", "arch": "(((0, 5), (1, 0), (0, 2), (2, 0), (1, 0), (2, 6), (0, 4), (2, 4)), ((0, 6), (1, 6), (0, 4), (2, 2), (1, 6), (3, 5), (2, 3), (4, 2)))", "zen": {"score": 157.63499450683594, "time": 1.4019322600215673}}, {"idx": "8729", "arch": "(((0, 0), (1, 2), (0, 2), (2, 6), (0, 1), (1, 6), (0, 4), (2, 5)), ((0, 1), (1, 1), (0, 6), (1, 1), (1, 6), (2, 5), (0, 2), (3, 5)))", "zen": {"score": 122.39945983886719, "time": 1.2393771978095174}}, {"idx": "8730", "arch": "(((0, 3), (1, 2), (1, 2), (2, 6), (1, 3), (2, 3), (3, 5), (4, 6)), ((0, 2), (1, 6), (0, 2), (2, 4), (2, 4), (3, 3), (0, 0), (1, 1)))", "zen": {"score": 183.45132446289062, "time": 1.2145399656146765}}, {"idx": "8731", "arch": "(((0, 1), (1, 3), (0, 1), (1, 4), (0, 5), (3, 3), (0, 4), (3, 4)), ((0, 3), (1, 0), (0, 3), (1, 2), (1, 1), (2, 1), (1, 5), (4, 1)))", "zen": {"score": 196.03915405273438, "time": 1.424779108259827}}, {"idx": "8732", "arch": "(((0, 2), (1, 1), (0, 6), (1, 5), (1, 1), (2, 6), (0, 4), (2, 5)), ((0, 5), (1, 0), (1, 4), (2, 0), (2, 6), (3, 4), (0, 3), (3, 5)))", "zen": {"score": 154.5880126953125, "time": 1.2937668687663972}}, {"idx": "8733", "arch": "(((0, 6), (1, 0), (1, 3), (2, 3), (2, 0), (3, 3), (1, 4), (4, 0)), ((0, 5), (1, 5), (0, 6), (1, 5), (1, 1), (2, 3), (1, 6), (3, 1)))", "zen": {"score": 177.4925537109375, "time": 1.5686169750988483}}, {"idx": "8734", "arch": "(((0, 0), (1, 0), (0, 3), (1, 3), (1, 2), (3, 3), (0, 6), (1, 0)), ((0, 2), (1, 3), (1, 1), (2, 1), (0, 2), (2, 1), (0, 1), (4, 0)))", "zen": {"score": 126.16419219970703, "time": 1.4819969460368156}}, {"idx": "8735", "arch": "(((0, 6), (1, 4), (0, 5), (1, 6), (0, 1), (3, 0), (0, 3), (1, 6)), ((0, 0), (1, 3), (0, 1), (2, 2), (0, 0), (1, 5), (2, 2), (4, 5)))", "zen": {"score": 150.78933715820312, "time": 1.3877425780519843}}, {"idx": "8736", "arch": "(((0, 5), (1, 3), (1, 5), (2, 6), (2, 2), (3, 6), (2, 6), (4, 4)), ((0, 1), (1, 3), (1, 0), (2, 0), (0, 0), (1, 3), (0, 0), (4, 5)))", "zen": {"score": 175.68760681152344, "time": 1.2796573601663113}}, {"idx": "8737", "arch": "(((0, 2), (1, 2), (1, 2), (2, 4), (0, 6), (2, 0), (1, 4), (3, 0)), ((0, 5), (1, 6), (0, 4), (2, 6), (0, 1), (3, 1), (1, 1), (4, 3)))", "zen": {"score": 137.53192138671875, "time": 1.3231111182831228}}, {"idx": "8738", "arch": "(((0, 4), (1, 1), (1, 5), (2, 1), (1, 3), (2, 6), (3, 2), (4, 4)), ((0, 5), (1, 4), (1, 2), (2, 1), (2, 4), (3, 5), (0, 6), (2, 2)))", "zen": {"score": 175.544921875, "time": 1.2901342147961259}}, {"idx": "8739", "arch": "(((0, 4), (1, 2), (0, 1), (2, 0), (0, 2), (3, 4), (0, 2), (2, 1)), ((0, 1), (1, 0), (0, 5), (1, 4), (1, 4), (2, 5), (0, 2), (1, 3)))", "zen": {"score": 128.6222381591797, "time": 1.303041819948703}}, {"idx": "8740", "arch": "(((0, 5), (1, 1), (0, 3), (1, 6), (1, 0), (2, 4), (1, 5), (2, 0)), ((0, 6), (1, 1), (0, 0), (2, 1), (0, 2), (2, 3), (0, 5), (4, 2)))", "zen": {"score": 138.7998504638672, "time": 1.458890496287495}}, {"idx": "8741", "arch": "(((0, 4), (1, 6), (0, 6), (2, 1), (2, 5), (3, 2), (0, 1), (1, 0)), ((0, 6), (1, 6), (1, 6), (2, 1), (0, 2), (1, 3), (1, 6), (4, 5)))", "zen": {"score": 134.40853881835938, "time": 1.3070509359240532}}, {"idx": "8742", "arch": "(((0, 1), (1, 6), (0, 0), (2, 0), (1, 0), (2, 0), (1, 0), (3, 0)), ((0, 3), (1, 1), (0, 4), (2, 5), (2, 2), (3, 1), (0, 0), (3, 1)))", "zen": {"score": 70.89260864257812, "time": 1.6709465272724628}}, {"idx": "8743", "arch": "(((0, 6), (1, 0), (1, 2), (2, 2), (2, 3), (3, 2), (1, 3), (2, 2)), ((0, 3), (1, 5), (0, 0), (2, 1), (0, 4), (1, 4), (1, 1), (3, 6)))", "zen": {"score": 133.6088104248047, "time": 1.2308612349443138}}, {"idx": "8744", "arch": "(((0, 2), (1, 3), (0, 5), (2, 1), (1, 3), (3, 4), (0, 5), (2, 2)), ((0, 2), (1, 1), (0, 6), (2, 2), (0, 1), (2, 5), (1, 1), (2, 0)))", "zen": {"score": 139.5900421142578, "time": 1.2084963801316917}}, {"idx": "8745", "arch": "(((0, 6), (1, 3), (0, 5), (2, 4), (0, 6), (1, 6), (1, 4), (3, 4)), ((0, 3), (1, 4), (0, 1), (1, 3), (2, 1), (3, 6), (0, 3), (4, 5)))", "zen": {"score": 236.93650817871094, "time": 1.3041482772678137}}, {"idx": "8746", "arch": "(((0, 3), (1, 0), (0, 0), (2, 6), (0, 4), (2, 6), (2, 0), (4, 6)), ((0, 5), (1, 3), (0, 2), (1, 2), (0, 0), (3, 0), (2, 0), (4, 0)))", "zen": {"score": 147.75779724121094, "time": 1.5633048960007727}}, {"idx": "8747", "arch": "(((0, 1), (1, 1), (1, 6), (2, 4), (0, 1), (3, 4), (0, 0), (2, 5)), ((0, 1), (1, 0), (0, 4), (1, 1), (1, 4), (3, 5), (3, 0), (4, 1)))", "zen": {"score": 141.23703002929688, "time": 1.42070555081591}}, {"idx": "8748", "arch": "(((0, 6), (1, 0), (1, 1), (2, 4), (1, 5), (3, 6), (2, 0), (4, 2)), ((0, 2), (1, 1), (1, 1), (2, 2), (1, 6), (2, 4), (1, 3), (2, 4)))", "zen": {"score": 140.9053192138672, "time": 1.373142845928669}}, {"idx": "8749", "arch": "(((0, 4), (1, 5), (0, 2), (1, 0), (2, 6), (3, 5), (1, 4), (2, 5)), ((0, 1), (1, 4), (1, 4), (2, 1), (1, 3), (3, 4), (1, 2), (3, 4)))", "zen": {"score": 191.83493041992188, "time": 1.3173150829970837}}, {"idx": "8750", "arch": "(((0, 0), (1, 4), (1, 3), (2, 4), (2, 6), (3, 3), (1, 2), (3, 6)), ((0, 3), (1, 1), (0, 2), (1, 1), (1, 1), (3, 6), (1, 3), (4, 1)))", "zen": {"score": 191.40621948242188, "time": 1.3780940561555326}}, {"idx": "8751", "arch": "(((0, 2), (1, 6), (1, 0), (2, 3), (0, 1), (2, 5), (0, 2), (3, 4)), ((0, 6), (1, 4), (0, 5), (2, 3), (1, 6), (3, 3), (1, 3), (4, 4)))", "zen": {"score": 173.7880401611328, "time": 1.3142082393169403}}, {"idx": "8752", "arch": "(((0, 4), (1, 0), (0, 4), (1, 6), (0, 2), (3, 4), (1, 0), (2, 6)), ((0, 0), (1, 2), (0, 6), (2, 6), (0, 3), (2, 0), (2, 3), (3, 6)))", "zen": {"score": 182.39048767089844, "time": 1.4813952562399209}}, {"idx": "8753", "arch": "(((0, 0), (1, 3), (0, 2), (1, 0), (2, 4), (3, 6), (3, 1), (4, 4)), ((0, 5), (1, 2), (1, 6), (2, 2), (0, 2), (3, 3), (0, 1), (4, 3)))", "zen": {"score": 163.00808715820312, "time": 1.4568639188073575}}, {"idx": "8754", "arch": "(((0, 1), (1, 4), (0, 5), (2, 1), (0, 5), (2, 6), (1, 3), (2, 2)), ((0, 1), (1, 1), (0, 0), (2, 2), (1, 6), (2, 5), (1, 2), (4, 1)))", "zen": {"score": 130.95030212402344, "time": 1.287577215116471}}, {"idx": "8755", "arch": "(((0, 0), (1, 0), (1, 4), (2, 2), (0, 1), (1, 0), (0, 3), (1, 3)), ((0, 6), (1, 6), (0, 0), (2, 6), (0, 0), (2, 0), (2, 4), (4, 1)))", "zen": {"score": 131.8330841064453, "time": 1.5883459891192615}}, {"idx": "8756", "arch": "(((0, 0), (1, 6), (0, 2), (1, 6), (2, 5), (3, 3), (0, 4), (3, 0)), ((0, 0), (1, 3), (0, 3), (2, 0), (1, 4), (3, 4), (1, 4), (2, 6)))", "zen": {"score": 178.095947265625, "time": 1.4351956751197577}}, {"idx": "8757", "arch": "(((0, 6), (1, 0), (0, 6), (2, 5), (0, 6), (3, 0), (3, 2), (4, 6)), ((0, 3), (1, 1), (1, 3), (2, 4), (1, 3), (2, 3), (1, 2), (3, 4)))", "zen": {"score": 159.2500457763672, "time": 1.3436807403340936}}, {"idx": "8758", "arch": "(((0, 5), (1, 2), (1, 3), (2, 6), (2, 1), (3, 0), (1, 0), (3, 6)), ((0, 4), (1, 5), (1, 1), (2, 6), (0, 3), (3, 3), (0, 5), (2, 4)))", "zen": {"score": 147.87351989746094, "time": 1.4027867331169546}}, {"idx": "8759", "arch": "(((0, 3), (1, 3), (1, 3), (2, 2), (0, 0), (3, 6), (3, 4), (4, 2)), ((0, 0), (1, 4), (1, 5), (2, 4), (1, 1), (3, 3), (1, 3), (3, 4)))", "zen": {"score": 200.99319458007812, "time": 1.376616537105292}}, {"idx": "8760", "arch": "(((0, 1), (1, 6), (0, 2), (1, 0), (2, 5), (3, 6), (1, 4), (3, 4)), ((0, 0), (1, 2), (0, 5), (2, 6), (0, 0), (1, 2), (2, 5), (3, 5)))", "zen": {"score": 155.0685272216797, "time": 1.337579149287194}}, {"idx": "8761", "arch": "(((0, 5), (1, 2), (1, 0), (2, 2), (0, 2), (1, 0), (1, 1), (2, 6)), ((0, 1), (1, 2), (0, 6), (2, 2), (2, 4), (3, 1), (2, 0), (3, 4)))", "zen": {"score": 88.4454345703125, "time": 1.2999744666740298}}, {"idx": "8762", "arch": "(((0, 4), (1, 5), (0, 5), (1, 0), (2, 2), (3, 2), (3, 3), (4, 3)), ((0, 4), (1, 1), (1, 2), (2, 6), (1, 4), (3, 1), (1, 6), (3, 5)))", "zen": {"score": 170.70449829101562, "time": 1.2774792732670903}}, {"idx": "8763", "arch": "(((0, 1), (1, 3), (0, 2), (2, 4), (2, 4), (3, 6), (1, 6), (2, 6)), ((0, 1), (1, 0), (1, 3), (2, 5), (1, 2), (3, 3), (0, 0), (3, 1)))", "zen": {"score": 182.38597106933594, "time": 1.323020129930228}}, {"idx": "8764", "arch": "(((0, 2), (1, 1), (0, 4), (1, 3), (0, 0), (2, 5), (0, 6), (1, 5)), ((0, 1), (1, 5), (0, 6), (1, 6), (1, 0), (3, 6), (2, 1), (4, 4)))", "zen": {"score": 148.81777954101562, "time": 1.3511060900054872}}, {"idx": "8765", "arch": "(((0, 1), (1, 4), (1, 0), (2, 0), (2, 2), (3, 5), (1, 3), (3, 1)), ((0, 1), (1, 3), (0, 1), (2, 2), (0, 0), (3, 1), (1, 0), (2, 0)))", "zen": {"score": 106.52723693847656, "time": 1.494420403148979}}, {"idx": "8766", "arch": "(((0, 1), (1, 1), (1, 6), (2, 1), (0, 6), (3, 4), (0, 6), (4, 0)), ((0, 3), (1, 4), (0, 6), (1, 3), (0, 6), (3, 0), (1, 1), (4, 2)))", "zen": {"score": 138.97549438476562, "time": 1.4268718329258263}}, {"idx": "8767", "arch": "(((0, 5), (1, 0), (1, 1), (2, 5), (0, 1), (2, 3), (0, 0), (4, 3)), ((0, 0), (1, 0), (1, 5), (2, 3), (0, 0), (2, 4), (2, 2), (4, 6)))", "zen": {"score": 134.63621520996094, "time": 1.4869176200591028}}, {"idx": "8768", "arch": "(((0, 0), (1, 1), (0, 1), (2, 1), (0, 1), (3, 6), (1, 1), (4, 2)), ((0, 1), (1, 3), (0, 0), (2, 1), (0, 6), (2, 4), (0, 4), (3, 0)))", "zen": {"score": 82.96107482910156, "time": 1.4081073943525553}}, {"idx": "8769", "arch": "(((0, 2), (1, 0), (1, 4), (2, 4), (0, 3), (2, 0), (1, 4), (3, 5)), ((0, 3), (1, 3), (1, 6), (2, 1), (1, 0), (2, 3), (1, 5), (3, 6)))", "zen": {"score": 194.55599975585938, "time": 1.4884887798689306}}, {"idx": "8770", "arch": "(((0, 3), (1, 5), (0, 1), (2, 6), (0, 1), (2, 4), (3, 1), (4, 6)), ((0, 2), (1, 2), (0, 2), (2, 0), (0, 5), (1, 0), (2, 0), (3, 1)))", "zen": {"score": 136.61880493164062, "time": 1.3682429478503764}}, {"idx": "8771", "arch": "(((0, 6), (1, 0), (0, 2), (2, 5), (0, 3), (3, 0), (1, 2), (2, 6)), ((0, 5), (1, 4), (0, 6), (2, 5), (0, 5), (2, 6), (3, 2), (4, 1)))", "zen": {"score": 131.47679138183594, "time": 1.306368402671069}}, {"idx": "8772", "arch": "(((0, 5), (1, 6), (0, 2), (2, 5), (1, 1), (3, 1), (2, 6), (4, 4)), ((0, 3), (1, 3), (1, 4), (2, 2), (0, 2), (1, 4), (3, 2), (4, 1)))", "zen": {"score": 152.6352996826172, "time": 1.2422908591106534}}, {"idx": "8773", "arch": "(((0, 0), (1, 6), (0, 0), (2, 3), (2, 5), (3, 6), (2, 1), (3, 2)), ((0, 6), (1, 3), (0, 5), (2, 2), (0, 1), (3, 4), (0, 6), (2, 4)))", "zen": {"score": 145.1800537109375, "time": 1.345937894191593}}, {"idx": "8774", "arch": "(((0, 0), (1, 3), (1, 0), (2, 1), (1, 6), (3, 5), (2, 5), (4, 3)), ((0, 4), (1, 2), (1, 4), (2, 4), (0, 6), (3, 4), (2, 6), (4, 2)))", "zen": {"score": 174.2433624267578, "time": 1.4525016220286489}}, {"idx": "8775", "arch": "(((0, 4), (1, 3), (1, 0), (2, 1), (0, 1), (1, 3), (0, 4), (4, 0)), ((0, 4), (1, 1), (0, 6), (2, 1), (0, 5), (1, 0), (0, 4), (3, 0)))", "zen": {"score": 161.08897399902344, "time": 1.6178569123148918}}, {"idx": "8776", "arch": "(((0, 1), (1, 4), (1, 1), (2, 2), (2, 4), (3, 6), (1, 3), (4, 3)), ((0, 0), (1, 4), (0, 3), (2, 1), (1, 5), (3, 1), (0, 4), (3, 6)))", "zen": {"score": 190.60223388671875, "time": 1.3685990571975708}}, {"idx": "8777", "arch": "(((0, 0), (1, 5), (0, 6), (1, 1), (0, 1), (2, 4), (1, 0), (4, 6)), ((0, 3), (1, 4), (0, 3), (1, 5), (0, 2), (1, 3), (0, 6), (1, 3)))", "zen": {"score": 155.20123291015625, "time": 1.4539060578681529}}, {"idx": "8778", "arch": "(((0, 5), (1, 3), (0, 0), (2, 5), (0, 1), (1, 3), (0, 1), (1, 5)), ((0, 1), (1, 6), (0, 3), (2, 2), (0, 3), (2, 0), (1, 5), (4, 4)))", "zen": {"score": 146.0985107421875, "time": 1.4000986441969872}}, {"idx": "8779", "arch": "(((0, 5), (1, 6), (0, 6), (2, 6), (1, 4), (3, 6), (0, 0), (1, 0)), ((0, 0), (1, 4), (0, 2), (2, 0), (2, 4), (3, 6), (1, 5), (3, 1)))", "zen": {"score": 162.273681640625, "time": 1.4257715079002082}}, {"idx": "8780", "arch": "(((0, 1), (1, 6), (0, 5), (2, 6), (0, 1), (3, 2), (1, 3), (2, 0)), ((0, 2), (1, 5), (0, 1), (1, 5), (0, 0), (1, 3), (0, 6), (1, 3)))", "zen": {"score": 125.0003890991211, "time": 1.3484540381468832}}, {"idx": "8781", "arch": "(((0, 5), (1, 6), (0, 6), (2, 0), (1, 0), (2, 0), (2, 5), (3, 2)), ((0, 1), (1, 3), (1, 3), (2, 3), (0, 6), (2, 5), (2, 3), (3, 1)))", "zen": {"score": 128.2462158203125, "time": 1.4365483960136771}}, {"idx": "8782", "arch": "(((0, 0), (1, 3), (0, 5), (2, 3), (1, 4), (2, 1), (1, 3), (2, 2)), ((0, 6), (1, 2), (1, 2), (2, 0), (0, 2), (1, 0), (2, 2), (3, 6)))", "zen": {"score": 158.25999450683594, "time": 1.3981777927838266}}, {"idx": "8783", "arch": "(((0, 4), (1, 0), (0, 2), (2, 4), (0, 0), (1, 5), (0, 2), (3, 4)), ((0, 5), (1, 1), (0, 2), (2, 6), (0, 6), (1, 0), (3, 2), (4, 2)))", "zen": {"score": 148.38565063476562, "time": 1.3983121551573277}}, {"idx": "8784", "arch": "(((0, 6), (1, 5), (1, 6), (2, 3), (0, 4), (1, 1), (0, 6), (2, 4)), ((0, 6), (1, 5), (0, 0), (2, 2), (0, 4), (1, 5), (1, 1), (2, 0)))", "zen": {"score": 188.35162353515625, "time": 1.3699297336861491}}, {"idx": "8785", "arch": "(((0, 1), (1, 2), (1, 1), (2, 6), (0, 3), (1, 2), (0, 5), (2, 1)), ((0, 6), (1, 6), (1, 0), (2, 1), (1, 3), (2, 0), (1, 0), (4, 5)))", "zen": {"score": 102.41581726074219, "time": 1.3138707531616092}}, {"idx": "8786", "arch": "(((0, 5), (1, 0), (0, 0), (1, 3), (0, 6), (2, 2), (0, 3), (3, 6)), ((0, 3), (1, 5), (0, 3), (2, 1), (1, 1), (2, 1), (3, 4), (4, 1)))", "zen": {"score": 147.5706024169922, "time": 1.4141358099877834}}, {"idx": "8787", "arch": "(((0, 0), (1, 2), (1, 5), (2, 3), (0, 2), (3, 6), (1, 3), (4, 5)), ((0, 0), (1, 0), (1, 5), (2, 5), (1, 0), (2, 2), (1, 0), (4, 2)))", "zen": {"score": 130.6883087158203, "time": 1.3266927362419665}}, {"idx": "8788", "arch": "(((0, 3), (1, 3), (0, 5), (2, 6), (1, 6), (3, 6), (0, 2), (4, 0)), ((0, 0), (1, 3), (1, 0), (2, 0), (0, 1), (3, 2), (1, 5), (4, 2)))", "zen": {"score": 146.67416381835938, "time": 1.352042651269585}}, {"idx": "8789", "arch": "(((0, 6), (1, 2), (0, 6), (1, 3), (0, 2), (3, 2), (3, 2), (4, 5)), ((0, 3), (1, 6), (0, 6), (2, 5), (0, 0), (2, 0), (1, 0), (2, 0)))", "zen": {"score": 120.83576965332031, "time": 1.1753063015639782}}, {"idx": "8790", "arch": "(((0, 2), (1, 6), (0, 2), (2, 5), (0, 6), (2, 0), (0, 5), (2, 0)), ((0, 6), (1, 5), (0, 2), (2, 6), (0, 6), (1, 2), (2, 4), (4, 5)))", "zen": {"score": 122.661865234375, "time": 1.3278937698341906}}, {"idx": "8791", "arch": "(((0, 3), (1, 1), (0, 5), (2, 3), (0, 6), (1, 6), (3, 6), (4, 3)), ((0, 3), (1, 5), (0, 4), (1, 1), (0, 6), (2, 0), (2, 0), (3, 4)))", "zen": {"score": 192.5274200439453, "time": 1.3938646391034126}}, {"idx": "8792", "arch": "(((0, 3), (1, 2), (0, 1), (2, 1), (1, 1), (2, 1), (0, 0), (1, 3)), ((0, 0), (1, 0), (1, 6), (2, 3), (1, 6), (2, 2), (2, 0), (3, 3)))", "zen": {"score": 104.13799285888672, "time": 1.4372157990001142}}, {"idx": "8793", "arch": "(((0, 4), (1, 2), (0, 6), (2, 6), (1, 0), (2, 6), (0, 2), (4, 5)), ((0, 4), (1, 4), (0, 1), (2, 5), (0, 6), (2, 4), (3, 1), (4, 2)))", "zen": {"score": 158.770751953125, "time": 1.2540484704077244}}, {"idx": "8794", "arch": "(((0, 4), (1, 0), (0, 5), (2, 6), (2, 2), (3, 5), (1, 6), (4, 6)), ((0, 1), (1, 3), (0, 2), (1, 6), (0, 2), (2, 3), (0, 4), (3, 6)))", "zen": {"score": 173.17523193359375, "time": 1.2825495768338442}}, {"idx": "8795", "arch": "(((0, 3), (1, 4), (1, 1), (2, 4), (1, 2), (3, 1), (3, 2), (4, 1)), ((0, 4), (1, 5), (0, 0), (2, 6), (0, 5), (3, 3), (0, 4), (2, 6)))", "zen": {"score": 162.59584045410156, "time": 1.299800202716142}}, {"idx": "8796", "arch": "(((0, 4), (1, 4), (0, 3), (1, 4), (1, 3), (2, 1), (1, 3), (2, 6)), ((0, 6), (1, 6), (1, 4), (2, 1), (0, 6), (2, 4), (0, 2), (1, 6)))", "zen": {"score": 239.9251708984375, "time": 1.3654859731905162}}, {"idx": "8797", "arch": "(((0, 3), (1, 1), (1, 3), (2, 5), (1, 2), (3, 3), (1, 6), (3, 2)), ((0, 3), (1, 6), (0, 3), (1, 0), (1, 2), (3, 2), (0, 5), (4, 4)))", "zen": {"score": 165.78485107421875, "time": 1.2341824350878596}}, {"idx": "8798", "arch": "(((0, 3), (1, 6), (1, 1), (2, 3), (1, 0), (2, 2), (1, 4), (2, 1)), ((0, 6), (1, 4), (1, 4), (2, 4), (0, 0), (1, 1), (2, 5), (4, 4)))", "zen": {"score": 170.81422424316406, "time": 1.399530021008104}}, {"idx": "8799", "arch": "(((0, 2), (1, 0), (0, 2), (1, 4), (2, 2), (3, 6), (3, 5), (4, 2)), ((0, 3), (1, 1), (0, 3), (1, 6), (0, 4), (3, 3), (0, 1), (4, 0)))", "zen": {"score": 131.16647338867188, "time": 1.176225271075964}}]