[{"idx": "4800", "arch": "(((0, 5), (1, 3), (0, 5), (1, 6), (0, 0), (2, 2), (3, 1), (4, 0)), ((0, 5), (1, 1), (0, 1), (1, 0), (2, 4), (3, 0), (2, 1), (4, 0)))", "zen": {"score": 105.87850189208984, "time": 1.7675915858708322}}, {"idx": "4801", "arch": "(((0, 3), (1, 0), (0, 1), (1, 1), (1, 2), (2, 6), (2, 0), (3, 4)), ((0, 4), (1, 5), (0, 5), (1, 3), (0, 3), (3, 0), (1, 3), (2, 4)))", "zen": {"score": 153.3066864013672, "time": 1.5050195972435176}}, {"idx": "4802", "arch": "(((0, 2), (1, 0), (0, 0), (1, 6), (0, 0), (2, 4), (0, 2), (3, 2)), ((0, 2), (1, 0), (0, 5), (1, 2), (0, 4), (3, 2), (1, 0), (4, 0)))", "zen": {"score": 96.13865661621094, "time": 1.4194155535660684}}, {"idx": "4803", "arch": "(((0, 3), (1, 2), (1, 6), (2, 5), (1, 3), (2, 6), (1, 2), (2, 6)), ((0, 1), (1, 4), (0, 5), (1, 6), (1, 0), (2, 3), (0, 4), (4, 3)))", "zen": {"score": 180.7854766845703, "time": 1.264898207038641}}, {"idx": "4804", "arch": "(((0, 5), (1, 4), (0, 2), (1, 6), (1, 3), (3, 0), (2, 0), (3, 5)), ((0, 0), (1, 0), (0, 4), (1, 2), (1, 2), (2, 3), (2, 4), (3, 6)))", "zen": {"score": 160.5019073486328, "time": 1.4156169220805168}}, {"idx": "4805", "arch": "(((0, 1), (1, 0), (0, 4), (2, 4), (0, 0), (2, 6), (2, 5), (4, 4)), ((0, 5), (1, 2), (0, 2), (1, 4), (0, 4), (1, 0), (1, 3), (2, 0)))", "zen": {"score": 185.90963745117188, "time": 1.5191431855782866}}, {"idx": "4806", "arch": "(((0, 0), (1, 1), (0, 0), (1, 0), (1, 6), (2, 0), (0, 2), (3, 3)), ((0, 5), (1, 5), (0, 6), (2, 2), (1, 3), (3, 6), (3, 3), (4, 0)))", "zen": {"score": 107.61054229736328, "time": 1.479158767964691}}, {"idx": "4807", "arch": "(((0, 0), (1, 2), (0, 0), (1, 5), (0, 6), (1, 6), (0, 0), (3, 1)), ((0, 5), (1, 1), (0, 5), (2, 3), (1, 0), (3, 4), (0, 0), (2, 1)))", "zen": {"score": 98.64986419677734, "time": 1.4258181690238416}}, {"idx": "4808", "arch": "(((0, 6), (1, 4), (0, 3), (2, 3), (0, 2), (3, 3), (1, 0), (4, 2)), ((0, 0), (1, 6), (1, 6), (2, 4), (0, 6), (3, 0), (1, 4), (3, 5)))", "zen": {"score": 185.7964630126953, "time": 1.34478355711326}}, {"idx": "4809", "arch": "(((0, 3), (1, 0), (1, 5), (2, 1), (0, 6), (3, 0), (1, 2), (3, 4)), ((0, 4), (1, 3), (0, 3), (2, 3), (0, 3), (2, 1), (1, 4), (4, 4)))", "zen": {"score": 174.1005401611328, "time": 1.4255859050899744}}, {"idx": "4810", "arch": "(((0, 5), (1, 3), (1, 5), (2, 3), (0, 5), (3, 5), (2, 6), (3, 5)), ((0, 4), (1, 1), (0, 1), (1, 2), (1, 1), (2, 0), (1, 6), (4, 5)))", "zen": {"score": 175.10369873046875, "time": 1.2842882652767003}}, {"idx": "4811", "arch": "(((0, 4), (1, 0), (0, 4), (1, 3), (0, 3), (1, 0), (0, 5), (2, 1)), ((0, 0), (1, 3), (0, 2), (2, 4), (0, 1), (2, 4), (2, 2), (3, 5)))", "zen": {"score": 179.75401306152344, "time": 1.5144254686310887}}, {"idx": "4812", "arch": "(((0, 0), (1, 5), (1, 3), (2, 3), (1, 2), (2, 0), (0, 1), (1, 6)), ((0, 6), (1, 1), (0, 1), (1, 1), (1, 1), (2, 1), (0, 1), (2, 3)))", "zen": {"score": 117.6736831665039, "time": 1.3736127489246428}}, {"idx": "4813", "arch": "(((0, 1), (1, 3), (1, 6), (2, 6), (2, 3), (3, 2), (0, 2), (3, 5)), ((0, 3), (1, 5), (0, 0), (1, 2), (0, 6), (1, 3), (3, 2), (4, 4)))", "zen": {"score": 159.12266540527344, "time": 1.2616799329407513}}, {"idx": "4814", "arch": "(((0, 3), (1, 1), (1, 5), (2, 3), (1, 5), (2, 2), (1, 5), (4, 5)), ((0, 4), (1, 3), (0, 4), (2, 0), (1, 3), (2, 4), (3, 2), (4, 1)))", "zen": {"score": 172.46099853515625, "time": 1.2990536680445075}}, {"idx": "4815", "arch": "(((0, 0), (1, 1), (0, 4), (1, 1), (2, 3), (3, 4), (0, 1), (1, 0)), ((0, 2), (1, 4), (0, 2), (2, 0), (1, 0), (3, 5), (2, 0), (4, 5)))", "zen": {"score": 137.0762176513672, "time": 1.4995992849580944}}, {"idx": "4816", "arch": "(((0, 3), (1, 6), (1, 1), (2, 5), (2, 6), (3, 4), (3, 6), (4, 5)), ((0, 1), (1, 1), (0, 4), (1, 2), (0, 3), (2, 3), (1, 1), (2, 4)))", "zen": {"score": 193.17593383789062, "time": 1.2875672858208418}}, {"idx": "4817", "arch": "(((0, 3), (1, 3), (1, 1), (2, 6), (0, 2), (2, 2), (2, 4), (3, 3)), ((0, 0), (1, 0), (0, 1), (1, 3), (0, 2), (1, 3), (3, 3), (4, 5)))", "zen": {"score": 177.97276306152344, "time": 1.3190755941905081}}, {"idx": "4818", "arch": "(((0, 4), (1, 0), (1, 6), (2, 6), (0, 6), (3, 4), (1, 2), (2, 4)), ((0, 2), (1, 2), (1, 5), (2, 1), (0, 4), (3, 2), (0, 5), (3, 1)))", "zen": {"score": 185.8046112060547, "time": 1.3161626756191254}}, {"idx": "4819", "arch": "(((0, 5), (1, 1), (1, 3), (2, 2), (1, 3), (2, 4), (0, 2), (1, 6)), ((0, 3), (1, 5), (0, 0), (1, 2), (1, 6), (3, 6), (1, 2), (4, 0)))", "zen": {"score": 157.2229766845703, "time": 1.2845754870213568}}, {"idx": "4820", "arch": "(((0, 0), (1, 5), (0, 6), (1, 1), (2, 3), (3, 1), (2, 1), (4, 5)), ((0, 5), (1, 6), (0, 6), (2, 3), (0, 0), (2, 4), (1, 2), (4, 3)))", "zen": {"score": 137.6825714111328, "time": 1.365380578674376}}, {"idx": "4821", "arch": "(((0, 5), (1, 1), (0, 3), (2, 4), (0, 1), (2, 1), (3, 1), (4, 0)), ((0, 3), (1, 3), (0, 4), (1, 2), (1, 5), (3, 1), (3, 5), (4, 0)))", "zen": {"score": 131.0997772216797, "time": 1.4094805638305843}}, {"idx": "4822", "arch": "(((0, 1), (1, 3), (0, 3), (1, 2), (1, 5), (3, 5), (2, 5), (3, 3)), ((0, 4), (1, 6), (0, 5), (1, 4), (1, 0), (2, 4), (0, 2), (1, 0)))", "zen": {"score": 178.6027069091797, "time": 1.3071958529762924}}, {"idx": "4823", "arch": "(((0, 0), (1, 3), (0, 5), (2, 3), (0, 3), (1, 2), (0, 2), (4, 2)), ((0, 2), (1, 0), (0, 5), (1, 2), (0, 0), (2, 2), (2, 1), (4, 2)))", "zen": {"score": 121.77013397216797, "time": 1.2119360021315515}}, {"idx": "4824", "arch": "(((0, 0), (1, 6), (0, 5), (1, 0), (0, 3), (1, 6), (1, 4), (3, 5)), ((0, 0), (1, 0), (0, 4), (1, 4), (0, 3), (2, 4), (2, 6), (4, 4)))", "zen": {"score": 188.89743041992188, "time": 1.4314322536811233}}, {"idx": "4825", "arch": "(((0, 3), (1, 0), (0, 2), (2, 6), (2, 6), (3, 4), (3, 3), (4, 5)), ((0, 6), (1, 4), (0, 1), (1, 3), (2, 4), (3, 0), (3, 6), (4, 0)))", "zen": {"score": 193.34840393066406, "time": 1.30033316090703}}, {"idx": "4826", "arch": "(((0, 6), (1, 0), (0, 5), (2, 6), (0, 3), (1, 2), (1, 2), (4, 0)), ((0, 0), (1, 6), (0, 6), (2, 4), (1, 6), (3, 0), (1, 5), (3, 0)))", "zen": {"score": 125.8414077758789, "time": 1.2941644140519202}}, {"idx": "4827", "arch": "(((0, 4), (1, 2), (0, 3), (2, 3), (0, 3), (1, 2), (0, 4), (3, 4)), ((0, 6), (1, 0), (1, 0), (2, 6), (2, 6), (3, 2), (0, 5), (1, 4)))", "zen": {"score": 217.2349853515625, "time": 1.2692075790837407}}, {"idx": "4828", "arch": "(((0, 2), (1, 4), (0, 6), (2, 0), (1, 2), (2, 6), (1, 1), (2, 0)), ((0, 4), (1, 3), (0, 2), (1, 4), (0, 3), (1, 2), (0, 2), (4, 3)))", "zen": {"score": 140.704345703125, "time": 1.3540761549957097}}, {"idx": "4829", "arch": "(((0, 5), (1, 2), (0, 4), (1, 0), (1, 0), (3, 6), (0, 0), (2, 2)), ((0, 2), (1, 1), (1, 6), (2, 2), (0, 2), (2, 2), (2, 6), (4, 2)))", "zen": {"score": 103.08151245117188, "time": 1.3170180572196841}}, {"idx": "4830", "arch": "(((0, 5), (1, 3), (1, 6), (2, 6), (1, 0), (2, 0), (1, 0), (3, 3)), ((0, 2), (1, 4), (1, 5), (2, 6), (1, 5), (3, 0), (0, 4), (4, 3)))", "zen": {"score": 164.50265502929688, "time": 1.4853666378185153}}, {"idx": "4831", "arch": "(((0, 0), (1, 4), (0, 3), (2, 5), (0, 3), (1, 0), (3, 4), (4, 5)), ((0, 2), (1, 0), (0, 1), (2, 1), (0, 1), (3, 5), (1, 4), (3, 4)))", "zen": {"score": 188.74453735351562, "time": 1.499096096958965}}, {"idx": "4832", "arch": "(((0, 2), (1, 6), (0, 5), (1, 1), (0, 5), (2, 3), (1, 3), (2, 5)), ((0, 3), (1, 1), (0, 3), (1, 4), (1, 2), (2, 2), (3, 5), (4, 4)))", "zen": {"score": 169.86724853515625, "time": 1.2176026748493314}}, {"idx": "4833", "arch": "(((0, 6), (1, 1), (0, 0), (1, 4), (0, 3), (3, 5), (0, 3), (1, 4)), ((0, 2), (1, 0), (0, 4), (2, 5), (0, 6), (3, 1), (2, 4), (4, 4)))", "zen": {"score": 200.9997100830078, "time": 1.4383655050769448}}, {"idx": "4834", "arch": "(((0, 3), (1, 0), (0, 0), (2, 6), (0, 5), (3, 2), (2, 4), (4, 6)), ((0, 4), (1, 1), (1, 6), (2, 3), (0, 2), (3, 1), (0, 4), (2, 1)))", "zen": {"score": 165.07635498046875, "time": 1.3881045882590115}}, {"idx": "4835", "arch": "(((0, 0), (1, 5), (1, 6), (2, 4), (0, 5), (2, 1), (2, 4), (4, 5)), ((0, 3), (1, 0), (0, 5), (1, 6), (1, 5), (2, 1), (2, 0), (4, 6)))", "zen": {"score": 168.4025115966797, "time": 1.4252856383100152}}, {"idx": "4836", "arch": "(((0, 3), (1, 2), (0, 2), (1, 6), (0, 5), (3, 1), (0, 5), (3, 1)), ((0, 3), (1, 2), (0, 5), (1, 5), (0, 4), (2, 2), (2, 6), (4, 1)))", "zen": {"score": 122.35266876220703, "time": 1.2109816260635853}}, {"idx": "4837", "arch": "(((0, 4), (1, 5), (0, 1), (2, 4), (0, 1), (1, 1), (0, 5), (3, 1)), ((0, 4), (1, 1), (0, 0), (2, 5), (0, 0), (2, 0), (2, 1), (4, 3)))", "zen": {"score": 133.75772094726562, "time": 1.3348202458582819}}, {"idx": "4838", "arch": "(((0, 3), (1, 5), (1, 4), (2, 4), (1, 2), (2, 5), (1, 5), (4, 4)), ((0, 5), (1, 5), (0, 1), (2, 6), (1, 1), (2, 2), (0, 5), (4, 3)))", "zen": {"score": 203.6273193359375, "time": 1.226770635228604}}, {"idx": "4839", "arch": "(((0, 3), (1, 1), (0, 5), (1, 6), (1, 2), (2, 0), (0, 1), (2, 5)), ((0, 4), (1, 4), (1, 4), (2, 4), (0, 3), (1, 5), (3, 2), (4, 2)))", "zen": {"score": 144.77749633789062, "time": 1.2781374622136354}}, {"idx": "4840", "arch": "(((0, 4), (1, 5), (0, 5), (1, 0), (1, 3), (2, 3), (0, 0), (2, 5)), ((0, 2), (1, 2), (0, 1), (1, 4), (1, 5), (2, 5), (0, 5), (1, 1)))", "zen": {"score": 167.60400390625, "time": 1.4210906559601426}}, {"idx": "4841", "arch": "(((0, 3), (1, 4), (1, 4), (2, 3), (1, 2), (2, 2), (0, 0), (4, 6)), ((0, 0), (1, 3), (0, 3), (1, 4), (0, 6), (1, 4), (2, 3), (3, 4)))", "zen": {"score": 212.69381713867188, "time": 1.316518324892968}}, {"idx": "4842", "arch": "(((0, 3), (1, 5), (0, 4), (2, 4), (0, 4), (2, 2), (2, 4), (3, 3)), ((0, 5), (1, 6), (0, 3), (2, 5), (0, 5), (1, 2), (0, 1), (1, 3)))", "zen": {"score": 240.8615264892578, "time": 1.3234310057014227}}, {"idx": "4843", "arch": "(((0, 3), (1, 5), (0, 5), (2, 4), (0, 1), (1, 2), (1, 6), (4, 2)), ((0, 3), (1, 4), (0, 0), (2, 2), (0, 5), (2, 3), (0, 5), (3, 3)))", "zen": {"score": 163.7263946533203, "time": 1.2146800612099469}}, {"idx": "4844", "arch": "(((0, 4), (1, 6), (0, 0), (1, 6), (2, 1), (3, 2), (0, 4), (3, 6)), ((0, 0), (1, 3), (0, 5), (1, 2), (1, 1), (2, 4), (0, 0), (3, 0)))", "zen": {"score": 156.39065551757812, "time": 1.3834449779242277}}, {"idx": "4845", "arch": "(((0, 4), (1, 6), (0, 3), (2, 5), (2, 5), (3, 2), (3, 4), (4, 4)), ((0, 2), (1, 6), (0, 2), (1, 1), (1, 1), (2, 0), (0, 1), (1, 4)))", "zen": {"score": 202.36990356445312, "time": 1.2978528053499758}}, {"idx": "4846", "arch": "(((0, 1), (1, 3), (1, 5), (2, 2), (2, 3), (3, 3), (0, 3), (2, 0)), ((0, 0), (1, 5), (1, 4), (2, 0), (0, 5), (1, 6), (1, 1), (2, 1)))", "zen": {"score": 160.68350219726562, "time": 1.3625639700330794}}, {"idx": "4847", "arch": "(((0, 2), (1, 3), (0, 5), (1, 4), (2, 1), (3, 0), (1, 4), (2, 4)), ((0, 6), (1, 0), (1, 6), (2, 1), (0, 3), (1, 2), (2, 4), (4, 1)))", "zen": {"score": 181.87635803222656, "time": 1.3716331273317337}}, {"idx": "4848", "arch": "(((0, 3), (1, 3), (1, 3), (2, 1), (1, 6), (3, 1), (1, 1), (3, 2)), ((0, 4), (1, 6), (1, 3), (2, 6), (1, 3), (3, 5), (0, 3), (1, 4)))", "zen": {"score": 171.27647399902344, "time": 1.3145880829542875}}, {"idx": "4849", "arch": "(((0, 5), (1, 6), (1, 6), (2, 2), (1, 1), (2, 5), (1, 6), (3, 3)), ((0, 0), (1, 2), (1, 2), (2, 3), (2, 5), (3, 5), (2, 4), (4, 0)))", "zen": {"score": 155.99253845214844, "time": 1.25352220563218}}, {"idx": "4850", "arch": "(((0, 6), (1, 0), (0, 3), (1, 4), (2, 2), (3, 5), (1, 2), (2, 5)), ((0, 0), (1, 6), (0, 2), (2, 3), (1, 1), (2, 4), (2, 0), (3, 0)))", "zen": {"score": 150.31993103027344, "time": 1.29512729216367}}, {"idx": "4851", "arch": "(((0, 1), (1, 3), (1, 3), (2, 5), (0, 0), (2, 1), (3, 3), (4, 6)), ((0, 1), (1, 1), (0, 6), (1, 1), (2, 1), (3, 6), (1, 0), (3, 0)))", "zen": {"score": 141.0851287841797, "time": 1.40131471818313}}, {"idx": "4852", "arch": "(((0, 5), (1, 0), (0, 2), (1, 5), (0, 5), (2, 6), (1, 4), (4, 6)), ((0, 5), (1, 3), (1, 1), (2, 1), (0, 2), (3, 5), (0, 0), (4, 4)))", "zen": {"score": 153.6424102783203, "time": 1.293951630126685}}, {"idx": "4853", "arch": "(((0, 1), (1, 5), (0, 3), (1, 5), (1, 4), (3, 5), (1, 5), (3, 6)), ((0, 0), (1, 0), (0, 3), (1, 3), (1, 5), (2, 3), (0, 4), (4, 0)))", "zen": {"score": 182.56704711914062, "time": 1.3123782300390303}}, {"idx": "4854", "arch": "(((0, 3), (1, 2), (0, 5), (2, 1), (1, 4), (2, 5), (0, 2), (1, 5)), ((0, 6), (1, 5), (0, 1), (1, 1), (2, 5), (3, 1), (1, 2), (3, 4)))", "zen": {"score": 142.2691650390625, "time": 1.2184674637392163}}, {"idx": "4855", "arch": "(((0, 1), (1, 1), (1, 5), (2, 4), (1, 6), (3, 6), (2, 6), (3, 6)), ((0, 3), (1, 1), (0, 6), (1, 5), (0, 5), (2, 4), (3, 1), (4, 6)))", "zen": {"score": 168.18421936035156, "time": 1.2747711651027203}}, {"idx": "4856", "arch": "(((0, 6), (1, 4), (0, 2), (1, 1), (1, 3), (3, 6), (3, 4), (4, 3)), ((0, 6), (1, 4), (0, 1), (2, 0), (0, 0), (1, 1), (2, 1), (4, 1)))", "zen": {"score": 179.10739135742188, "time": 1.309294872917235}}, {"idx": "4857", "arch": "(((0, 4), (1, 6), (0, 6), (2, 6), (1, 5), (3, 3), (2, 3), (4, 0)), ((0, 1), (1, 6), (0, 6), (1, 4), (2, 4), (3, 6), (0, 0), (4, 0)))", "zen": {"score": 198.7132568359375, "time": 1.3747068410739303}}, {"idx": "4858", "arch": "(((0, 3), (1, 2), (0, 1), (2, 3), (1, 0), (3, 0), (0, 6), (4, 0)), ((0, 2), (1, 6), (1, 2), (2, 1), (1, 3), (2, 4), (0, 4), (2, 2)))", "zen": {"score": 131.51475524902344, "time": 1.4713432961143553}}, {"idx": "4859", "arch": "(((0, 4), (1, 1), (1, 0), (2, 5), (0, 2), (3, 3), (1, 0), (4, 3)), ((0, 6), (1, 4), (0, 5), (2, 2), (0, 4), (1, 2), (0, 1), (4, 0)))", "zen": {"score": 153.66004943847656, "time": 1.4184426227584481}}, {"idx": "4860", "arch": "(((0, 4), (1, 1), (0, 2), (2, 6), (0, 1), (1, 1), (1, 0), (4, 1)), ((0, 0), (1, 5), (0, 3), (2, 3), (0, 3), (3, 4), (3, 1), (4, 5)))", "zen": {"score": 119.46408081054688, "time": 1.351052911952138}}, {"idx": "4861", "arch": "(((0, 5), (1, 2), (1, 2), (2, 5), (2, 3), (3, 1), (2, 1), (3, 3)), ((0, 5), (1, 6), (0, 5), (1, 4), (0, 5), (1, 2), (0, 1), (3, 6)))", "zen": {"score": 137.75723266601562, "time": 1.2137030297890306}}, {"idx": "4862", "arch": "(((0, 3), (1, 1), (0, 6), (2, 2), (1, 6), (3, 0), (1, 2), (4, 2)), ((0, 2), (1, 2), (0, 0), (1, 4), (1, 5), (2, 0), (2, 5), (4, 4)))", "zen": {"score": 116.78189086914062, "time": 1.2164398534223437}}, {"idx": "4863", "arch": "(((0, 0), (1, 3), (0, 3), (1, 3), (2, 0), (3, 1), (1, 5), (2, 4)), ((0, 0), (1, 4), (0, 0), (2, 6), (0, 6), (1, 3), (1, 1), (2, 6)))", "zen": {"score": 174.5269012451172, "time": 1.4925208827480674}}, {"idx": "4864", "arch": "(((0, 0), (1, 2), (0, 4), (1, 5), (2, 2), (3, 0), (0, 4), (1, 5)), ((0, 2), (1, 5), (1, 5), (2, 1), (0, 4), (3, 3), (0, 1), (3, 1)))", "zen": {"score": 139.7952880859375, "time": 1.3085042056627572}}, {"idx": "4865", "arch": "(((0, 1), (1, 4), (0, 0), (2, 0), (2, 6), (3, 0), (0, 3), (3, 6)), ((0, 1), (1, 5), (0, 1), (1, 5), (2, 0), (3, 2), (0, 6), (1, 1)))", "zen": {"score": 129.39108276367188, "time": 1.4356310172006488}}, {"idx": "4866", "arch": "(((0, 5), (1, 4), (1, 0), (2, 3), (1, 3), (3, 2), (1, 5), (2, 3)), ((0, 5), (1, 2), (1, 3), (2, 1), (1, 5), (2, 3), (2, 3), (4, 5)))", "zen": {"score": 193.94131469726562, "time": 1.283992127981037}}, {"idx": "4867", "arch": "(((0, 0), (1, 6), (0, 2), (2, 6), (0, 4), (2, 2), (2, 3), (4, 4)), ((0, 4), (1, 1), (0, 0), (2, 4), (1, 4), (3, 3), (1, 6), (2, 5)))", "zen": {"score": 195.1986541748047, "time": 1.251671095378697}}, {"idx": "4868", "arch": "(((0, 5), (1, 1), (0, 3), (2, 0), (0, 4), (2, 5), (2, 1), (3, 1)), ((0, 2), (1, 4), (0, 3), (1, 1), (0, 5), (1, 1), (0, 2), (1, 4)))", "zen": {"score": 141.7318878173828, "time": 1.3828716799616814}}, {"idx": "4869", "arch": "(((0, 4), (1, 1), (1, 5), (2, 5), (1, 2), (2, 3), (2, 1), (4, 5)), ((0, 4), (1, 4), (0, 3), (1, 1), (0, 1), (1, 0), (1, 2), (2, 0)))", "zen": {"score": 150.7178955078125, "time": 1.2741320189088583}}, {"idx": "4870", "arch": "(((0, 5), (1, 2), (0, 2), (2, 6), (0, 6), (2, 0), (0, 4), (1, 4)), ((0, 1), (1, 5), (0, 6), (1, 5), (1, 2), (3, 1), (3, 3), (4, 1)))", "zen": {"score": 151.67991638183594, "time": 1.2393206171691418}}, {"idx": "4871", "arch": "(((0, 5), (1, 5), (0, 5), (2, 2), (0, 1), (2, 1), (1, 6), (3, 6)), ((0, 5), (1, 0), (0, 0), (1, 3), (0, 5), (2, 0), (1, 0), (4, 0)))", "zen": {"score": 111.79055786132812, "time": 1.2742010238580406}}, {"idx": "4872", "arch": "(((0, 0), (1, 3), (1, 4), (2, 6), (0, 5), (3, 3), (2, 5), (3, 2)), ((0, 6), (1, 3), (0, 5), (2, 6), (0, 0), (3, 6), (1, 3), (4, 4)))", "zen": {"score": 194.6625213623047, "time": 1.3301782421767712}}, {"idx": "4873", "arch": "(((0, 2), (1, 1), (0, 1), (1, 0), (2, 0), (3, 0), (1, 6), (2, 0)), ((0, 3), (1, 2), (0, 1), (1, 3), (0, 6), (1, 6), (1, 5), (2, 2)))", "zen": {"score": 79.86447143554688, "time": 1.495832497254014}}, {"idx": "4874", "arch": "(((0, 3), (1, 3), (0, 1), (2, 4), (0, 1), (3, 6), (1, 4), (3, 3)), ((0, 0), (1, 6), (0, 4), (1, 5), (1, 5), (2, 6), (3, 3), (4, 5)))", "zen": {"score": 215.29806518554688, "time": 1.404973162803799}}, {"idx": "4875", "arch": "(((0, 3), (1, 1), (1, 0), (2, 6), (0, 4), (1, 2), (0, 6), (2, 2)), ((0, 6), (1, 5), (0, 0), (1, 4), (1, 6), (3, 2), (0, 6), (1, 3)))", "zen": {"score": 148.29559326171875, "time": 1.2923765126615763}}, {"idx": "4876", "arch": "(((0, 6), (1, 5), (0, 3), (1, 1), (0, 1), (3, 3), (2, 0), (4, 0)), ((0, 4), (1, 5), (0, 3), (1, 1), (0, 0), (1, 4), (1, 3), (3, 2)))", "zen": {"score": 143.06585693359375, "time": 1.4574528997763991}}, {"idx": "4877", "arch": "(((0, 5), (1, 5), (1, 6), (2, 3), (0, 6), (3, 6), (0, 4), (2, 1)), ((0, 1), (1, 6), (0, 0), (2, 4), (0, 4), (2, 3), (2, 0), (3, 2)))", "zen": {"score": 182.51502990722656, "time": 1.294304204173386}}, {"idx": "4878", "arch": "(((0, 4), (1, 6), (0, 2), (1, 1), (0, 0), (2, 5), (0, 6), (1, 4)), ((0, 4), (1, 0), (0, 5), (2, 3), (1, 4), (2, 5), (1, 3), (4, 2)))", "zen": {"score": 173.5686492919922, "time": 1.322918487712741}}, {"idx": "4879", "arch": "(((0, 3), (1, 2), (0, 2), (2, 1), (0, 3), (3, 1), (0, 2), (4, 6)), ((0, 0), (1, 6), (0, 5), (1, 1), (0, 3), (1, 4), (0, 0), (4, 5)))", "zen": {"score": 122.78018951416016, "time": 1.233825920149684}}, {"idx": "4880", "arch": "(((0, 5), (1, 6), (1, 4), (2, 2), (0, 0), (1, 3), (3, 0), (4, 0)), ((0, 3), (1, 2), (0, 1), (1, 5), (0, 6), (1, 5), (1, 0), (3, 5)))", "zen": {"score": 136.964111328125, "time": 1.453918918967247}}, {"idx": "4881", "arch": "(((0, 0), (1, 0), (1, 6), (2, 1), (1, 5), (3, 4), (1, 3), (3, 3)), ((0, 5), (1, 4), (1, 5), (2, 0), (1, 2), (3, 4), (1, 3), (4, 3)))", "zen": {"score": 182.81353759765625, "time": 1.4766619908623397}}, {"idx": "4882", "arch": "(((0, 1), (1, 2), (1, 1), (2, 5), (1, 2), (2, 4), (1, 3), (3, 6)), ((0, 2), (1, 2), (0, 1), (1, 0), (0, 2), (2, 2), (2, 1), (3, 5)))", "zen": {"score": 122.64754486083984, "time": 1.2255430719815195}}, {"idx": "4883", "arch": "(((0, 5), (1, 1), (0, 3), (1, 4), (1, 4), (2, 6), (0, 2), (4, 4)), ((0, 0), (1, 6), (0, 5), (2, 3), (0, 0), (2, 4), (0, 4), (3, 5)))", "zen": {"score": 208.9995880126953, "time": 1.3249194868840277}}, {"idx": "4884", "arch": "(((0, 2), (1, 3), (1, 3), (2, 3), (0, 6), (3, 0), (0, 3), (2, 2)), ((0, 5), (1, 4), (0, 4), (1, 0), (1, 6), (2, 0), (0, 3), (1, 3)))", "zen": {"score": 182.96478271484375, "time": 1.32470679609105}}, {"idx": "4885", "arch": "(((0, 5), (1, 6), (0, 1), (2, 4), (0, 5), (3, 5), (3, 2), (4, 5)), ((0, 0), (1, 0), (1, 4), (2, 5), (0, 4), (3, 5), (3, 0), (4, 6)))", "zen": {"score": 158.9689483642578, "time": 1.2446388653479517}}, {"idx": "4886", "arch": "(((0, 3), (1, 3), (1, 3), (2, 1), (0, 3), (3, 5), (1, 0), (3, 3)), ((0, 6), (1, 1), (1, 2), (2, 5), (0, 6), (2, 1), (0, 2), (2, 2)))", "zen": {"score": 176.34300231933594, "time": 1.369633411988616}}, {"idx": "4887", "arch": "(((0, 6), (1, 2), (1, 3), (2, 4), (2, 3), (3, 3), (1, 3), (3, 1)), ((0, 2), (1, 3), (0, 3), (2, 2), (1, 4), (2, 4), (0, 4), (4, 4)))", "zen": {"score": 227.51980590820312, "time": 1.30695642484352}}, {"idx": "4888", "arch": "(((0, 6), (1, 0), (0, 1), (2, 2), (0, 0), (3, 3), (1, 4), (2, 2)), ((0, 2), (1, 2), (1, 4), (2, 6), (0, 1), (3, 4), (1, 4), (4, 3)))", "zen": {"score": 149.1915283203125, "time": 1.3476848411373794}}, {"idx": "4889", "arch": "(((0, 1), (1, 5), (0, 2), (1, 1), (0, 1), (3, 3), (0, 1), (2, 1)), ((0, 4), (1, 3), (0, 5), (2, 3), (0, 1), (1, 1), (1, 1), (3, 2)))", "zen": {"score": 96.75390625, "time": 1.2731569120660424}}, {"idx": "4890", "arch": "(((0, 5), (1, 3), (1, 2), (2, 6), (1, 5), (2, 1), (0, 0), (2, 4)), ((0, 4), (1, 6), (1, 2), (2, 2), (0, 5), (3, 5), (0, 3), (1, 6)))", "zen": {"score": 161.1789093017578, "time": 1.271680863108486}}, {"idx": "4891", "arch": "(((0, 3), (1, 2), (0, 0), (1, 0), (2, 5), (3, 2), (0, 6), (3, 3)), ((0, 0), (1, 4), (0, 0), (1, 1), (1, 2), (2, 0), (1, 5), (3, 6)))", "zen": {"score": 129.41294860839844, "time": 1.3248005756177008}}, {"idx": "4892", "arch": "(((0, 1), (1, 4), (1, 5), (2, 5), (0, 1), (1, 4), (0, 3), (3, 5)), ((0, 0), (1, 1), (0, 4), (1, 4), (0, 6), (2, 5), (1, 3), (4, 2)))", "zen": {"score": 183.5206298828125, "time": 1.3185685477219522}}, {"idx": "4893", "arch": "(((0, 5), (1, 0), (1, 1), (2, 0), (0, 2), (3, 2), (1, 0), (2, 2)), ((0, 3), (1, 4), (0, 4), (2, 6), (2, 3), (3, 3), (0, 5), (4, 3)))", "zen": {"score": 110.90508270263672, "time": 1.3479309636168182}}, {"idx": "4894", "arch": "(((0, 5), (1, 3), (0, 3), (1, 1), (0, 1), (3, 1), (3, 0), (4, 0)), ((0, 2), (1, 5), (0, 0), (2, 6), (1, 4), (3, 3), (1, 6), (2, 5)))", "zen": {"score": 127.52439880371094, "time": 1.5077684498392045}}, {"idx": "4895", "arch": "(((0, 5), (1, 5), (1, 0), (2, 1), (0, 3), (1, 3), (1, 3), (3, 2)), ((0, 3), (1, 4), (1, 0), (2, 4), (0, 6), (2, 1), (0, 1), (2, 5)))", "zen": {"score": 159.36944580078125, "time": 1.348046117927879}}, {"idx": "4896", "arch": "(((0, 2), (1, 6), (1, 3), (2, 1), (1, 4), (2, 2), (0, 0), (2, 1)), ((0, 6), (1, 5), (1, 2), (2, 5), (0, 0), (3, 5), (3, 3), (4, 3)))", "zen": {"score": 133.7370147705078, "time": 1.2929523456841707}}, {"idx": "4897", "arch": "(((0, 6), (1, 2), (0, 4), (2, 3), (0, 1), (1, 3), (2, 6), (4, 2)), ((0, 3), (1, 5), (1, 5), (2, 4), (0, 1), (3, 6), (0, 3), (3, 2)))", "zen": {"score": 175.94874572753906, "time": 1.226030772086233}}, {"idx": "4898", "arch": "(((0, 2), (1, 1), (1, 4), (2, 3), (0, 3), (3, 0), (0, 1), (3, 4)), ((0, 4), (1, 4), (0, 3), (1, 3), (2, 0), (3, 5), (0, 4), (1, 6)))", "zen": {"score": 192.4902801513672, "time": 1.4264668109826744}}, {"idx": "4899", "arch": "(((0, 4), (1, 6), (1, 5), (2, 3), (0, 6), (2, 5), (2, 4), (4, 1)), ((0, 4), (1, 5), (0, 5), (1, 4), (1, 2), (3, 0), (1, 3), (3, 0)))", "zen": {"score": 203.19833374023438, "time": 1.3119063978083432}}, {"idx": "4900", "arch": "(((0, 0), (1, 1), (0, 6), (1, 2), (0, 1), (2, 2), (3, 3), (4, 4)), ((0, 0), (1, 4), (0, 2), (2, 2), (0, 2), (2, 0), (2, 3), (4, 0)))", "zen": {"score": 126.15656280517578, "time": 1.3274417337961495}}, {"idx": "4901", "arch": "(((0, 3), (1, 1), (1, 2), (2, 0), (1, 6), (3, 3), (0, 1), (2, 4)), ((0, 3), (1, 1), (1, 4), (2, 0), (1, 3), (2, 5), (3, 0), (4, 6)))", "zen": {"score": 160.6745147705078, "time": 1.375781234819442}}, {"idx": "4902", "arch": "(((0, 5), (1, 6), (0, 3), (2, 2), (1, 5), (2, 0), (1, 0), (4, 1)), ((0, 2), (1, 3), (1, 4), (2, 4), (0, 3), (1, 0), (1, 3), (2, 0)))", "zen": {"score": 138.77725219726562, "time": 1.377396586816758}}, {"idx": "4903", "arch": "(((0, 4), (1, 4), (0, 2), (1, 3), (1, 1), (3, 5), (0, 6), (1, 2)), ((0, 2), (1, 3), (0, 6), (2, 4), (1, 4), (2, 2), (1, 2), (2, 6)))", "zen": {"score": 179.3289337158203, "time": 1.2194251590408385}}, {"idx": "4904", "arch": "(((0, 5), (1, 5), (0, 3), (2, 6), (0, 4), (1, 1), (1, 4), (4, 5)), ((0, 3), (1, 5), (1, 2), (2, 5), (2, 2), (3, 6), (2, 0), (4, 3)))", "zen": {"score": 193.37417602539062, "time": 1.2913692276924849}}, {"idx": "4905", "arch": "(((0, 1), (1, 1), (0, 6), (1, 1), (0, 2), (1, 3), (0, 4), (3, 2)), ((0, 0), (1, 2), (0, 4), (2, 2), (2, 4), (3, 1), (3, 4), (4, 5)))", "zen": {"score": 133.5416259765625, "time": 1.2513251369819045}}, {"idx": "4906", "arch": "(((0, 2), (1, 3), (0, 5), (1, 6), (1, 0), (2, 5), (0, 6), (3, 3)), ((0, 0), (1, 6), (0, 0), (1, 5), (2, 0), (3, 2), (3, 6), (4, 3)))", "zen": {"score": 154.6897430419922, "time": 1.3043047371320426}}, {"idx": "4907", "arch": "(((0, 5), (1, 4), (0, 6), (1, 6), (2, 5), (3, 0), (2, 3), (3, 4)), ((0, 1), (1, 0), (0, 0), (1, 1), (0, 5), (1, 6), (2, 1), (3, 1)))", "zen": {"score": 174.28997802734375, "time": 1.3791975639760494}}, {"idx": "4908", "arch": "(((0, 5), (1, 5), (1, 2), (2, 1), (2, 5), (3, 1), (2, 6), (4, 3)), ((0, 1), (1, 0), (0, 1), (2, 3), (1, 5), (3, 5), (1, 1), (2, 3)))", "zen": {"score": 132.97132873535156, "time": 1.2834170567803085}}, {"idx": "4909", "arch": "(((0, 4), (1, 1), (1, 4), (2, 4), (0, 6), (3, 0), (3, 0), (4, 4)), ((0, 6), (1, 3), (0, 1), (2, 2), (2, 2), (3, 3), (0, 0), (2, 0)))", "zen": {"score": 186.4490509033203, "time": 1.4603091338649392}}, {"idx": "4910", "arch": "(((0, 0), (1, 0), (1, 2), (2, 6), (0, 3), (1, 2), (0, 5), (2, 6)), ((0, 6), (1, 5), (0, 6), (1, 4), (0, 1), (1, 0), (3, 4), (4, 2)))", "zen": {"score": 133.24598693847656, "time": 1.3171213050372899}}, {"idx": "4911", "arch": "(((0, 6), (1, 2), (1, 1), (2, 5), (0, 5), (3, 5), (2, 2), (3, 4)), ((0, 0), (1, 5), (1, 3), (2, 5), (0, 2), (3, 3), (3, 6), (4, 1)))", "zen": {"score": 145.4937286376953, "time": 1.1846155277453363}}, {"idx": "4912", "arch": "(((0, 3), (1, 3), (1, 2), (2, 4), (1, 6), (3, 4), (0, 4), (2, 4)), ((0, 2), (1, 0), (0, 1), (1, 4), (2, 4), (3, 4), (1, 5), (3, 4)))", "zen": {"score": 255.5220184326172, "time": 1.3345947512425482}}, {"idx": "4913", "arch": "(((0, 4), (1, 5), (0, 2), (2, 6), (0, 3), (3, 6), (1, 1), (3, 1)), ((0, 5), (1, 1), (0, 1), (1, 3), (1, 2), (3, 1), (2, 6), (3, 3)))", "zen": {"score": 150.94801330566406, "time": 1.2205292070284486}}, {"idx": "4914", "arch": "(((0, 6), (1, 5), (0, 2), (2, 0), (2, 3), (3, 1), (2, 4), (4, 3)), ((0, 3), (1, 3), (0, 2), (1, 2), (0, 6), (3, 3), (0, 5), (2, 4)))", "zen": {"score": 184.4958953857422, "time": 1.3384220767766237}}, {"idx": "4915", "arch": "(((0, 3), (1, 6), (0, 0), (2, 3), (1, 6), (2, 4), (1, 5), (4, 0)), ((0, 4), (1, 5), (1, 4), (2, 0), (0, 6), (1, 4), (0, 6), (3, 6)))", "zen": {"score": 196.75120544433594, "time": 1.460215259809047}}, {"idx": "4916", "arch": "(((0, 0), (1, 4), (0, 1), (2, 1), (0, 0), (3, 3), (1, 4), (3, 2)), ((0, 0), (1, 2), (0, 4), (2, 4), (1, 3), (3, 5), (1, 3), (3, 2)))", "zen": {"score": 158.0563507080078, "time": 1.4202784108929336}}, {"idx": "4917", "arch": "(((0, 1), (1, 2), (0, 2), (1, 2), (0, 1), (3, 4), (1, 1), (4, 0)), ((0, 6), (1, 3), (0, 3), (1, 1), (1, 6), (2, 6), (0, 5), (3, 6)))", "zen": {"score": 102.42575073242188, "time": 1.2125969571061432}}, {"idx": "4918", "arch": "(((0, 5), (1, 6), (0, 5), (2, 1), (2, 5), (3, 3), (1, 0), (3, 5)), ((0, 4), (1, 4), (0, 4), (2, 3), (0, 3), (3, 0), (0, 1), (2, 3)))", "zen": {"score": 172.52304077148438, "time": 1.3228389648720622}}, {"idx": "4919", "arch": "(((0, 4), (1, 0), (0, 3), (1, 1), (1, 2), (2, 5), (0, 5), (3, 3)), ((0, 4), (1, 4), (1, 4), (2, 0), (2, 6), (3, 4), (3, 4), (4, 6)))", "zen": {"score": 192.4182891845703, "time": 1.3346189009025693}}, {"idx": "4920", "arch": "(((0, 1), (1, 0), (0, 6), (1, 6), (1, 6), (3, 5), (3, 5), (4, 0)), ((0, 3), (1, 0), (0, 0), (2, 2), (0, 2), (2, 1), (0, 2), (3, 0)))", "zen": {"score": 112.18588256835938, "time": 1.359023922123015}}, {"idx": "4921", "arch": "(((0, 0), (1, 5), (1, 0), (2, 6), (1, 5), (2, 0), (0, 0), (1, 5)), ((0, 2), (1, 3), (0, 6), (2, 0), (1, 2), (3, 1), (0, 2), (3, 1)))", "zen": {"score": 101.45072174072266, "time": 1.4826107141561806}}, {"idx": "4922", "arch": "(((0, 1), (1, 2), (0, 3), (1, 2), (0, 6), (1, 5), (0, 5), (4, 2)), ((0, 3), (1, 0), (1, 4), (2, 5), (1, 1), (2, 4), (0, 4), (4, 6)))", "zen": {"score": 138.59034729003906, "time": 1.1751687251962721}}, {"idx": "4923", "arch": "(((0, 0), (1, 5), (0, 0), (2, 3), (0, 2), (2, 0), (1, 0), (4, 6)), ((0, 3), (1, 6), (1, 6), (2, 0), (0, 0), (3, 5), (1, 6), (4, 3)))", "zen": {"score": 122.7784194946289, "time": 1.5020904457196593}}, {"idx": "4924", "arch": "(((0, 3), (1, 4), (0, 3), (1, 6), (2, 0), (3, 6), (1, 4), (4, 4)), ((0, 5), (1, 4), (0, 6), (2, 0), (2, 0), (3, 4), (3, 1), (4, 6)))", "zen": {"score": 228.114990234375, "time": 1.4008201281540096}}, {"idx": "4925", "arch": "(((0, 6), (1, 0), (0, 4), (1, 1), (2, 0), (3, 6), (1, 3), (2, 0)), ((0, 4), (1, 2), (0, 2), (2, 4), (0, 3), (3, 3), (1, 6), (3, 2)))", "zen": {"score": 159.4459228515625, "time": 1.492639753036201}}, {"idx": "4926", "arch": "(((0, 6), (1, 4), (0, 0), (1, 0), (0, 3), (1, 2), (0, 4), (1, 5)), ((0, 3), (1, 3), (0, 6), (2, 5), (0, 3), (2, 0), (1, 2), (2, 1)))", "zen": {"score": 170.12478637695312, "time": 1.3785499269142747}}, {"idx": "4927", "arch": "(((0, 5), (1, 6), (0, 1), (1, 1), (2, 5), (3, 5), (0, 1), (1, 5)), ((0, 5), (1, 0), (1, 3), (2, 2), (0, 6), (1, 6), (2, 2), (3, 5)))", "zen": {"score": 119.36408996582031, "time": 1.2052040402777493}}, {"idx": "4928", "arch": "(((0, 3), (1, 4), (0, 3), (2, 1), (0, 4), (1, 0), (0, 0), (1, 6)), ((0, 1), (1, 3), (1, 0), (2, 0), (0, 5), (3, 0), (2, 5), (4, 0)))", "zen": {"score": 163.0813446044922, "time": 1.4757519252598286}}, {"idx": "4929", "arch": "(((0, 0), (1, 1), (0, 3), (2, 0), (0, 6), (3, 0), (2, 1), (4, 0)), ((0, 3), (1, 6), (0, 3), (1, 0), (1, 6), (2, 5), (0, 0), (2, 2)))", "zen": {"score": 101.4251708984375, "time": 1.579525867011398}}, {"idx": "4930", "arch": "(((0, 3), (1, 6), (1, 6), (2, 1), (0, 1), (2, 4), (0, 6), (2, 4)), ((0, 0), (1, 0), (0, 4), (2, 5), (1, 2), (2, 5), (0, 5), (4, 2)))", "zen": {"score": 180.23875427246094, "time": 1.2974049118347466}}, {"idx": "4931", "arch": "(((0, 0), (1, 6), (1, 1), (2, 5), (0, 4), (2, 2), (1, 5), (4, 0)), ((0, 6), (1, 2), (1, 2), (2, 0), (0, 4), (2, 2), (1, 6), (4, 2)))", "zen": {"score": 123.91015625, "time": 1.3313596569932997}}, {"idx": "4932", "arch": "(((0, 6), (1, 1), (0, 1), (1, 6), (0, 2), (1, 4), (2, 2), (4, 3)), ((0, 3), (1, 0), (0, 4), (2, 4), (0, 5), (1, 6), (1, 5), (3, 4)))", "zen": {"score": 163.18341064453125, "time": 1.2510755299590528}}, {"idx": "4933", "arch": "(((0, 5), (1, 3), (1, 1), (2, 1), (0, 0), (1, 6), (2, 6), (4, 1)), ((0, 5), (1, 4), (0, 5), (2, 4), (1, 3), (3, 6), (0, 3), (1, 6)))", "zen": {"score": 148.93739318847656, "time": 1.3471077950671315}}, {"idx": "4934", "arch": "(((0, 3), (1, 3), (0, 3), (1, 5), (1, 2), (2, 5), (0, 1), (1, 2)), ((0, 0), (1, 1), (0, 0), (1, 0), (0, 6), (2, 6), (0, 3), (4, 3)))", "zen": {"score": 148.94407653808594, "time": 1.2535488321445882}}, {"idx": "4935", "arch": "(((0, 0), (1, 1), (1, 6), (2, 4), (0, 2), (1, 2), (1, 0), (3, 3)), ((0, 5), (1, 0), (1, 3), (2, 3), (0, 5), (1, 6), (0, 1), (2, 6)))", "zen": {"score": 135.5360107421875, "time": 1.3521496877074242}}, {"idx": "4936", "arch": "(((0, 1), (1, 2), (1, 0), (2, 2), (1, 1), (2, 3), (1, 4), (2, 0)), ((0, 5), (1, 6), (1, 5), (2, 4), (0, 5), (1, 0), (2, 3), (3, 2)))", "zen": {"score": 122.37232208251953, "time": 1.3911075540818274}}, {"idx": "4937", "arch": "(((0, 6), (1, 6), (1, 4), (2, 3), (0, 1), (2, 5), (2, 1), (4, 6)), ((0, 5), (1, 0), (1, 6), (2, 1), (0, 6), (3, 5), (0, 1), (4, 4)))", "zen": {"score": 168.23106384277344, "time": 1.3114461502991617}}, {"idx": "4938", "arch": "(((0, 5), (1, 0), (0, 5), (2, 3), (1, 3), (3, 0), (0, 2), (2, 4)), ((0, 4), (1, 0), (0, 2), (1, 3), (1, 1), (3, 2), (0, 5), (2, 5)))", "zen": {"score": 161.4300079345703, "time": 1.404509431682527}}, {"idx": "4939", "arch": "(((0, 4), (1, 2), (0, 4), (2, 2), (1, 0), (3, 0), (0, 4), (2, 2)), ((0, 3), (1, 2), (0, 6), (2, 5), (2, 0), (3, 3), (0, 3), (3, 6)))", "zen": {"score": 160.02822875976562, "time": 1.3233095686882734}}, {"idx": "4940", "arch": "(((0, 5), (1, 5), (0, 5), (2, 4), (1, 1), (2, 4), (0, 1), (1, 6)), ((0, 2), (1, 6), (0, 4), (1, 0), (0, 4), (2, 3), (2, 3), (4, 2)))", "zen": {"score": 181.74578857421875, "time": 1.3140237797051668}}, {"idx": "4941", "arch": "(((0, 6), (1, 2), (0, 3), (2, 6), (0, 5), (1, 4), (1, 4), (4, 5)), ((0, 2), (1, 3), (0, 4), (1, 2), (0, 0), (1, 5), (1, 0), (3, 5)))", "zen": {"score": 193.83929443359375, "time": 1.3181847566738725}}, {"idx": "4942", "arch": "(((0, 4), (1, 2), (0, 1), (2, 3), (0, 5), (3, 2), (1, 1), (4, 6)), ((0, 1), (1, 2), (1, 6), (2, 6), (0, 6), (2, 2), (3, 4), (4, 4)))", "zen": {"score": 150.82818603515625, "time": 1.2032860689796507}}, {"idx": "4943", "arch": "(((0, 4), (1, 6), (1, 1), (2, 1), (1, 1), (2, 0), (1, 5), (3, 4)), ((0, 1), (1, 4), (0, 0), (1, 3), (1, 3), (2, 0), (0, 5), (3, 5)))", "zen": {"score": 148.9155731201172, "time": 1.4076963402330875}}, {"idx": "4944", "arch": "(((0, 3), (1, 4), (1, 5), (2, 6), (0, 2), (2, 1), (1, 0), (3, 3)), ((0, 5), (1, 1), (0, 4), (1, 4), (0, 0), (3, 1), (1, 2), (3, 0)))", "zen": {"score": 159.2964324951172, "time": 1.3432271820493042}}, {"idx": "4945", "arch": "(((0, 3), (1, 0), (1, 0), (2, 0), (1, 5), (2, 2), (1, 2), (2, 0)), ((0, 1), (1, 3), (1, 4), (2, 0), (0, 5), (3, 1), (0, 5), (2, 5)))", "zen": {"score": 100.18727111816406, "time": 1.4554850878193974}}, {"idx": "4946", "arch": "(((0, 5), (1, 0), (0, 4), (1, 6), (0, 5), (3, 1), (2, 1), (4, 6)), ((0, 4), (1, 0), (0, 5), (1, 2), (0, 3), (3, 3), (0, 5), (3, 0)))", "zen": {"score": 147.99871826171875, "time": 1.3943235729821026}}, {"idx": "4947", "arch": "(((0, 3), (1, 0), (1, 5), (2, 6), (2, 1), (3, 3), (2, 0), (4, 5)), ((0, 5), (1, 1), (0, 6), (1, 4), (0, 3), (2, 0), (1, 3), (4, 6)))", "zen": {"score": 161.33657836914062, "time": 1.4411666761152446}}, {"idx": "4948", "arch": "(((0, 1), (1, 2), (1, 1), (2, 0), (1, 6), (2, 5), (3, 2), (4, 6)), ((0, 6), (1, 1), (1, 3), (2, 6), (0, 6), (1, 1), (0, 4), (3, 1)))", "zen": {"score": 108.75209045410156, "time": 1.222024172078818}}, {"idx": "4949", "arch": "(((0, 0), (1, 3), (0, 0), (1, 5), (1, 0), (2, 5), (1, 4), (4, 3)), ((0, 4), (1, 3), (0, 6), (2, 6), (0, 6), (2, 2), (3, 0), (4, 1)))", "zen": {"score": 165.53720092773438, "time": 1.4695885200053453}}, {"idx": "4950", "arch": "(((0, 0), (1, 5), (0, 1), (1, 4), (0, 4), (3, 2), (2, 1), (3, 2)), ((0, 6), (1, 4), (0, 2), (1, 3), (0, 6), (1, 4), (0, 6), (1, 5)))", "zen": {"score": 148.9657745361328, "time": 1.2755284323357046}}, {"idx": "4951", "arch": "(((0, 2), (1, 6), (0, 0), (2, 1), (2, 1), (3, 6), (0, 2), (1, 4)), ((0, 0), (1, 5), (1, 0), (2, 5), (0, 0), (1, 2), (0, 5), (4, 5)))", "zen": {"score": 109.38672637939453, "time": 1.2802851307205856}}, {"idx": "4952", "arch": "(((0, 2), (1, 6), (1, 3), (2, 3), (0, 3), (1, 2), (3, 5), (4, 4)), ((0, 4), (1, 6), (0, 4), (2, 1), (2, 2), (3, 1), (1, 3), (2, 5)))", "zen": {"score": 195.23194885253906, "time": 1.1895203837193549}}, {"idx": "4953", "arch": "(((0, 6), (1, 2), (0, 5), (2, 5), (1, 3), (2, 0), (0, 3), (1, 5)), ((0, 1), (1, 0), (0, 6), (1, 0), (1, 5), (3, 4), (1, 4), (2, 2)))", "zen": {"score": 154.98631286621094, "time": 1.2938898303546011}}, {"idx": "4954", "arch": "(((0, 0), (1, 2), (1, 5), (2, 0), (1, 0), (3, 1), (3, 2), (4, 6)), ((0, 2), (1, 6), (0, 2), (2, 2), (0, 2), (2, 0), (1, 2), (4, 2)))", "zen": {"score": 77.61286163330078, "time": 1.367279727011919}}, {"idx": "4955", "arch": "(((0, 6), (1, 5), (1, 0), (2, 3), (2, 4), (3, 4), (0, 5), (4, 3)), ((0, 1), (1, 0), (1, 0), (2, 3), (0, 6), (2, 2), (2, 3), (3, 5)))", "zen": {"score": 204.60260009765625, "time": 1.3594099669717252}}, {"idx": "4956", "arch": "(((0, 1), (1, 3), (0, 4), (2, 5), (1, 3), (2, 5), (1, 5), (2, 2)), ((0, 3), (1, 6), (0, 4), (1, 4), (1, 5), (2, 0), (3, 2), (4, 6)))", "zen": {"score": 184.4293212890625, "time": 1.2612509871833026}}, {"idx": "4957", "arch": "(((0, 0), (1, 0), (0, 3), (1, 0), (1, 4), (3, 4), (0, 4), (2, 4)), ((0, 1), (1, 1), (0, 4), (2, 5), (0, 6), (2, 6), (3, 5), (4, 5)))", "zen": {"score": 205.80235290527344, "time": 1.5265112589113414}}, {"idx": "4958", "arch": "(((0, 6), (1, 3), (0, 6), (1, 2), (1, 3), (2, 3), (0, 3), (3, 5)), ((0, 3), (1, 2), (0, 1), (1, 6), (0, 4), (1, 4), (2, 2), (3, 0)))", "zen": {"score": 197.8026885986328, "time": 1.2827024697326124}}, {"idx": "4959", "arch": "(((0, 2), (1, 6), (0, 1), (2, 4), (0, 4), (1, 2), (2, 5), (4, 0)), ((0, 4), (1, 1), (0, 0), (1, 1), (0, 4), (2, 0), (0, 2), (4, 5)))", "zen": {"score": 143.32110595703125, "time": 1.3124387003481388}}, {"idx": "4960", "arch": "(((0, 0), (1, 5), (0, 3), (1, 6), (2, 2), (3, 5), (1, 6), (3, 3)), ((0, 5), (1, 0), (0, 4), (1, 4), (0, 2), (2, 2), (0, 1), (3, 4)))", "zen": {"score": 167.23521423339844, "time": 1.2894202983006835}}, {"idx": "4961", "arch": "(((0, 0), (1, 2), (0, 0), (2, 4), (1, 4), (2, 1), (2, 2), (4, 6)), ((0, 2), (1, 4), (1, 0), (2, 5), (0, 0), (2, 5), (0, 3), (2, 5)))", "zen": {"score": 141.59461975097656, "time": 1.3515088553540409}}, {"idx": "4962", "arch": "(((0, 3), (1, 1), (0, 0), (1, 5), (1, 1), (2, 1), (0, 2), (1, 3)), ((0, 6), (1, 5), (0, 5), (2, 3), (1, 6), (3, 3), (1, 5), (4, 3)))", "zen": {"score": 135.48114013671875, "time": 1.3296549660153687}}, {"idx": "4963", "arch": "(((0, 1), (1, 4), (1, 1), (2, 4), (0, 6), (3, 3), (2, 1), (3, 0)), ((0, 1), (1, 5), (1, 2), (2, 1), (0, 4), (1, 0), (3, 4), (4, 5)))", "zen": {"score": 158.7040252685547, "time": 1.4257699809968472}}, {"idx": "4964", "arch": "(((0, 5), (1, 4), (1, 3), (2, 6), (1, 5), (2, 6), (0, 0), (4, 2)), ((0, 4), (1, 5), (0, 5), (1, 5), (2, 2), (3, 5), (2, 5), (3, 6)))", "zen": {"score": 173.22149658203125, "time": 1.2759531671181321}}, {"idx": "4965", "arch": "(((0, 1), (1, 1), (0, 2), (1, 3), (1, 2), (2, 0), (1, 3), (4, 5)), ((0, 0), (1, 3), (1, 1), (2, 0), (0, 1), (3, 2), (1, 2), (4, 2)))", "zen": {"score": 101.85321807861328, "time": 1.2937612887471914}}, {"idx": "4966", "arch": "(((0, 5), (1, 1), (0, 3), (2, 3), (2, 2), (3, 1), (0, 0), (1, 3)), ((0, 4), (1, 5), (0, 3), (2, 0), (0, 4), (1, 3), (3, 3), (4, 5)))", "zen": {"score": 164.99063110351562, "time": 1.4318226668983698}}, {"idx": "4967", "arch": "(((0, 0), (1, 2), (0, 2), (2, 5), (0, 4), (3, 3), (1, 0), (3, 1)), ((0, 5), (1, 4), (0, 6), (2, 6), (0, 6), (3, 2), (3, 1), (4, 2)))", "zen": {"score": 127.7927017211914, "time": 1.3239863673225045}}, {"idx": "4968", "arch": "(((0, 4), (1, 2), (0, 4), (1, 1), (0, 0), (1, 5), (0, 2), (4, 3)), ((0, 1), (1, 3), (0, 3), (2, 1), (0, 0), (2, 4), (2, 1), (3, 2)))", "zen": {"score": 149.81109619140625, "time": 1.346510872244835}}, {"idx": "4969", "arch": "(((0, 4), (1, 5), (1, 4), (2, 5), (0, 0), (1, 5), (0, 0), (4, 3)), ((0, 0), (1, 3), (0, 4), (1, 2), (0, 5), (2, 5), (2, 6), (3, 1)))", "zen": {"score": 181.6314697265625, "time": 1.4506857809610665}}, {"idx": "4970", "arch": "(((0, 4), (1, 5), (1, 2), (2, 2), (1, 3), (2, 1), (0, 5), (4, 6)), ((0, 4), (1, 6), (1, 3), (2, 3), (0, 3), (2, 2), (1, 0), (3, 4)))", "zen": {"score": 171.07345581054688, "time": 1.2432379410602152}}, {"idx": "4971", "arch": "(((0, 0), (1, 6), (1, 0), (2, 0), (1, 2), (2, 5), (0, 1), (2, 3)), ((0, 2), (1, 3), (0, 6), (2, 5), (0, 5), (2, 1), (2, 3), (3, 5)))", "zen": {"score": 120.8267822265625, "time": 1.4476607721298933}}, {"idx": "4972", "arch": "(((0, 6), (1, 5), (1, 2), (2, 5), (0, 2), (1, 6), (1, 5), (2, 1)), ((0, 1), (1, 4), (0, 3), (1, 6), (1, 6), (2, 2), (1, 3), (4, 5)))", "zen": {"score": 135.29127502441406, "time": 1.1305691068992019}}, {"idx": "4973", "arch": "(((0, 0), (1, 2), (1, 4), (2, 3), (1, 6), (2, 4), (0, 5), (3, 4)), ((0, 6), (1, 5), (0, 6), (2, 1), (1, 0), (2, 4), (0, 0), (4, 5)))", "zen": {"score": 198.9690399169922, "time": 1.3577882968820632}}, {"idx": "4974", "arch": "(((0, 1), (1, 2), (1, 6), (2, 0), (0, 0), (2, 0), (0, 6), (2, 2)), ((0, 2), (1, 6), (0, 1), (1, 3), (1, 0), (3, 5), (1, 0), (4, 0)))", "zen": {"score": 80.73890686035156, "time": 1.3987757530994713}}, {"idx": "4975", "arch": "(((0, 4), (1, 2), (1, 2), (2, 2), (0, 3), (1, 3), (2, 6), (3, 3)), ((0, 1), (1, 3), (0, 3), (2, 5), (2, 3), (3, 5), (0, 1), (2, 6)))", "zen": {"score": 187.13601684570312, "time": 1.1868508239276707}}, {"idx": "4976", "arch": "(((0, 3), (1, 2), (0, 2), (2, 2), (1, 4), (3, 2), (1, 6), (4, 1)), ((0, 4), (1, 0), (0, 1), (1, 1), (0, 6), (1, 1), (0, 2), (2, 2)))", "zen": {"score": 114.30842590332031, "time": 1.1350617427378893}}, {"idx": "4977", "arch": "(((0, 6), (1, 5), (1, 4), (2, 1), (1, 2), (3, 2), (1, 3), (2, 1)), ((0, 4), (1, 4), (0, 4), (2, 0), (0, 6), (3, 1), (0, 4), (1, 3)))", "zen": {"score": 159.69216918945312, "time": 1.2359742829576135}}, {"idx": "4978", "arch": "(((0, 5), (1, 4), (0, 1), (1, 6), (2, 4), (3, 6), (0, 0), (3, 1)), ((0, 5), (1, 3), (1, 3), (2, 1), (1, 6), (2, 6), (1, 2), (2, 0)))", "zen": {"score": 162.44281005859375, "time": 1.3536630840972066}}, {"idx": "4979", "arch": "(((0, 2), (1, 4), (0, 6), (1, 3), (2, 2), (3, 6), (0, 5), (4, 5)), ((0, 4), (1, 3), (1, 4), (2, 4), (0, 4), (1, 3), (0, 2), (1, 4)))", "zen": {"score": 205.94760131835938, "time": 1.1854618820361793}}, {"idx": "4980", "arch": "(((0, 4), (1, 0), (0, 1), (2, 4), (1, 1), (3, 5), (0, 1), (1, 2)), ((0, 6), (1, 4), (0, 4), (2, 4), (0, 6), (1, 4), (0, 6), (1, 1)))", "zen": {"score": 157.8234100341797, "time": 1.3675807658582926}}, {"idx": "4981", "arch": "(((0, 6), (1, 6), (0, 0), (1, 1), (2, 1), (3, 2), (1, 4), (2, 5)), ((0, 1), (1, 5), (0, 2), (2, 2), (0, 0), (2, 3), (0, 6), (2, 2)))", "zen": {"score": 119.86791229248047, "time": 1.299094860907644}}, {"idx": "4982", "arch": "(((0, 0), (1, 5), (1, 2), (2, 4), (1, 2), (3, 5), (0, 2), (3, 6)), ((0, 3), (1, 3), (0, 0), (2, 1), (1, 0), (2, 4), (1, 2), (3, 5)))", "zen": {"score": 136.7613525390625, "time": 1.2232736279256642}}, {"idx": "4983", "arch": "(((0, 5), (1, 3), (1, 6), (2, 1), (1, 6), (2, 0), (2, 0), (3, 1)), ((0, 3), (1, 0), (0, 5), (2, 6), (1, 3), (2, 5), (0, 1), (4, 4)))", "zen": {"score": 135.33572387695312, "time": 1.406727243680507}}, {"idx": "4984", "arch": "(((0, 2), (1, 6), (0, 4), (2, 1), (1, 5), (2, 2), (0, 2), (4, 6)), ((0, 2), (1, 6), (0, 5), (1, 4), (0, 2), (2, 6), (2, 2), (3, 2)))", "zen": {"score": 130.3001251220703, "time": 1.1150523130781949}}, {"idx": "4985", "arch": "(((0, 1), (1, 3), (1, 2), (2, 3), (1, 6), (2, 3), (2, 0), (4, 6)), ((0, 4), (1, 5), (1, 6), (2, 4), (0, 4), (3, 3), (0, 2), (1, 6)))", "zen": {"score": 187.4910430908203, "time": 1.3561178101226687}}, {"idx": "4986", "arch": "(((0, 4), (1, 5), (0, 2), (1, 2), (0, 1), (3, 2), (2, 2), (3, 5)), ((0, 6), (1, 2), (1, 6), (2, 5), (0, 0), (2, 3), (3, 6), (4, 5)))", "zen": {"score": 120.69229125976562, "time": 1.1233965251594782}}, {"idx": "4987", "arch": "(((0, 0), (1, 0), (0, 0), (1, 0), (0, 0), (1, 0), (0, 4), (3, 6)), ((0, 1), (1, 4), (1, 4), (2, 6), (2, 2), (3, 2), (0, 5), (2, 0)))", "zen": {"score": 107.51272583007812, "time": 1.6392988879233599}}, {"idx": "4988", "arch": "(((0, 4), (1, 1), (1, 3), (2, 0), (2, 0), (3, 6), (0, 2), (2, 4)), ((0, 6), (1, 2), (0, 2), (1, 5), (2, 4), (3, 6), (1, 5), (4, 4)))", "zen": {"score": 172.32272338867188, "time": 1.4119349480606616}}, {"idx": "4989", "arch": "(((0, 2), (1, 4), (0, 0), (2, 0), (1, 4), (2, 6), (1, 2), (3, 3)), ((0, 2), (1, 3), (1, 0), (2, 0), (1, 2), (3, 6), (1, 4), (2, 4)))", "zen": {"score": 170.451416015625, "time": 1.4055731357075274}}, {"idx": "4990", "arch": "(((0, 5), (1, 3), (0, 5), (2, 4), (1, 2), (3, 2), (3, 4), (4, 3)), ((0, 1), (1, 5), (0, 2), (2, 1), (0, 5), (2, 5), (2, 3), (4, 6)))", "zen": {"score": 190.90365600585938, "time": 1.2146248943172395}}, {"idx": "4991", "arch": "(((0, 5), (1, 4), (0, 2), (2, 4), (0, 6), (1, 2), (0, 6), (3, 4)), ((0, 4), (1, 1), (0, 4), (2, 6), (1, 6), (3, 6), (2, 6), (3, 0)))", "zen": {"score": 199.403564453125, "time": 1.177381131798029}}, {"idx": "4992", "arch": "(((0, 3), (1, 4), (0, 4), (2, 3), (2, 5), (3, 5), (1, 4), (2, 2)), ((0, 6), (1, 5), (0, 5), (1, 0), (0, 2), (2, 0), (0, 0), (3, 3)))", "zen": {"score": 212.9407958984375, "time": 1.2882219250313938}}, {"idx": "4993", "arch": "(((0, 4), (1, 3), (1, 0), (2, 5), (0, 5), (1, 2), (0, 4), (1, 2)), ((0, 3), (1, 1), (1, 0), (2, 5), (2, 2), (3, 4), (0, 0), (1, 1)))", "zen": {"score": 157.70420837402344, "time": 1.2864916268736124}}, {"idx": "4994", "arch": "(((0, 6), (1, 2), (0, 2), (1, 2), (1, 3), (3, 3), (2, 5), (4, 5)), ((0, 1), (1, 5), (0, 3), (1, 1), (0, 0), (2, 1), (2, 1), (4, 1)))", "zen": {"score": 129.7794952392578, "time": 1.1276189731433988}}, {"idx": "4995", "arch": "(((0, 1), (1, 0), (0, 0), (1, 6), (2, 5), (3, 3), (1, 3), (4, 5)), ((0, 5), (1, 0), (0, 1), (1, 3), (1, 0), (2, 1), (2, 3), (4, 2)))", "zen": {"score": 141.0404052734375, "time": 1.4209367739968002}}, {"idx": "4996", "arch": "(((0, 0), (1, 3), (0, 4), (2, 4), (2, 1), (3, 4), (2, 1), (4, 6)), ((0, 6), (1, 4), (0, 4), (2, 4), (0, 4), (1, 1), (0, 3), (3, 0)))", "zen": {"score": 212.46839904785156, "time": 1.4612274467945099}}, {"idx": "4997", "arch": "(((0, 3), (1, 6), (1, 4), (2, 1), (1, 0), (3, 0), (0, 0), (2, 3)), ((0, 1), (1, 3), (0, 1), (1, 3), (0, 0), (2, 2), (1, 6), (2, 1)))", "zen": {"score": 142.23822021484375, "time": 1.521853337995708}}, {"idx": "4998", "arch": "(((0, 3), (1, 5), (1, 0), (2, 5), (1, 1), (3, 5), (0, 3), (4, 5)), ((0, 0), (1, 6), (1, 6), (2, 5), (0, 0), (1, 6), (2, 5), (3, 2)))", "zen": {"score": 151.24697875976562, "time": 1.3405741630122066}}, {"idx": "4999", "arch": "(((0, 3), (1, 2), (0, 5), (1, 3), (0, 3), (1, 2), (1, 3), (4, 6)), ((0, 2), (1, 3), (0, 2), (1, 5), (0, 3), (3, 0), (1, 6), (3, 3)))", "zen": {"score": 184.68028259277344, "time": 1.2704500081017613}}]