[{"idx": "0", "arch": "(((0, 5), (1, 3), (1, 5), (2, 0), (1, 5), (2, 1), (0, 5), (4, 4)), ((0, 4), (1, 0), (0, 5), (2, 5), (0, 2), (3, 1), (2, 3), (4, 1)))", "grad_norm": {"score": 61.35730743408203, "time": 3.5852767300093547}, "val_accuracy": 97.26874345757145}, {"idx": "1", "arch": "(((1, 5), (0, 4), (0, 2), (1, 3), (3, 0), (2, 5), (3, 3), (1, 5)), ((1, 3), (0, 1), (2, 5), (1, 1), (0, 1), (3, 0), (0, 4), (4, 6)))", "grad_norm": {"score": 62.394222259521484, "time": 4.585261350002838}, "val_accuracy": 97.29947501512561}, {"idx": "2", "arch": "(((0, 3), (1, 6), (1, 3), (0, 5), (2, 3), (0, 0), (2, 1), (4, 1)), ((1, 4), (0, 1), (2, 5), (0, 0), (1, 2), (2, 4), (4, 4), (1, 2)))", "grad_norm": {"score": 63.81907272338867, "time": 1.933579098986229}, "val_accuracy": 97.29947479004207}, {"idx": "3", "arch": "(((0, 3), (1, 5), (0, 1), (2, 3), (0, 3), (1, 6), (0, 2), (4, 3)), ((0, 2), (1, 5), (2, 3), (1, 6), (3, 6), (0, 4), (0, 0), (1, 6)))", "grad_norm": {"score": 53.821102142333984, "time": 2.1211815209826455}, "val_accuracy": 97.25337762252349}, {"idx": "4", "arch": "(((1, 1), (0, 4), (0, 5), (2, 3), (1, 1), (3, 5), (2, 0), (0, 3)), ((0, 2), (1, 4), (1, 1), (0, 4), (2, 1), (1, 2), (3, 3), (1, 4)))", "grad_norm": {"score": 68.50399780273438, "time": 1.8314466109732166}, "val_accuracy": 97.21496342879978}, {"idx": "5", "arch": "(((1, 6), (0, 3), (0, 1), (2, 4), (0, 6), (1, 5), (0, 3), (3, 2)), ((1, 1), (0, 1), (1, 2), (2, 5), (0, 5), (3, 5), (0, 4), (1, 4)))", "grad_norm": {"score": 46.12516784667969, "time": 1.8444075110019185}, "val_accuracy": 97.36093782074406}, {"idx": "6", "arch": "(((1, 6), (0, 2), (1, 5), (2, 1), (1, 2), (0, 1), (3, 2), (0, 3)), ((1, 1), (0, 3), (0, 6), (1, 1), (3, 6), (1, 0), (3, 4), (4, 6)))", "grad_norm": {"score": 31.747737884521484, "time": 1.5674228740099352}, "val_accuracy": 97.22264628067438}, {"idx": "7", "arch": "(((0, 6), (1, 4), (0, 0), (1, 1), (3, 3), (2, 6), (2, 0), (3, 2)), ((0, 0), (1, 3), (2, 2), (1, 4), (2, 1), (0, 2), (3, 6), (4, 4)))", "grad_norm": {"score": 71.67207336425781, "time": 1.8729759929992724}, "val_accuracy": 97.30715782010782}, {"idx": "8", "arch": "(((0, 4), (1, 1), (1, 6), (0, 1), (1, 1), (2, 6), (2, 0), (1, 6)), ((1, 6), (0, 0), (0, 3), (2, 2), (0, 6), (3, 6), (4, 0), (2, 2)))", "grad_norm": {"score": 47.25120162963867, "time": 1.8123538839863613}, "val_accuracy": 97.05746529361699}, {"idx": "9", "arch": "(((0, 1), (1, 5), (0, 4), (2, 1), (3, 1), (1, 0), (3, 3), (0, 6)), ((0, 4), (1, 0), (1, 5), (0, 0), (2, 2), (1, 0), (0, 0), (3, 3)))", "grad_norm": {"score": 51.469940185546875, "time": 1.7302093270118348}, "val_accuracy": 97.0805138211054}, {"idx": "10", "arch": "(((0, 5), (1, 6), (1, 3), (2, 5), (3, 3), (1, 5), (1, 6), (2, 3)), ((1, 6), (0, 0), (0, 2), (2, 0), (1, 1), (0, 4), (1, 0), (3, 2)))", "grad_norm": {"score": 57.997528076171875, "time": 2.1449580620101187}, "val_accuracy": 97.22648787542435}, {"idx": "11", "arch": "(((0, 6), (1, 1), (0, 0), (2, 5), (2, 5), (1, 4), (2, 2), (0, 4)), ((0, 5), (1, 0), (1, 6), (0, 4), (1, 6), (0, 4), (1, 2), (2, 6)))", "grad_norm": {"score": 46.84332275390625, "time": 1.795328290987527}, "val_accuracy": 97.16886654263563}, {"idx": "12", "arch": "(((1, 1), (0, 2), (1, 0), (0, 5), (2, 3), (3, 2), (4, 6), (2, 3)), ((0, 5), (1, 3), (2, 6), (1, 5), (2, 2), (3, 5), (0, 6), (3, 4)))", "grad_norm": {"score": 59.92121887207031, "time": 1.5974625060043763}, "val_accuracy": 97.20728098019985}, {"idx": "13", "arch": "(((1, 5), (0, 5), (0, 2), (1, 5), (1, 1), (0, 1), (4, 4), (0, 0)), ((1, 5), (0, 5), (0, 3), (2, 1), (1, 5), (2, 5), (2, 6), (1, 6)))", "grad_norm": {"score": 40.23166275024414, "time": 1.6876518650096841}, "val_accuracy": 97.16502509794135}, {"idx": "14", "arch": "(((0, 0), (1, 5), (0, 4), (1, 3), (2, 5), (1, 0), (4, 4), (3, 5)), ((1, 4), (0, 5), (0, 3), (2, 5), (0, 6), (2, 2), (3, 4), (4, 5)))", "grad_norm": {"score": 91.60932159423828, "time": 2.1873965619888622}, "val_accuracy": 97.29179212573708}, {"idx": "15", "arch": "(((0, 5), (1, 4), (2, 6), (1, 1), (1, 1), (0, 0), (4, 1), (1, 2)), ((1, 0), (0, 2), (0, 3), (1, 6), (0, 4), (3, 2), (2, 4), (0, 5)))", "grad_norm": {"score": 52.99727249145508, "time": 1.837295870995149}, "val_accuracy": 97.2456947049995}, {"idx": "16", "arch": "(((0, 6), (1, 4), (0, 4), (2, 4), (1, 3), (3, 1), (0, 0), (2, 2)), ((1, 1), (0, 2), (1, 4), (0, 6), (0, 6), (2, 6), (3, 2), (0, 1)))", "grad_norm": {"score": 62.085487365722656, "time": 1.9553609779977705}, "val_accuracy": 97.21112240613716}, {"idx": "17", "arch": "(((0, 3), (1, 2), (0, 2), (2, 3), (1, 0), (2, 1), (0, 2), (3, 5)), ((1, 2), (0, 0), (2, 2), (1, 1), (0, 2), (3, 3), (4, 6), (0, 0)))", "grad_norm": {"score": 54.03251647949219, "time": 1.4672116469882894}, "val_accuracy": 97.11124509730512}, {"idx": "18", "arch": "(((1, 6), (0, 5), (2, 6), (0, 1), (3, 1), (1, 6), (4, 4), (0, 0)), ((1, 6), (0, 2), (2, 3), (0, 2), (0, 1), (3, 0), (4, 0), (1, 4)))", "grad_norm": {"score": 57.43124008178711, "time": 1.9898002120025922}, "val_accuracy": 97.17654962897227}, {"idx": "19", "arch": "(((0, 3), (1, 3), (1, 5), (2, 1), (3, 4), (0, 6), (2, 1), (0, 2)), ((1, 3), (0, 6), (2, 2), (0, 0), (2, 0), (3, 1), (4, 6), (2, 5)))", "grad_norm": {"score": 58.98615646362305, "time": 1.745385462010745}, "val_accuracy": 97.19959773442902}, {"idx": "20", "arch": "(((1, 5), (0, 3), (0, 0), (2, 1), (2, 6), (0, 0), (3, 2), (1, 6)), ((1, 4), (0, 5), (2, 1), (0, 0), (1, 1), (3, 3), (1, 2), (4, 3)))", "grad_norm": {"score": 58.71640396118164, "time": 1.9024591899942607}, "val_accuracy": 97.15734209601104}, {"idx": "21", "arch": "(((1, 5), (0, 2), (1, 1), (2, 1), (1, 6), (3, 6), (4, 2), (1, 6)), ((0, 1), (1, 0), (2, 6), (1, 1), (0, 4), (3, 6), (3, 4), (1, 1)))", "grad_norm": {"score": 40.208648681640625, "time": 1.8356929919973481}, "val_accuracy": 97.05362367073158}, {"idx": "22", "arch": "(((0, 4), (1, 5), (2, 1), (1, 3), (1, 0), (0, 4), (2, 5), (4, 0)), ((0, 0), (1, 3), (1, 5), (0, 2), (0, 2), (2, 1), (3, 1), (1, 4)))", "grad_norm": {"score": 64.50640869140625, "time": 2.665184717014199}, "val_accuracy": 97.16886633630904}, {"idx": "23", "arch": "(((1, 3), (0, 6), (2, 5), (0, 5), (1, 5), (0, 1), (1, 4), (0, 0)), ((0, 3), (1, 4), (2, 3), (0, 4), (3, 6), (2, 0), (1, 4), (4, 1)))", "grad_norm": {"score": 67.7306900024414, "time": 2.302002348995302}, "val_accuracy": 97.25337773506526}, {"idx": "24", "arch": "(((0, 5), (1, 3), (2, 3), (0, 5), (3, 6), (0, 1), (0, 4), (2, 5)), ((0, 4), (1, 0), (2, 0), (0, 0), (1, 2), (2, 4), (4, 6), (3, 2)))", "grad_norm": {"score": 58.549556732177734, "time": 2.0378167649905663}, "val_accuracy": 97.30715765129516}, {"idx": "25", "arch": "(((0, 3), (1, 3), (0, 3), (1, 3), (1, 5), (0, 1), (2, 5), (0, 2)), ((1, 6), (0, 5), (2, 4), (1, 0), (3, 2), (2, 3), (1, 1), (4, 3)))", "grad_norm": {"score": 57.03839874267578, "time": 1.8645034290093463}, "val_accuracy": 97.39935206136018}, {"idx": "26", "arch": "(((0, 1), (1, 4), (2, 6), (0, 2), (0, 6), (2, 6), (3, 4), (1, 4)), ((0, 5), (1, 3), (0, 5), (1, 4), (3, 1), (0, 3), (4, 6), (2, 0)))", "grad_norm": {"score": 65.98780822753906, "time": 2.442573889013147}, "val_accuracy": 97.44544918198635}, {"idx": "27", "arch": "(((1, 6), (0, 3), (1, 4), (0, 4), (3, 4), (2, 3), (2, 1), (0, 3)), ((0, 4), (1, 6), (1, 6), (0, 1), (0, 2), (2, 5), (1, 4), (2, 0)))", "grad_norm": {"score": 76.90178680419922, "time": 2.617915209993953}, "val_accuracy": 97.46465606783238}, {"idx": "28", "arch": "(((1, 5), (0, 4), (1, 4), (2, 2), (0, 2), (1, 5), (4, 3), (3, 3)), ((0, 1), (1, 5), (2, 5), (1, 5), (1, 3), (2, 3), (1, 6), (0, 2)))", "grad_norm": {"score": 60.542545318603516, "time": 2.1755743400135543}, "val_accuracy": 97.18807362542977}, {"idx": "29", "arch": "(((1, 3), (0, 6), (2, 5), (1, 2), (1, 6), (0, 0), (0, 0), (2, 6)), ((0, 4), (1, 5), (0, 0), (1, 2), (2, 5), (0, 0), (3, 6), (2, 1)))", "grad_norm": {"score": 43.87281799316406, "time": 1.8659596780198626}, "val_accuracy": 97.1266108760822}, {"idx": "30", "arch": "(((1, 0), (0, 0), (1, 6), (2, 1), (3, 1), (0, 3), (1, 3), (3, 5)), ((0, 1), (1, 2), (1, 0), (2, 5), (0, 4), (3, 2), (1, 1), (4, 0)))", "grad_norm": {"score": 50.312950134277344, "time": 1.7862993320159148}, "val_accuracy": 97.11892798669366}, {"idx": "31", "arch": "(((0, 1), (1, 4), (2, 1), (0, 0), (0, 1), (3, 4), (2, 2), (4, 4)), ((0, 5), (1, 3), (2, 3), (0, 0), (1, 5), (0, 2), (1, 1), (2, 2)))", "grad_norm": {"score": 61.1126823425293, "time": 1.7859486369998194}, "val_accuracy": 97.07667229200479}, {"idx": "32", "arch": "(((0, 3), (1, 2), (1, 6), (0, 2), (0, 4), (2, 1), (1, 1), (2, 1)), ((0, 3), (1, 3), (0, 6), (2, 0), (1, 3), (2, 3), (3, 6), (2, 1)))", "grad_norm": {"score": 65.29911041259766, "time": 2.221360764990095}, "val_accuracy": 97.24569489256912}, {"idx": "33", "arch": "(((1, 6), (0, 0), (1, 3), (0, 0), (0, 1), (3, 3), (3, 1), (0, 4)), ((0, 0), (1, 3), (0, 5), (1, 1), (2, 4), (0, 0), (4, 2), (2, 0)))", "grad_norm": {"score": 49.80078125, "time": 1.9879143330035731}, "val_accuracy": 97.1919149857177}, {"idx": "34", "arch": "(((1, 1), (0, 6), (2, 6), (0, 4), (0, 0), (1, 2), (3, 6), (2, 1)), ((0, 6), (1, 1), (0, 4), (2, 4), (0, 2), (3, 3), (3, 6), (1, 5)))", "grad_norm": {"score": 44.287254333496094, "time": 1.9122781490150373}, "val_accuracy": 97.12661093235309}, {"idx": "35", "arch": "(((1, 2), (0, 2), (1, 0), (2, 0), (3, 6), (1, 2), (4, 5), (3, 2)), ((0, 1), (1, 6), (2, 4), (1, 3), (0, 3), (3, 5), (2, 6), (4, 5)))", "grad_norm": {"score": 69.3284683227539, "time": 1.5410075550025795}, "val_accuracy": 97.14581776192823}, {"idx": "36", "arch": "(((1, 5), (0, 4), (0, 2), (2, 1), (0, 6), (2, 3), (2, 5), (3, 3)), ((0, 3), (1, 5), (0, 2), (2, 5), (0, 4), (3, 4), (4, 1), (1, 1)))", "grad_norm": {"score": 53.29424285888672, "time": 2.0054661339963786}, "val_accuracy": 97.24953644980516}, {"idx": "37", "arch": "(((0, 5), (1, 2), (1, 2), (0, 4), (3, 6), (0, 6), (0, 3), (1, 3)), ((1, 6), (0, 0), (2, 1), (1, 5), (1, 6), (2, 1), (2, 5), (4, 1)))", "grad_norm": {"score": 32.07041931152344, "time": 1.8397683349903673}, "val_accuracy": 97.38014473472553}, {"idx": "38", "arch": "(((0, 6), (1, 5), (2, 5), (1, 6), (3, 0), (1, 1), (1, 6), (2, 2)), ((1, 0), (0, 5), (0, 6), (2, 1), (1, 1), (0, 2), (1, 0), (0, 3)))", "grad_norm": {"score": 45.71760559082031, "time": 1.9290326870104764}, "val_accuracy": 97.0113681260984}, {"idx": "39", "arch": "(((0, 1), (1, 0), (1, 2), (0, 5), (3, 4), (2, 5), (1, 6), (4, 2)), ((0, 2), (1, 2), (1, 0), (2, 4), (0, 0), (3, 3), (3, 5), (2, 5)))", "grad_norm": {"score": 66.44895935058594, "time": 1.5677298509981483}, "val_accuracy": 97.22264659954276}, {"idx": "40", "arch": "(((0, 3), (1, 4), (2, 6), (0, 3), (3, 5), (0, 1), (2, 3), (1, 2)), ((1, 4), (0, 3), (2, 3), (0, 6), (0, 2), (2, 1), (4, 0), (0, 4)))", "grad_norm": {"score": 74.60995483398438, "time": 2.027819957002066}, "val_accuracy": 97.42240059822706}, {"idx": "41", "arch": "(((1, 0), (0, 3), (2, 2), (0, 3), (1, 4), (2, 0), (0, 1), (2, 4)), ((0, 6), (1, 2), (0, 1), (2, 0), (3, 6), (1, 2), (0, 3), (1, 6)))", "grad_norm": {"score": 75.18606567382812, "time": 2.4096369720064104}, "val_accuracy": 97.24185364482295}, {"idx": "42", "arch": "(((1, 0), (0, 5), (0, 0), (2, 4), (2, 1), (1, 5), (4, 4), (3, 5)), ((1, 6), (0, 1), (0, 0), (1, 4), (2, 6), (0, 1), (2, 4), (0, 5)))", "grad_norm": {"score": 67.78447723388672, "time": 1.9808116279891692}, "val_accuracy": 97.23417070854201}, {"idx": "43", "arch": "(((1, 4), (0, 4), (2, 1), (1, 2), (1, 4), (2, 2), (3, 0), (4, 5)), ((0, 4), (1, 4), (0, 6), (2, 2), (3, 1), (0, 0), (3, 4), (4, 6)))", "grad_norm": {"score": 82.5245361328125, "time": 2.015669811022235}, "val_accuracy": 97.43008357202193}, {"idx": "44", "arch": "(((1, 2), (0, 4), (2, 0), (1, 4), (3, 3), (1, 5), (2, 5), (0, 0)), ((1, 2), (0, 4), (2, 6), (1, 4), (3, 1), (1, 1), (0, 2), (1, 4)))", "grad_norm": {"score": 82.80253601074219, "time": 2.042597937019309}, "val_accuracy": 97.2994746212294}, {"idx": "45", "arch": "(((0, 3), (1, 3), (0, 6), (1, 2), (1, 3), (2, 4), (3, 6), (1, 0)), ((1, 3), (0, 4), (0, 6), (2, 4), (3, 6), (2, 5), (4, 4), (1, 5)))", "grad_norm": {"score": 101.73774719238281, "time": 2.3660643819894176}, "val_accuracy": 97.34557206072394}, {"idx": "46", "arch": "(((0, 2), (1, 3), (0, 4), (1, 3), (1, 1), (3, 3), (3, 4), (0, 6)), ((0, 0), (1, 1), (2, 4), (0, 3), (0, 5), (2, 4), (4, 1), (1, 1)))", "grad_norm": {"score": 61.541996002197266, "time": 2.1912731179909315}, "val_accuracy": 97.36862048504905}, {"idx": "47", "arch": "(((1, 5), (0, 6), (1, 4), (0, 2), (2, 2), (1, 6), (2, 1), (0, 4)), ((0, 5), (1, 2), (0, 2), (2, 0), (0, 2), (2, 4), (4, 5), (2, 5)))", "grad_norm": {"score": 42.42326736450195, "time": 2.046861913986504}, "val_accuracy": 97.09203793010465}, {"idx": "48", "arch": "(((1, 2), (0, 2), (1, 4), (2, 4), (3, 2), (0, 6), (0, 3), (2, 6)), ((0, 2), (1, 2), (2, 6), (1, 0), (1, 2), (3, 4), (1, 4), (3, 3)))", "grad_norm": {"score": 50.6607780456543, "time": 2.003100899979472}, "val_accuracy": 97.35709615096624}, {"idx": "49", "arch": "(((1, 0), (0, 0), (2, 2), (1, 6), (1, 5), (0, 3), (1, 0), (2, 0)), ((1, 3), (0, 1), (0, 2), (1, 1), (1, 1), (2, 5), (2, 4), (0, 4)))", "grad_norm": {"score": 65.35398864746094, "time": 1.7925238519965205}, "val_accuracy": 97.10356251740646}, {"idx": "50", "arch": "(((1, 5), (0, 6), (2, 2), (1, 2), (3, 1), (0, 2), (0, 6), (1, 5)), ((1, 1), (0, 0), (0, 5), (1, 0), (0, 2), (3, 3), (2, 0), (0, 1)))", "grad_norm": {"score": 28.478727340698242, "time": 1.5389292500040028}, "val_accuracy": 96.95758792851406}, {"idx": "51", "arch": "(((0, 0), (1, 5), (0, 3), (2, 0), (1, 4), (3, 4), (1, 1), (3, 2)), ((1, 0), (0, 6), (1, 2), (0, 1), (1, 5), (0, 3), (4, 4), (0, 3)))", "grad_norm": {"score": 72.41036987304688, "time": 1.8009335499955341}, "val_accuracy": 97.2649022098253}, {"idx": "52", "arch": "(((0, 4), (1, 0), (1, 3), (0, 6), (3, 3), (1, 1), (2, 2), (1, 6)), ((0, 2), (1, 2), (0, 5), (1, 3), (1, 5), (3, 4), (0, 6), (4, 0)))", "grad_norm": {"score": 86.54312896728516, "time": 1.9212136560236104}, "val_accuracy": 97.25337762252349}, {"idx": "53", "arch": "(((1, 0), (0, 2), (1, 3), (2, 0), (1, 1), (3, 3), (4, 3), (1, 0)), ((0, 1), (1, 0), (1, 3), (0, 2), (0, 4), (3, 3), (2, 3), (1, 0)))", "grad_norm": {"score": 108.21749114990234, "time": 1.701019471976906}, "val_accuracy": 97.08051390551172}, {"idx": "54", "arch": "(((1, 3), (0, 1), (1, 4), (0, 2), (1, 4), (0, 1), (0, 0), (4, 6)), ((1, 3), (0, 6), (0, 1), (2, 5), (2, 2), (1, 4), (3, 3), (1, 2)))", "grad_norm": {"score": 58.81085205078125, "time": 1.8563560780021362}, "val_accuracy": 97.25337775382222}, {"idx": "55", "arch": "(((0, 1), (1, 6), (0, 6), (2, 1), (0, 0), (3, 6), (4, 2), (2, 6)), ((0, 3), (1, 5), (1, 5), (2, 3), (1, 1), (2, 2), (1, 0), (0, 2)))", "grad_norm": {"score": 38.6217041015625, "time": 1.7687057309958618}, "val_accuracy": 97.13045206755747}, {"idx": "56", "arch": "(((0, 3), (1, 0), (2, 6), (1, 2), (2, 2), (1, 1), (2, 6), (4, 4)), ((0, 4), (1, 6), (2, 4), (1, 2), (1, 6), (0, 3), (2, 5), (1, 5)))", "grad_norm": {"score": 80.9715805053711, "time": 1.8352931529807393}, "val_accuracy": 97.20728068008845}, {"idx": "57", "arch": "(((1, 6), (0, 5), (2, 3), (1, 6), (2, 6), (0, 2), (2, 5), (0, 1)), ((0, 3), (1, 4), (0, 3), (1, 2), (1, 4), (3, 2), (0, 1), (4, 3)))", "grad_norm": {"score": 43.89299011230469, "time": 1.8265468280005734}, "val_accuracy": 97.18807361605128}, {"idx": "58", "arch": "(((1, 2), (0, 1), (0, 2), (2, 0), (2, 2), (3, 1), (4, 3), (0, 2)), ((0, 3), (1, 4), (0, 6), (2, 1), (1, 4), (3, 6), (0, 5), (4, 5)))", "grad_norm": {"score": 49.134307861328125, "time": 1.397351952997269}, "val_accuracy": 97.09972098830586}, {"idx": "59", "arch": "(((1, 6), (0, 3), (0, 1), (1, 4), (3, 1), (1, 5), (0, 0), (2, 2)), ((1, 5), (0, 0), (2, 2), (0, 3), (1, 1), (3, 0), (2, 2), (0, 6)))", "grad_norm": {"score": 37.78458023071289, "time": 1.637076570012141}, "val_accuracy": 96.9806366435721}, {"idx": "60", "arch": "(((1, 3), (0, 6), (2, 4), (1, 5), (0, 0), (1, 3), (3, 6), (4, 6)), ((1, 0), (0, 2), (0, 6), (1, 5), (0, 4), (3, 0), (4, 6), (2, 6)))", "grad_norm": {"score": 71.82630157470703, "time": 2.024089582992019}, "val_accuracy": 97.3302063100823}, {"idx": "61", "arch": "(((1, 5), (0, 5), (2, 0), (1, 1), (0, 2), (3, 2), (0, 3), (3, 3)), ((0, 3), (1, 4), (2, 5), (1, 2), (1, 3), (0, 2), (4, 0), (1, 2)))", "grad_norm": {"score": 67.44635772705078, "time": 1.575737000996014}, "val_accuracy": 97.06130640068594}, {"idx": "62", "arch": "(((0, 2), (1, 1), (2, 6), (0, 6), (1, 2), (2, 2), (0, 2), (3, 0)), ((1, 2), (0, 6), (0, 2), (2, 4), (2, 3), (1, 3), (3, 6), (4, 0)))", "grad_norm": {"score": 52.167999267578125, "time": 1.442562440992333}, "val_accuracy": 97.25721940484308}, {"idx": "63", "arch": "(((1, 1), (0, 3), (1, 2), (2, 1), (0, 5), (3, 5), (4, 1), (0, 0)), ((1, 5), (0, 3), (0, 1), (1, 4), (0, 4), (2, 3), (2, 2), (1, 3)))", "grad_norm": {"score": 57.582881927490234, "time": 1.5359499299956951}, "val_accuracy": 96.99216090262705}, {"idx": "64", "arch": "(((0, 1), (1, 5), (1, 6), (0, 4), (2, 5), (1, 2), (0, 1), (1, 3)), ((0, 5), (1, 5), (2, 0), (0, 0), (0, 2), (1, 1), (1, 1), (0, 5)))", "grad_norm": {"score": 40.163124084472656, "time": 1.6866263819974847}, "val_accuracy": 97.20728098957834}, {"idx": "65", "arch": "(((0, 1), (1, 3), (2, 3), (1, 2), (1, 3), (3, 4), (2, 6), (4, 6)), ((0, 1), (1, 5), (2, 5), (0, 5), (1, 1), (3, 2), (0, 0), (3, 3)))", "grad_norm": {"score": 84.72570037841797, "time": 1.9039000769844279}, "val_accuracy": 97.49538745657388}, {"idx": "66", "arch": "(((1, 2), (0, 0), (1, 4), (2, 2), (0, 6), (2, 6), (1, 1), (3, 1)), ((0, 0), (1, 0), (2, 4), (0, 0), (3, 2), (1, 4), (1, 5), (3, 1)))", "grad_norm": {"score": 40.1024169921875, "time": 1.5958096440008376}, "val_accuracy": 97.09972067881597}, {"idx": "67", "arch": "(((1, 0), (0, 5), (1, 4), (2, 0), (1, 5), (0, 0), (0, 4), (2, 5)), ((1, 5), (0, 4), (2, 4), (1, 0), (2, 0), (0, 6), (1, 6), (2, 1)))", "grad_norm": {"score": 58.97908401489258, "time": 1.835244296991732}, "val_accuracy": 97.01905087480974}, {"idx": "68", "arch": "(((0, 1), (1, 6), (1, 2), (0, 4), (1, 2), (2, 0), (0, 3), (4, 2)), ((0, 5), (1, 6), (2, 2), (0, 5), (2, 1), (3, 4), (4, 2), (3, 6)))", "grad_norm": {"score": 44.06570053100586, "time": 1.5202254289761186}, "val_accuracy": 97.22264645886553}, {"idx": "69", "arch": "(((0, 2), (1, 0), (0, 2), (1, 5), (2, 5), (0, 1), (2, 2), (3, 0)), ((0, 1), (1, 1), (0, 1), (2, 4), (0, 0), (1, 3), (2, 6), (3, 0)))", "grad_norm": {"score": 38.88397979736328, "time": 1.3254571010184009}, "val_accuracy": 97.00368509603264}, {"idx": "70", "arch": "(((0, 4), (1, 0), (0, 1), (1, 3), (2, 2), (1, 5), (2, 2), (4, 4)), ((1, 4), (0, 4), (0, 1), (2, 4), (1, 0), (3, 1), (1, 1), (4, 0)))", "grad_norm": {"score": 70.799560546875, "time": 1.7112567020230927}, "val_accuracy": 97.36477932170922}, {"idx": "71", "arch": "(((0, 4), (1, 4), (2, 2), (0, 5), (1, 5), (0, 3), (1, 2), (2, 6)), ((0, 3), (1, 2), (0, 3), (2, 2), (1, 3), (3, 6), (3, 0), (4, 3)))", "grad_norm": {"score": 61.40281295776367, "time": 1.8297075150185265}, "val_accuracy": 97.37246198601422}, {"idx": "72", "arch": "(((0, 5), (1, 6), (1, 1), (0, 5), (3, 4), (2, 5), (4, 0), (2, 5)), ((1, 0), (0, 6), (2, 0), (1, 5), (1, 2), (0, 5), (3, 1), (0, 3)))", "grad_norm": {"score": 53.303138732910156, "time": 1.783552189997863}, "val_accuracy": 97.10356217978114}, {"idx": "73", "arch": "(((0, 4), (1, 4), (2, 4), (0, 3), (3, 4), (1, 1), (0, 0), (3, 6)), ((0, 6), (1, 3), (2, 3), (0, 5), (2, 1), (0, 5), (0, 1), (1, 4)))", "grad_norm": {"score": 113.8265151977539, "time": 2.2731653490045574}, "val_accuracy": 97.17654937575328}, {"idx": "74", "arch": "(((0, 2), (1, 0), (2, 4), (0, 3), (1, 3), (0, 6), (4, 5), (3, 1)), ((0, 5), (1, 4), (0, 5), (2, 2), (2, 3), (1, 3), (1, 1), (0, 1)))", "grad_norm": {"score": 66.81533813476562, "time": 1.7974800300144125}, "val_accuracy": 97.1458180714181}, {"idx": "75", "arch": "(((0, 6), (1, 6), (1, 0), (2, 0), (0, 4), (1, 6), (4, 4), (2, 0)), ((1, 6), (0, 6), (1, 6), (2, 1), (3, 0), (2, 3), (0, 0), (4, 0)))", "grad_norm": {"score": 72.05418395996094, "time": 1.9511860340135172}, "val_accuracy": 97.05746506853345}, {"idx": "76", "arch": "(((1, 3), (0, 2), (0, 1), (2, 1), (0, 4), (2, 1), (4, 4), (1, 1)), ((1, 1), (0, 6), (2, 1), (0, 4), (0, 2), (2, 6), (1, 6), (3, 0)))", "grad_norm": {"score": 52.037757873535156, "time": 1.73806203098502}, "val_accuracy": 97.21496354134155}, {"idx": "77", "arch": "(((1, 1), (0, 0), (0, 4), (1, 5), (1, 3), (0, 5), (4, 3), (0, 3)), ((1, 0), (0, 1), (0, 5), (2, 2), (2, 6), (1, 4), (1, 1), (3, 1)))", "grad_norm": {"score": 49.52073287963867, "time": 1.7884151070029475}, "val_accuracy": 97.26490201287719}, {"idx": "78", "arch": "(((0, 4), (1, 6), (1, 3), (0, 5), (1, 2), (3, 0), (2, 5), (4, 3)), ((1, 6), (0, 6), (2, 0), (0, 0), (3, 1), (2, 6), (4, 4), (0, 6)))", "grad_norm": {"score": 72.24201202392578, "time": 1.7838072660088073}, "val_accuracy": 97.30331617846545}, {"idx": "79", "arch": "(((1, 4), (0, 0), (1, 3), (0, 1), (0, 0), (2, 3), (2, 2), (3, 3)), ((1, 1), (0, 5), (0, 3), (1, 3), (0, 2), (1, 3), (1, 5), (2, 4)))", "grad_norm": {"score": 86.09365844726562, "time": 1.8399598069954664}, "val_accuracy": 97.08819665422305}, {"idx": "80", "arch": "(((0, 1), (1, 3), (2, 3), (1, 4), (1, 4), (2, 6), (1, 3), (2, 0)), ((0, 4), (1, 6), (1, 6), (2, 4), (1, 3), (0, 2), (0, 5), (1, 4)))", "grad_norm": {"score": 110.36177825927734, "time": 2.1119445619988255}, "val_accuracy": 97.40703487572087}, {"idx": "81", "arch": "(((0, 3), (1, 4), (0, 0), (2, 3), (0, 3), (2, 2), (2, 3), (3, 2)), ((1, 1), (0, 1), (2, 0), (1, 0), (2, 3), (0, 4), (4, 6), (0, 6)))", "grad_norm": {"score": 80.9801025390625, "time": 1.7375632320181467}, "val_accuracy": 97.38014470659009}, {"idx": "82", "arch": "(((1, 4), (0, 4), (2, 0), (1, 1), (0, 6), (1, 4), (3, 6), (2, 1)), ((0, 3), (1, 5), (1, 5), (0, 4), (0, 5), (2, 6), (2, 1), (3, 6)))", "grad_norm": {"score": 95.12586975097656, "time": 2.0252650379843544}, "val_accuracy": 97.26106065258924}, {"idx": "83", "arch": "(((0, 5), (1, 1), (0, 0), (2, 1), (3, 0), (1, 4), (4, 4), (1, 0)), ((0, 6), (1, 2), (0, 1), (1, 2), (3, 5), (1, 2), (0, 2), (1, 3)))", "grad_norm": {"score": 62.931861877441406, "time": 1.7675932520069182}, "val_accuracy": 96.98447809764484}, {"idx": "84", "arch": "(((0, 3), (1, 1), (2, 3), (1, 4), (0, 1), (1, 3), (1, 1), (2, 4)), ((1, 5), (0, 4), (0, 5), (1, 0), (3, 0), (0, 3), (0, 5), (4, 1)))", "grad_norm": {"score": 72.36141204833984, "time": 1.9858155130059458}, "val_accuracy": 97.27642653452962}, {"idx": "85", "arch": "(((1, 3), (0, 0), (0, 0), (1, 1), (0, 6), (1, 2), (1, 5), (0, 3)), ((0, 0), (1, 0), (0, 5), (1, 1), (1, 1), (0, 4), (4, 4), (1, 5)))", "grad_norm": {"score": 38.21102523803711, "time": 1.6317904199822806}, "val_accuracy": 97.09972101644131}, {"idx": "86", "arch": "(((1, 4), (0, 2), (0, 2), (2, 2), (0, 1), (1, 0), (1, 5), (0, 4)), ((0, 0), (1, 6), (2, 0), (0, 5), (3, 6), (0, 2), (2, 4), (4, 2)))", "grad_norm": {"score": 41.75702667236328, "time": 1.567915190011263}, "val_accuracy": 96.9153324307733}, {"idx": "87", "arch": "(((1, 6), (0, 1), (2, 6), (0, 2), (3, 1), (1, 5), (3, 5), (1, 5)), ((1, 1), (0, 1), (0, 2), (2, 5), (3, 0), (0, 3), (3, 4), (4, 5)))", "grad_norm": {"score": 34.51518249511719, "time": 1.5987270380137488}, "val_accuracy": 97.0267336516565}, {"idx": "88", "arch": "(((1, 1), (0, 3), (2, 4), (1, 5), (1, 2), (3, 6), (4, 4), (3, 2)), ((0, 3), (1, 1), (2, 4), (1, 3), (0, 5), (2, 1), (2, 5), (4, 0)))", "grad_norm": {"score": 63.09598922729492, "time": 1.7540970529953483}, "val_accuracy": 97.2802679792239}, {"idx": "89", "arch": "(((1, 4), (0, 2), (0, 1), (1, 2), (0, 2), (3, 5), (4, 1), (1, 1)), ((0, 6), (1, 4), (2, 6), (0, 5), (3, 4), (1, 4), (2, 2), (3, 4)))", "grad_norm": {"score": 39.917510986328125, "time": 1.4935840910184197}, "val_accuracy": 97.31099922728816}, {"idx": "90", "arch": "(((0, 2), (1, 3), (0, 4), (1, 2), (1, 0), (2, 4), (0, 6), (3, 0)), ((0, 6), (1, 2), (2, 0), (0, 1), (0, 3), (2, 6), (4, 6), (2, 5)))", "grad_norm": {"score": 60.18414306640625, "time": 1.7543289540044498}, "val_accuracy": 97.14581801514723}, {"idx": "91", "arch": "(((1, 5), (0, 5), (2, 6), (1, 4), (3, 3), (2, 6), (0, 1), (3, 0)), ((0, 2), (1, 3), (1, 3), (0, 3), (1, 5), (0, 2), (2, 6), (4, 2)))", "grad_norm": {"score": 85.2197265625, "time": 1.8930647009983659}, "val_accuracy": 97.25337779133615}, {"idx": "92", "arch": "(((1, 1), (0, 0), (1, 3), (0, 4), (3, 4), (0, 5), (3, 6), (2, 4)), ((1, 4), (0, 0), (0, 2), (1, 1), (1, 5), (3, 1), (1, 3), (0, 4)))", "grad_norm": {"score": 66.96769714355469, "time": 2.1170952709799167}, "val_accuracy": 97.42624207105678}, {"idx": "93", "arch": "(((0, 0), (1, 3), (0, 0), (1, 0), (3, 5), (0, 0), (3, 2), (0, 1)), ((0, 5), (1, 5), (2, 0), (1, 6), (1, 1), (2, 3), (0, 2), (2, 2)))", "grad_norm": {"score": 49.125587463378906, "time": 1.501486493012635}, "val_accuracy": 96.8346624579544}, {"idx": "94", "arch": "(((1, 5), (0, 2), (0, 0), (1, 1), (0, 4), (1, 1), (4, 5), (1, 5)), ((1, 3), (0, 4), (2, 1), (0, 2), (2, 2), (1, 4), (1, 6), (3, 4)))", "grad_norm": {"score": 47.16316223144531, "time": 1.6296158530167304}, "val_accuracy": 97.15350062318133}, {"idx": "95", "arch": "(((1, 1), (0, 2), (1, 4), (0, 3), (3, 5), (0, 1), (0, 6), (2, 5)), ((0, 2), (1, 1), (2, 5), (0, 3), (2, 0), (3, 5), (3, 4), (1, 3)))", "grad_norm": {"score": 40.19677734375, "time": 1.7095822840055916}, "val_accuracy": 97.28410946143208}, {"idx": "96", "arch": "(((1, 6), (0, 2), (2, 3), (0, 1), (1, 4), (0, 3), (2, 5), (0, 1)), ((1, 6), (0, 2), (2, 6), (0, 2), (2, 1), (1, 5), (0, 0), (2, 3)))", "grad_norm": {"score": 39.49933624267578, "time": 1.7486093740153592}, "val_accuracy": 97.45313190256223}, {"idx": "97", "arch": "(((1, 2), (0, 1), (1, 1), (2, 0), (1, 1), (2, 1), (1, 2), (0, 6)), ((1, 6), (0, 3), (0, 1), (1, 4), (0, 2), (2, 2), (0, 5), (3, 1)))", "grad_norm": {"score": 45.76719665527344, "time": 1.4310407239827327}, "val_accuracy": 96.88844231791342}, {"idx": "98", "arch": "(((1, 5), (0, 1), (0, 0), (2, 0), (1, 0), (0, 0), (1, 1), (3, 0)), ((1, 1), (0, 3), (2, 4), (1, 0), (3, 6), (2, 3), (0, 1), (2, 5)))", "grad_norm": {"score": 50.525306701660156, "time": 1.4875017760205083}, "val_accuracy": 97.18039070790577}, {"idx": "99", "arch": "(((0, 1), (1, 2), (0, 3), (1, 5), (1, 0), (0, 5), (3, 6), (0, 2)), ((0, 6), (1, 5), (1, 2), (2, 6), (3, 0), (2, 1), (3, 6), (4, 5)))", "grad_norm": {"score": 41.16511535644531, "time": 1.5283656060055364}, "val_accuracy": 97.19191501385315}, {"idx": "100", "arch": "(((0, 0), (1, 6), (2, 4), (1, 1), (0, 1), (2, 6), (1, 5), (2, 2)), ((1, 6), (0, 2), (2, 4), (1, 1), (3, 6), (2, 5), (0, 2), (1, 2)))", "grad_norm": {"score": 47.631961822509766, "time": 1.7356468009820674}, "val_accuracy": 97.17270787478812}, {"idx": "101", "arch": "(((1, 4), (0, 2), (1, 4), (2, 4), (3, 3), (2, 5), (4, 1), (0, 5)), ((1, 3), (0, 1), (2, 6), (0, 5), (3, 0), (2, 6), (4, 1), (0, 3)))", "grad_norm": {"score": 108.0159912109375, "time": 1.9441739179892465}, "val_accuracy": 97.3609375956605}, {"idx": "102", "arch": "(((0, 5), (1, 3), (1, 2), (2, 2), (0, 2), (2, 2), (0, 2), (4, 4)), ((1, 4), (0, 6), (0, 1), (2, 1), (2, 0), (0, 3), (2, 3), (0, 4)))", "grad_norm": {"score": 43.939205169677734, "time": 1.4166383279953152}, "val_accuracy": 97.13045232077647}, {"idx": "103", "arch": "(((0, 4), (1, 0), (1, 0), (2, 3), (1, 0), (0, 4), (4, 4), (1, 6)), ((1, 4), (0, 2), (1, 1), (2, 2), (0, 2), (3, 3), (4, 4), (2, 5)))", "grad_norm": {"score": 107.6874008178711, "time": 2.078547883022111}, "val_accuracy": 97.15350072634462}, {"idx": "104", "arch": "(((1, 0), (0, 2), (2, 5), (0, 1), (1, 3), (0, 3), (2, 6), (3, 4)), ((0, 4), (1, 2), (0, 0), (2, 2), (1, 3), (0, 1), (0, 6), (4, 5)))", "grad_norm": {"score": 55.122920989990234, "time": 1.7618590760102961}, "val_accuracy": 97.25721934857219}, {"idx": "105", "arch": "(((1, 4), (0, 6), (1, 4), (2, 2), (2, 4), (1, 5), (4, 0), (3, 1)), ((0, 2), (1, 5), (0, 5), (2, 0), (2, 1), (0, 3), (3, 0), (1, 4)))", "grad_norm": {"score": 102.83575439453125, "time": 1.910189384012483}, "val_accuracy": 97.24185354165967}, {"idx": "106", "arch": "(((1, 0), (0, 3), (2, 3), (0, 1), (3, 3), (1, 2), (3, 3), (0, 4)), ((0, 4), (1, 2), (2, 5), (1, 2), (3, 6), (2, 0), (3, 4), (2, 6)))", "grad_norm": {"score": 104.0813217163086, "time": 1.9056267160049174}, "val_accuracy": 97.31099933982995}, {"idx": "107", "arch": "(((0, 0), (1, 3), (1, 0), (2, 6), (2, 6), (1, 6), (0, 6), (3, 2)), ((1, 1), (0, 4), (2, 6), (1, 2), (3, 6), (1, 0), (0, 2), (1, 5)))", "grad_norm": {"score": 65.85264587402344, "time": 1.8135053169971798}, "val_accuracy": 97.19191489193288}, {"idx": "108", "arch": "(((1, 3), (0, 6), (0, 2), (1, 5), (3, 0), (0, 4), (2, 2), (1, 0)), ((0, 2), (1, 2), (2, 0), (1, 1), (2, 3), (0, 5), (0, 1), (2, 4)))", "grad_norm": {"score": 58.54291534423828, "time": 1.6351359719992615}, "val_accuracy": 97.10356231107987}, {"idx": "109", "arch": "(((1, 0), (0, 6), (0, 3), (2, 3), (1, 4), (2, 5), (2, 0), (4, 2)), ((1, 6), (0, 5), (0, 1), (1, 3), (2, 4), (3, 5), (3, 3), (1, 5)))", "grad_norm": {"score": 89.07046508789062, "time": 1.846064398996532}, "val_accuracy": 97.31868201351341}, {"idx": "110", "arch": "(((1, 0), (0, 3), (0, 5), (2, 4), (0, 1), (2, 2), (0, 2), (2, 1)), ((0, 2), (1, 2), (1, 5), (0, 0), (3, 1), (2, 3), (0, 3), (2, 5)))", "grad_norm": {"score": 54.49271774291992, "time": 1.5380001300072763}, "val_accuracy": 97.04594084699241}, {"idx": "111", "arch": "(((1, 6), (0, 0), (1, 2), (2, 1), (2, 4), (3, 5), (4, 5), (0, 3)), ((0, 1), (1, 6), (0, 6), (1, 6), (1, 1), (2, 4), (2, 2), (4, 6)))", "grad_norm": {"score": 47.917110443115234, "time": 1.7071915039850865}, "val_accuracy": 97.25721940484308}, {"idx": "112", "arch": "(((1, 0), (0, 2), (1, 2), (0, 5), (3, 3), (1, 5), (1, 2), (2, 6)), ((0, 5), (1, 5), (0, 3), (1, 0), (1, 4), (0, 4), (1, 5), (0, 0)))", "grad_norm": {"score": 43.09355545043945, "time": 1.5077022880141158}, "val_accuracy": 97.01905093108061}, {"idx": "113", "arch": "(((0, 4), (1, 0), (2, 1), (1, 4), (1, 5), (3, 2), (4, 3), (2, 1)), ((0, 4), (1, 4), (2, 6), (1, 4), (2, 6), (0, 3), (0, 0), (3, 6)))", "grad_norm": {"score": 120.74403381347656, "time": 1.8492670329869725}, "val_accuracy": 97.33020640386711}, {"idx": "114", "arch": "(((1, 1), (0, 4), (1, 6), (2, 1), (3, 0), (1, 4), (2, 2), (0, 4)), ((1, 3), (0, 4), (1, 6), (0, 1), (2, 0), (3, 2), (0, 6), (4, 5)))", "grad_norm": {"score": 59.75028991699219, "time": 1.8666491120238788}, "val_accuracy": 97.2111219841055}, {"idx": "115", "arch": "(((0, 0), (1, 2), (1, 0), (2, 0), (0, 1), (1, 3), (0, 2), (3, 3)), ((1, 0), (0, 1), (0, 0), (1, 1), (2, 5), (1, 4), (0, 4), (2, 6)))", "grad_norm": {"score": 51.084014892578125, "time": 1.525629754003603}, "val_accuracy": 96.89996698024306}, {"idx": "116", "arch": "(((1, 2), (0, 5), (1, 2), (0, 4), (1, 4), (0, 4), (4, 4), (3, 4)), ((1, 0), (0, 5), (2, 5), (0, 5), (2, 0), (0, 2), (1, 0), (2, 3)))", "grad_norm": {"score": 57.84438705444336, "time": 2.063498633011477}, "val_accuracy": 97.19191509825947}, {"idx": "117", "arch": "(((0, 4), (1, 3), (2, 0), (1, 4), (2, 3), (0, 3), (1, 6), (4, 0)), ((0, 1), (1, 5), (0, 3), (1, 2), (0, 3), (2, 6), (4, 4), (0, 5)))", "grad_norm": {"score": 130.03756713867188, "time": 2.1420441800146364}, "val_accuracy": 97.49154604001505}, {"idx": "118", "arch": "(((1, 4), (0, 6), (1, 6), (0, 3), (2, 1), (1, 4), (3, 6), (1, 1)), ((0, 3), (1, 2), (2, 1), (1, 5), (3, 6), (1, 2), (1, 0), (0, 5)))", "grad_norm": {"score": 58.00159454345703, "time": 2.0191209799959324}, "val_accuracy": 97.2264879035598}, {"idx": "119", "arch": "(((0, 0), (1, 3), (1, 1), (2, 3), (0, 5), (1, 2), (2, 4), (4, 1)), ((1, 5), (0, 3), (0, 0), (2, 4), (2, 4), (3, 2), (1, 2), (0, 0)))", "grad_norm": {"score": 67.28534698486328, "time": 1.6899936159898061}, "val_accuracy": 97.11892798669366}, {"idx": "120", "arch": "(((0, 5), (1, 2), (1, 5), (0, 5), (3, 5), (2, 5), (4, 2), (1, 5)), ((0, 0), (1, 5), (1, 3), (0, 1), (2, 6), (1, 4), (4, 5), (0, 3)))", "grad_norm": {"score": 35.213619232177734, "time": 1.4860127510037273}, "val_accuracy": 97.04209944919054}, {"idx": "121", "arch": "(((0, 3), (1, 4), (0, 2), (2, 3), (1, 6), (3, 0), (2, 1), (3, 0)), ((1, 3), (0, 4), (2, 3), (1, 2), (1, 0), (3, 3), (4, 2), (1, 3)))", "grad_norm": {"score": 143.47984313964844, "time": 1.7544492430170067}, "val_accuracy": 97.29563371110856}, {"idx": "122", "arch": "(((1, 0), (0, 0), (1, 4), (0, 2), (1, 0), (3, 0), (0, 6), (2, 2)), ((1, 3), (0, 0), (0, 5), (1, 2), (0, 4), (2, 3), (2, 3), (1, 4)))", "grad_norm": {"score": 69.95421600341797, "time": 1.6332066970062442}, "val_accuracy": 97.118927817881}, {"idx": "123", "arch": "(((0, 4), (1, 3), (2, 5), (0, 4), (2, 4), (3, 6), (0, 4), (4, 5)), ((1, 0), (0, 2), (2, 0), (1, 4), (2, 0), (0, 6), (3, 1), (0, 0)))", "grad_norm": {"score": 92.7363510131836, "time": 2.2076580849825405}, "val_accuracy": 97.50691192195544}, {"idx": "124", "arch": "(((1, 5), (0, 4), (2, 6), (1, 3), (0, 4), (3, 5), (0, 5), (3, 3)), ((1, 4), (0, 0), (1, 4), (0, 0), (1, 0), (2, 2), (0, 4), (1, 2)))", "grad_norm": {"score": 66.64713287353516, "time": 2.0629336980055086}, "val_accuracy": 97.27258494915813}, {"idx": "125", "arch": "(((0, 1), (1, 0), (2, 4), (0, 1), (1, 0), (3, 5), (3, 5), (2, 4)), ((0, 3), (1, 1), (2, 2), (1, 0), (0, 4), (3, 5), (1, 1), (0, 3)))", "grad_norm": {"score": 59.88397216796875, "time": 1.7335003740154207}, "val_accuracy": 97.16502498539958}, {"idx": "126", "arch": "(((1, 6), (0, 6), (0, 6), (1, 1), (2, 1), (1, 3), (2, 5), (3, 4)), ((0, 5), (1, 3), (0, 1), (2, 6), (1, 3), (2, 5), (4, 0), (1, 6)))", "grad_norm": {"score": 55.43095397949219, "time": 1.9161123129888438}, "val_accuracy": 97.28410929261942}, {"idx": "127", "arch": "(((1, 5), (0, 0), (1, 1), (2, 1), (3, 5), (2, 4), (3, 2), (1, 3)), ((1, 6), (0, 5), (1, 2), (2, 0), (0, 2), (2, 2), (3, 3), (4, 6)))", "grad_norm": {"score": 63.042564392089844, "time": 1.6115108969970606}, "val_accuracy": 97.0344167098577}, {"idx": "128", "arch": "(((1, 1), (0, 5), (1, 1), (0, 0), (2, 0), (0, 3), (2, 6), (3, 3)), ((1, 5), (0, 3), (0, 5), (1, 3), (0, 0), (3, 5), (3, 4), (1, 2)))", "grad_norm": {"score": 58.10749053955078, "time": 1.7141726840054616}, "val_accuracy": 97.21112206851183}, {"idx": "129", "arch": "(((0, 3), (1, 2), (1, 6), (0, 5), (1, 0), (3, 6), (2, 0), (4, 3)), ((1, 0), (0, 5), (2, 1), (1, 0), (3, 2), (2, 1), (4, 0), (0, 0)))", "grad_norm": {"score": 48.758514404296875, "time": 1.6293793540098704}, "val_accuracy": 97.33404786731835}, {"idx": "130", "arch": "(((0, 0), (1, 3), (2, 5), (0, 2), (1, 0), (3, 4), (0, 2), (1, 0)), ((1, 6), (0, 2), (1, 5), (2, 5), (1, 5), (2, 1), (0, 5), (2, 4)))", "grad_norm": {"score": 61.05552291870117, "time": 1.5741663570224773}, "val_accuracy": 97.16118362511165}, {"idx": "131", "arch": "(((1, 6), (0, 1), (1, 0), (2, 1), (2, 6), (3, 3), (0, 4), (3, 3)), ((1, 1), (0, 3), (0, 0), (2, 3), (0, 1), (2, 3), (2, 0), (1, 2)))", "grad_norm": {"score": 61.41861343383789, "time": 1.829721549001988}, "val_accuracy": 97.16502494788566}, {"idx": "132", "arch": "(((1, 5), (0, 1), (1, 6), (0, 6), (2, 1), (1, 0), (2, 5), (4, 4)), ((1, 1), (0, 1), (0, 6), (1, 3), (3, 5), (2, 1), (0, 1), (2, 2)))", "grad_norm": {"score": 48.13239669799805, "time": 1.708874815987656}, "val_accuracy": 97.08819648541038}, {"idx": "133", "arch": "(((1, 6), (0, 1), (0, 6), (1, 5), (2, 6), (1, 1), (4, 0), (3, 6)), ((1, 2), (0, 1), (1, 0), (0, 2), (3, 1), (0, 3), (4, 5), (3, 4)))", "grad_norm": {"score": 41.35056686401367, "time": 1.8073302129923832}, "val_accuracy": 97.13045203942204}, {"idx": "134", "arch": "(((1, 3), (0, 5), (2, 1), (0, 0), (3, 1), (2, 0), (3, 4), (0, 5)), ((1, 3), (0, 0), (0, 2), (1, 6), (2, 0), (0, 3), (1, 6), (0, 0)))", "grad_norm": {"score": 60.045860290527344, "time": 1.7103213419904932}, "val_accuracy": 97.06898928069599}, {"idx": "135", "arch": "(((0, 6), (1, 0), (1, 1), (2, 5), (1, 2), (0, 2), (4, 6), (2, 6)), ((0, 0), (1, 1), (0, 1), (2, 3), (0, 3), (2, 6), (0, 2), (2, 1)))", "grad_norm": {"score": 35.50342559814453, "time": 1.566371357999742}, "val_accuracy": 97.13045237704736}, {"idx": "136", "arch": "(((0, 6), (1, 0), (1, 3), (0, 1), (3, 2), (1, 6), (1, 6), (0, 0)), ((0, 1), (1, 6), (1, 5), (0, 1), (2, 4), (1, 0), (2, 3), (4, 0)))", "grad_norm": {"score": 49.412254333496094, "time": 1.6982269410218578}, "val_accuracy": 97.21880509857759}, {"idx": "137", "arch": "(((1, 5), (0, 5), (0, 2), (2, 2), (0, 0), (3, 2), (1, 1), (3, 6)), ((0, 2), (1, 3), (1, 5), (0, 0), (2, 4), (3, 5), (0, 6), (4, 5)))", "grad_norm": {"score": 43.54068374633789, "time": 1.4216209329897538}, "val_accuracy": 96.94990537675085}, {"idx": "138", "arch": "(((1, 5), (0, 4), (2, 6), (1, 5), (0, 2), (2, 3), (2, 1), (1, 5)), ((1, 2), (0, 2), (1, 0), (0, 1), (3, 3), (0, 4), (2, 5), (4, 3)))", "grad_norm": {"score": 59.09254455566406, "time": 1.7331911050132476}, "val_accuracy": 97.207280651953}, {"idx": "139", "arch": "(((0, 3), (1, 2), (1, 3), (0, 6), (3, 2), (0, 3), (0, 5), (3, 5)), ((1, 4), (0, 2), (2, 2), (0, 0), (3, 3), (1, 0), (0, 2), (4, 6)))", "grad_norm": {"score": 39.63343811035156, "time": 1.6379865059861913}, "val_accuracy": 97.22264651513642}, {"idx": "140", "arch": "(((0, 3), (1, 5), (2, 2), (1, 5), (1, 2), (2, 5), (3, 3), (4, 4)), ((1, 2), (0, 3), (1, 2), (0, 2), (1, 2), (2, 1), (4, 4), (1, 2)))", "grad_norm": {"score": 61.26397705078125, "time": 1.7164710250217468}, "val_accuracy": 97.34557220140115}, {"idx": "141", "arch": "(((1, 4), (0, 6), (0, 2), (1, 0), (3, 6), (1, 3), (4, 2), (3, 4)), ((0, 0), (1, 3), (1, 2), (0, 5), (1, 3), (0, 3), (1, 1), (3, 4)))", "grad_norm": {"score": 74.97882080078125, "time": 1.8722308699798305}, "val_accuracy": 97.29563376737946}, {"idx": "142", "arch": "(((1, 2), (0, 4), (0, 4), (1, 0), (0, 5), (2, 2), (4, 0), (1, 1)), ((1, 4), (0, 4), (1, 5), (0, 4), (0, 6), (1, 0), (1, 5), (0, 6)))", "grad_norm": {"score": 53.95749282836914, "time": 1.7014490019937512}, "val_accuracy": 97.118927817881}, {"idx": "143", "arch": "(((1, 5), (0, 5), (2, 2), (1, 3), (1, 0), (0, 6), (1, 0), (3, 0)), ((0, 0), (1, 4), (1, 5), (0, 4), (1, 2), (0, 3), (2, 6), (3, 4)))", "grad_norm": {"score": 71.18647003173828, "time": 1.6530008219997399}, "val_accuracy": 97.24185354165967}, {"idx": "144", "arch": "(((0, 6), (1, 3), (0, 1), (1, 1), (3, 0), (1, 1), (1, 3), (0, 1)), ((0, 3), (1, 4), (2, 0), (1, 3), (1, 0), (0, 2), (1, 6), (4, 4)))", "grad_norm": {"score": 68.9466552734375, "time": 1.6869122149946634}, "val_accuracy": 97.2841091519422}, {"idx": "145", "arch": "(((0, 2), (1, 3), (2, 2), (0, 4), (3, 5), (2, 2), (1, 1), (3, 5)), ((1, 5), (0, 2), (2, 1), (1, 5), (0, 1), (1, 6), (3, 2), (1, 3)))", "grad_norm": {"score": 49.396026611328125, "time": 1.509695360000478}, "val_accuracy": 97.09972093203497}, {"idx": "146", "arch": "(((1, 4), (0, 4), (0, 0), (1, 6), (1, 3), (3, 6), (0, 0), (2, 1)), ((0, 3), (1, 2), (1, 3), (2, 2), (3, 5), (2, 2), (1, 3), (3, 6)))", "grad_norm": {"score": 71.92200469970703, "time": 1.9570950630004518}, "val_accuracy": 97.2879506810428}, {"idx": "147", "arch": "(((0, 1), (1, 3), (0, 2), (2, 4), (0, 1), (1, 1), (0, 4), (4, 0)), ((1, 1), (0, 0), (0, 5), (1, 4), (1, 0), (3, 5), (4, 0), (0, 4)))", "grad_norm": {"score": 56.492427825927734, "time": 1.7022337460075505}, "val_accuracy": 97.22648770661169}, {"idx": "148", "arch": "(((1, 1), (0, 4), (0, 1), (1, 5), (2, 5), (0, 4), (3, 6), (4, 4)), ((0, 6), (1, 3), (1, 6), (0, 6), (2, 5), (0, 3), (3, 0), (0, 4)))", "grad_norm": {"score": 62.863868713378906, "time": 2.0472857319982722}, "val_accuracy": 97.16118345629897}, {"idx": "149", "arch": "(((1, 3), (0, 6), (1, 1), (2, 0), (2, 4), (1, 1), (0, 6), (3, 4)), ((1, 5), (0, 6), (2, 4), (1, 6), (0, 5), (2, 0), (4, 6), (0, 5)))", "grad_norm": {"score": 92.40296936035156, "time": 2.0221073069842532}, "val_accuracy": 97.19575654295375}, {"idx": "150", "arch": "(((0, 5), (1, 1), (1, 4), (2, 4), (0, 6), (3, 0), (4, 0), (1, 1)), ((1, 5), (0, 6), (1, 1), (2, 2), (3, 4), (1, 2), (2, 1), (4, 1)))", "grad_norm": {"score": 73.7079086303711, "time": 1.8454363250057213}, "val_accuracy": 97.29563340161869}, {"idx": "151", "arch": "(((1, 3), (0, 3), (2, 5), (0, 6), (1, 5), (2, 0), (4, 3), (1, 5)), ((1, 2), (0, 1), (1, 5), (2, 3), (1, 3), (0, 6), (2, 1), (0, 2)))", "grad_norm": {"score": 97.42743682861328, "time": 1.9470177800103556}, "val_accuracy": 97.3109993116945}, {"idx": "152", "arch": "(((1, 6), (0, 2), (0, 3), (1, 3), (1, 4), (0, 3), (0, 2), (4, 5)), ((1, 1), (0, 4), (2, 5), (0, 2), (2, 1), (3, 5), (4, 5), (1, 0)))", "grad_norm": {"score": 43.150062561035156, "time": 1.7765890160226263}, "val_accuracy": 97.35325484694918}, {"idx": "153", "arch": "(((1, 2), (0, 6), (2, 0), (1, 2), (1, 1), (3, 0), (4, 0), (1, 5)), ((0, 5), (1, 1), (2, 1), (0, 2), (3, 4), (1, 2), (3, 5), (4, 1)))", "grad_norm": {"score": 55.31166458129883, "time": 1.4259002970065922}, "val_accuracy": 96.90380812482593}, {"idx": "154", "arch": "(((0, 2), (1, 1), (2, 6), (0, 5), (2, 1), (0, 1), (2, 0), (1, 5)), ((1, 1), (0, 0), (1, 0), (0, 6), (1, 5), (2, 2), (3, 6), (1, 0)))", "grad_norm": {"score": 35.216026306152344, "time": 1.4720491289917845}, "val_accuracy": 96.95758812546217}, {"idx": "155", "arch": "(((0, 3), (1, 0), (2, 4), (0, 1), (3, 4), (1, 6), (1, 0), (2, 1)), ((0, 1), (1, 6), (1, 1), (0, 2), (1, 2), (3, 4), (1, 1), (3, 6)))", "grad_norm": {"score": 79.14058685302734, "time": 1.8832302740192972}, "val_accuracy": 97.2610608214019}, {"idx": "156", "arch": "(((1, 2), (0, 0), (0, 0), (1, 5), (2, 2), (1, 5), (3, 2), (1, 1)), ((1, 1), (0, 3), (0, 5), (2, 3), (1, 6), (0, 0), (4, 2), (0, 6)))", "grad_norm": {"score": 40.4977912902832, "time": 1.3611061199917458}, "val_accuracy": 96.80393120989011}, {"idx": "157", "arch": "(((1, 2), (0, 0), (1, 4), (0, 1), (0, 6), (3, 6), (4, 3), (0, 5)), ((1, 2), (0, 0), (1, 4), (0, 2), (1, 5), (3, 5), (1, 3), (2, 3)))", "grad_norm": {"score": 57.46143341064453, "time": 1.804851274995599}, "val_accuracy": 97.19191501385315}, {"idx": "158", "arch": "(((0, 3), (1, 1), (0, 3), (1, 1), (3, 3), (2, 0), (3, 3), (1, 5)), ((0, 0), (1, 6), (2, 1), (0, 5), (3, 2), (2, 2), (2, 4), (4, 1)))", "grad_norm": {"score": 58.641353607177734, "time": 1.6737626540125348}, "val_accuracy": 97.26874362638411}, {"idx": "159", "arch": "(((1, 6), (0, 4), (1, 3), (0, 6), (2, 1), (0, 0), (1, 3), (4, 0)), ((1, 6), (0, 5), (1, 5), (2, 1), (1, 5), (2, 3), (3, 2), (1, 0)))", "grad_norm": {"score": 54.72096252441406, "time": 1.8726450300018769}, "val_accuracy": 97.35709620723712}, {"idx": "160", "arch": "(((1, 1), (0, 1), (2, 3), (0, 3), (2, 4), (3, 0), (1, 4), (2, 3)), ((1, 1), (0, 0), (2, 0), (0, 4), (1, 6), (3, 1), (2, 5), (4, 1)))", "grad_norm": {"score": 66.11247253417969, "time": 1.9661319789884146}, "val_accuracy": 97.25337772568678}, {"idx": "161", "arch": "(((1, 6), (0, 5), (2, 0), (1, 1), (2, 2), (3, 5), (4, 6), (3, 2)), ((1, 6), (0, 0), (2, 1), (1, 5), (3, 1), (2, 2), (2, 6), (3, 0)))", "grad_norm": {"score": 50.12839126586914, "time": 1.4885857939952984}, "val_accuracy": 97.21880501417127}, {"idx": "162", "arch": "(((0, 2), (1, 5), (1, 3), (0, 0), (3, 3), (2, 6), (1, 1), (2, 3)), ((1, 0), (0, 4), (1, 6), (2, 2), (0, 1), (2, 4), (1, 4), (4, 6)))", "grad_norm": {"score": 63.214359283447266, "time": 1.7535507370193955}, "val_accuracy": 97.35709645107764}, {"idx": "163", "arch": "(((1, 1), (0, 1), (1, 3), (2, 4), (2, 0), (1, 6), (2, 5), (1, 4)), ((1, 5), (0, 6), (2, 0), (0, 3), (3, 2), (0, 3), (2, 2), (1, 3)))", "grad_norm": {"score": 57.26362228393555, "time": 1.848013010021532}, "val_accuracy": 97.25337796014881}, {"idx": "164", "arch": "(((1, 1), (0, 2), (1, 5), (0, 5), (3, 6), (2, 4), (3, 5), (4, 1)), ((1, 1), (0, 2), (1, 6), (0, 2), (0, 3), (2, 4), (2, 6), (3, 4)))", "grad_norm": {"score": 39.955326080322266, "time": 1.6983245509909466}, "val_accuracy": 97.207280651953}, {"idx": "165", "arch": "(((1, 2), (0, 3), (1, 6), (2, 2), (3, 5), (2, 6), (3, 3), (2, 1)), ((0, 0), (1, 5), (0, 2), (2, 0), (1, 2), (2, 2), (4, 3), (2, 1)))", "grad_norm": {"score": 46.32803726196289, "time": 1.580989092006348}, "val_accuracy": 97.11508659827028}, {"idx": "166", "arch": "(((1, 6), (0, 4), (2, 3), (1, 0), (2, 4), (0, 0), (0, 4), (1, 4)), ((1, 3), (0, 5), (0, 4), (2, 6), (1, 3), (2, 4), (1, 1), (0, 4)))", "grad_norm": {"score": 79.54647064208984, "time": 2.2540719130192883}, "val_accuracy": 97.28410928324094}, {"idx": "167", "arch": "(((0, 3), (1, 1), (2, 1), (1, 5), (2, 0), (3, 6), (4, 3), (1, 5)), ((0, 6), (1, 5), (1, 0), (2, 4), (1, 5), (0, 4), (1, 3), (0, 3)))", "grad_norm": {"score": 74.80704498291016, "time": 1.7649098919937387}, "val_accuracy": 97.31099919915273}, {"idx": "168", "arch": "(((1, 2), (0, 0), (1, 6), (0, 5), (3, 3), (2, 6), (2, 6), (4, 1)), ((0, 2), (1, 6), (2, 1), (1, 1), (0, 1), (1, 6), (1, 4), (0, 5)))", "grad_norm": {"score": 40.34043502807617, "time": 1.7374149590032175}, "val_accuracy": 97.13045234891192}, {"idx": "169", "arch": "(((1, 0), (0, 6), (0, 1), (2, 2), (3, 5), (2, 1), (4, 4), (2, 5)), ((1, 0), (0, 6), (0, 6), (2, 2), (3, 0), (0, 1), (1, 3), (4, 3)))", "grad_norm": {"score": 53.537784576416016, "time": 1.6496811889810488}, "val_accuracy": 96.9268566710713}, {"idx": "170", "arch": "(((0, 2), (1, 1), (1, 1), (2, 4), (3, 0), (2, 5), (1, 2), (4, 0)), ((1, 1), (0, 5), (0, 2), (2, 0), (3, 3), (2, 0), (0, 2), (4, 6)))", "grad_norm": {"score": 51.51162338256836, "time": 1.4862931770039722}, "val_accuracy": 97.14197656107447}, {"idx": "171", "arch": "(((1, 2), (0, 2), (1, 4), (0, 3), (2, 1), (3, 6), (3, 1), (1, 4)), ((1, 6), (0, 4), (0, 2), (2, 6), (2, 6), (3, 3), (1, 3), (2, 6)))", "grad_norm": {"score": 63.22402572631836, "time": 1.8293495909892954}, "val_accuracy": 97.41087617973791}, {"idx": "172", "arch": "(((0, 2), (1, 3), (1, 4), (2, 3), (2, 4), (1, 5), (2, 0), (1, 4)), ((0, 1), (1, 3), (0, 5), (2, 4), (0, 4), (3, 4), (3, 0), (0, 2)))", "grad_norm": {"score": 106.7601318359375, "time": 2.1317287659912836}, "val_accuracy": 97.38014498794452}, {"idx": "173", "arch": "(((1, 6), (0, 3), (2, 4), (1, 1), (3, 0), (2, 4), (4, 3), (1, 0)), ((0, 1), (1, 3), (1, 6), (0, 1), (1, 5), (2, 2), (1, 0), (0, 1)))", "grad_norm": {"score": 115.20894622802734, "time": 1.9631780769850593}, "val_accuracy": 97.34173062540815}, {"idx": "174", "arch": "(((1, 6), (0, 6), (0, 0), (1, 4), (1, 0), (3, 0), (3, 4), (2, 1)), ((0, 2), (1, 0), (2, 5), (1, 5), (2, 4), (3, 1), (0, 5), (1, 2)))", "grad_norm": {"score": 64.59571075439453, "time": 1.8502802420116495}, "val_accuracy": 97.13813523830046}, {"idx": "175", "arch": "(((1, 3), (0, 5), (2, 3), (0, 4), (1, 3), (3, 1), (0, 2), (3, 4)), ((1, 6), (0, 4), (2, 6), (0, 1), (1, 3), (0, 1), (4, 4), (1, 1)))", "grad_norm": {"score": 83.07718658447266, "time": 1.9774251869821455}, "val_accuracy": 97.36862056945539}, {"idx": "176", "arch": "(((1, 3), (0, 6), (0, 5), (2, 4), (0, 5), (2, 4), (0, 0), (2, 1)), ((1, 0), (0, 1), (0, 3), (1, 2), (2, 1), (1, 2), (2, 2), (0, 6)))", "grad_norm": {"score": 50.974308013916016, "time": 2.169880577013828}, "val_accuracy": 97.23417079294835}, {"idx": "177", "arch": "(((0, 1), (1, 4), (1, 1), (2, 0), (1, 6), (2, 4), (0, 2), (2, 5)), ((1, 1), (0, 4), (0, 3), (2, 3), (2, 6), (3, 3), (2, 3), (4, 3)))", "grad_norm": {"score": 80.42237091064453, "time": 1.7643152520176955}, "val_accuracy": 97.24185359793056}, {"idx": "178", "arch": "(((0, 1), (1, 6), (1, 4), (2, 5), (3, 2), (2, 6), (3, 6), (1, 5)), ((0, 1), (1, 5), (1, 4), (0, 1), (1, 2), (0, 4), (1, 5), (2, 0)))", "grad_norm": {"score": 55.7247200012207, "time": 1.890465183998458}, "val_accuracy": 97.22648776288258}, {"idx": "179", "arch": "(((1, 6), (0, 1), (2, 2), (1, 4), (0, 2), (1, 0), (3, 3), (0, 3)), ((0, 3), (1, 6), (2, 2), (1, 1), (0, 1), (1, 4), (0, 4), (3, 3)))", "grad_norm": {"score": 53.90546417236328, "time": 1.7532450910075568}, "val_accuracy": 97.3378893213911}, {"idx": "180", "arch": "(((0, 2), (1, 2), (1, 4), (0, 2), (3, 1), (1, 0), (2, 5), (3, 2)), ((1, 3), (0, 2), (2, 5), (0, 2), (0, 3), (1, 0), (2, 3), (0, 5)))", "grad_norm": {"score": 47.54935836791992, "time": 1.3793551660201047}, "val_accuracy": 97.09203793010465}, {"idx": "181", "arch": "(((1, 0), (0, 5), (0, 3), (1, 2), (3, 1), (1, 0), (2, 6), (0, 4)), ((0, 3), (1, 3), (0, 1), (1, 3), (3, 0), (1, 2), (2, 5), (0, 6)))", "grad_norm": {"score": 65.95435333251953, "time": 1.6848299159901217}, "val_accuracy": 97.17270804360078}, {"idx": "182", "arch": "(((1, 6), (0, 5), (2, 3), (1, 0), (2, 0), (1, 3), (4, 3), (2, 2)), ((1, 3), (0, 3), (1, 1), (0, 4), (3, 3), (0, 0), (0, 6), (1, 3)))", "grad_norm": {"score": 78.55084228515625, "time": 1.80870179500198}, "val_accuracy": 97.29563345788956}, {"idx": "183", "arch": "(((0, 2), (1, 6), (1, 5), (0, 6), (3, 6), (1, 4), (0, 6), (3, 5)), ((1, 2), (0, 2), (0, 4), (1, 5), (1, 1), (3, 1), (1, 1), (0, 2)))", "grad_norm": {"score": 30.950092315673828, "time": 1.8354276000172831}, "val_accuracy": 97.2149635132061}, {"idx": "184", "arch": "(((1, 6), (0, 5), (0, 3), (2, 1), (3, 2), (0, 5), (4, 5), (0, 6)), ((0, 5), (1, 5), (2, 4), (1, 2), (1, 6), (2, 4), (2, 0), (4, 0)))", "grad_norm": {"score": 51.85185241699219, "time": 1.7129110490204766}, "val_accuracy": 97.05746515293977}, {"idx": "185", "arch": "(((0, 2), (1, 2), (0, 4), (1, 6), (1, 2), (2, 2), (1, 6), (3, 1)), ((0, 4), (1, 3), (0, 1), (2, 2), (2, 1), (3, 3), (0, 5), (4, 5)))", "grad_norm": {"score": 39.86119079589844, "time": 1.496540713997092}, "val_accuracy": 97.21880522987632}, {"idx": "186", "arch": "(((0, 5), (1, 1), (0, 2), (2, 5), (2, 1), (3, 6), (3, 6), (0, 6)), ((1, 5), (0, 5), (1, 4), (2, 4), (2, 6), (3, 2), (2, 4), (3, 0)))", "grad_norm": {"score": 47.440635681152344, "time": 1.7098409679892939}, "val_accuracy": 97.10740359633996}, {"idx": "187", "arch": "(((1, 5), (0, 5), (2, 0), (0, 2), (0, 0), (2, 1), (4, 5), (3, 0)), ((1, 4), (0, 6), (2, 5), (0, 2), (2, 3), (3, 0), (2, 1), (1, 6)))", "grad_norm": {"score": 50.40774917602539, "time": 1.5405071800050791}, "val_accuracy": 97.00752662513325}, {"idx": "188", "arch": "(((0, 4), (1, 4), (0, 2), (2, 1), (3, 6), (1, 3), (2, 6), (4, 3)), ((0, 2), (1, 5), (1, 4), (0, 2), (1, 1), (2, 6), (4, 3), (2, 4)))", "grad_norm": {"score": 86.67922973632812, "time": 2.0591618600010406}, "val_accuracy": 97.25721917975953}, {"idx": "189", "arch": "(((0, 1), (1, 6), (1, 0), (2, 6), (1, 3), (0, 2), (2, 6), (1, 1)), ((1, 2), (0, 4), (2, 5), (0, 0), (2, 4), (1, 5), (0, 3), (1, 2)))", "grad_norm": {"score": 48.03573989868164, "time": 1.7122878950031009}, "val_accuracy": 97.19191518266581}, {"idx": "190", "arch": "(((0, 0), (1, 0), (0, 4), (1, 6), (1, 2), (3, 4), (4, 1), (1, 5)), ((1, 3), (0, 5), (2, 5), (0, 6), (3, 6), (1, 3), (0, 2), (1, 1)))", "grad_norm": {"score": 64.8184585571289, "time": 1.7584000820061192}, "val_accuracy": 97.33020640386711}, {"idx": "191", "arch": "(((0, 4), (1, 1), (2, 4), (0, 1), (1, 0), (2, 6), (2, 3), (3, 4)), ((0, 6), (1, 3), (1, 6), (0, 0), (1, 4), (0, 0), (4, 4), (2, 5)))", "grad_norm": {"score": 79.39372253417969, "time": 2.121605880995048}, "val_accuracy": 97.34173065354359}, {"idx": "192", "arch": "(((1, 1), (0, 3), (1, 6), (2, 4), (3, 5), (1, 0), (1, 0), (0, 1)), ((1, 2), (0, 4), (1, 1), (0, 1), (3, 2), (2, 3), (3, 2), (0, 1)))", "grad_norm": {"score": 57.972328186035156, "time": 1.683717894979054}, "val_accuracy": 97.20343909471696}, {"idx": "193", "arch": "(((1, 4), (0, 3), (0, 0), (2, 3), (1, 4), (3, 1), (0, 2), (1, 4)), ((1, 5), (0, 3), (2, 3), (0, 1), (3, 4), (1, 1), (3, 0), (2, 4)))", "grad_norm": {"score": 97.04872131347656, "time": 1.9794593100086786}, "val_accuracy": 97.43776614254212}, {"idx": "194", "arch": "(((0, 5), (1, 4), (0, 4), (1, 0), (1, 1), (2, 5), (1, 5), (3, 6)), ((1, 3), (0, 5), (0, 5), (2, 2), (0, 1), (1, 0), (1, 4), (4, 1)))", "grad_norm": {"score": 55.31507110595703, "time": 1.8429395709827077}, "val_accuracy": 97.20343933855747}, {"idx": "195", "arch": "(((1, 5), (0, 6), (0, 5), (1, 4), (3, 3), (1, 4), (2, 1), (4, 6)), ((1, 0), (0, 1), (1, 4), (2, 3), (1, 4), (0, 6), (3, 2), (0, 4)))", "grad_norm": {"score": 86.27946472167969, "time": 2.163112663984066}, "val_accuracy": 97.35709622599408}, {"idx": "196", "arch": "(((1, 0), (0, 1), (2, 6), (1, 3), (2, 4), (3, 1), (1, 3), (4, 0)), ((0, 6), (1, 1), (1, 5), (0, 6), (2, 0), (0, 2), (1, 5), (0, 2)))", "grad_norm": {"score": 60.948265075683594, "time": 1.8552472350129392}, "val_accuracy": 97.14581778068519}, {"idx": "197", "arch": "(((0, 2), (1, 0), (1, 4), (2, 4), (0, 6), (2, 2), (0, 2), (1, 1)), ((1, 6), (0, 2), (1, 5), (0, 6), (2, 2), (1, 6), (4, 4), (1, 2)))", "grad_norm": {"score": 49.62541198730469, "time": 1.6353541550051887}, "val_accuracy": 97.22648807237246}, {"idx": "198", "arch": "(((0, 4), (1, 0), (0, 2), (1, 1), (3, 2), (0, 4), (3, 2), (0, 1)), ((0, 0), (1, 1), (1, 6), (0, 3), (2, 2), (1, 2), (1, 6), (3, 6)))", "grad_norm": {"score": 45.85672378540039, "time": 1.5219404269882943}, "val_accuracy": 96.94990526420908}]