[{"idx": "0", "arch": "(((0, 5), (1, 3), (1, 5), (2, 0), (1, 5), (2, 1), (0, 5), (4, 4)), ((0, 4), (1, 0), (0, 5), (2, 5), (0, 2), (3, 1), (2, 3), (4, 1)))", "nwot": {"score": 955.8034967612414, "time": 4.142790962010622}, "val_accuracy": 47.33}, {"idx": "1", "arch": "(((1, 5), (0, 4), (0, 2), (1, 3), (3, 0), (2, 5), (3, 3), (1, 5)), ((1, 3), (0, 1), (2, 5), (1, 1), (0, 1), (3, 0), (0, 4), (4, 6)))", "nwot": {"score": 959.3497506586621, "time": 3.3512178999953903}, "val_accuracy": 46.56}, {"idx": "2", "arch": "(((0, 3), (1, 6), (1, 3), (0, 5), (2, 3), (0, 0), (2, 1), (4, 1)), ((1, 4), (0, 1), (2, 5), (0, 0), (1, 2), (2, 4), (4, 4), (1, 2)))", "nwot": {"score": 959.0678641705726, "time": 3.6232083789946046}, "val_accuracy": 47.93}, {"idx": "3", "arch": "(((0, 3), (1, 5), (0, 1), (2, 3), (0, 3), (1, 6), (0, 2), (4, 3)), ((0, 2), (1, 5), (2, 3), (1, 6), (3, 6), (0, 4), (0, 0), (1, 6)))", "nwot": {"score": 969.2836260800144, "time": 3.211506569001358}, "val_accuracy": 47.25}, {"idx": "4", "arch": "(((1, 1), (0, 4), (0, 5), (2, 3), (1, 1), (3, 5), (2, 0), (0, 3)), ((0, 2), (1, 4), (1, 1), (0, 4), (2, 1), (1, 2), (3, 3), (1, 4)))", "nwot": {"score": 960.763677020578, "time": 2.613827435998246}, "val_accuracy": 46.87}, {"idx": "5", "arch": "(((1, 6), (0, 3), (0, 1), (2, 4), (0, 6), (1, 5), (0, 3), (3, 2)), ((1, 1), (0, 1), (1, 2), (2, 5), (0, 5), (3, 5), (0, 4), (1, 4)))", "nwot": {"score": 962.5300736481046, "time": 2.300228464999236}, "val_accuracy": 47.31}, {"idx": "6", "arch": "(((1, 6), (0, 2), (1, 5), (2, 1), (1, 2), (0, 1), (3, 2), (0, 3)), ((1, 1), (0, 3), (0, 6), (1, 1), (3, 6), (1, 0), (3, 4), (4, 6)))", "nwot": {"score": 940.716875066354, "time": 1.9491119279991835}, "val_accuracy": 46.51}, {"idx": "7", "arch": "(((0, 6), (1, 4), (0, 0), (1, 1), (3, 3), (2, 6), (2, 0), (3, 2)), ((0, 0), (1, 3), (2, 2), (1, 4), (2, 1), (0, 2), (3, 6), (4, 4)))", "nwot": {"score": 951.952020805088, "time": 2.4058301750046667}, "val_accuracy": 47.14}, {"idx": "8", "arch": "(((0, 4), (1, 1), (1, 6), (0, 1), (1, 1), (2, 6), (2, 0), (1, 6)), ((1, 6), (0, 0), (0, 3), (2, 2), (0, 6), (3, 6), (4, 0), (2, 2)))", "nwot": {"score": 945.9131895877716, "time": 2.310993170016445}, "val_accuracy": 45.09}, {"idx": "9", "arch": "(((0, 1), (1, 5), (0, 4), (2, 1), (3, 1), (1, 0), (3, 3), (0, 6)), ((0, 4), (1, 0), (1, 5), (0, 0), (2, 2), (1, 0), (0, 0), (3, 3)))", "nwot": {"score": 944.7505770257669, "time": 2.447229050012538}, "val_accuracy": 49.28}, {"idx": "10", "arch": "(((0, 5), (1, 6), (1, 3), (2, 5), (3, 3), (1, 5), (1, 6), (2, 3)), ((1, 6), (0, 0), (0, 2), (2, 0), (1, 1), (0, 4), (1, 0), (3, 2)))", "nwot": {"score": 965.7376513489392, "time": 2.507504881999921}, "val_accuracy": 46.88}, {"idx": "11", "arch": "(((0, 6), (1, 1), (0, 0), (2, 5), (2, 5), (1, 4), (2, 2), (0, 4)), ((0, 5), (1, 0), (1, 6), (0, 4), (1, 6), (0, 4), (1, 2), (2, 6)))", "nwot": {"score": 959.9478577266781, "time": 2.4398355380108114}, "val_accuracy": 44.83}, {"idx": "12", "arch": "(((1, 1), (0, 2), (1, 0), (0, 5), (2, 3), (3, 2), (4, 6), (2, 3)), ((0, 5), (1, 3), (2, 6), (1, 5), (2, 2), (3, 5), (0, 6), (3, 4)))", "nwot": {"score": 953.5911209841856, "time": 2.2196610840037465}, "val_accuracy": 46.05}, {"idx": "13", "arch": "(((1, 5), (0, 5), (0, 2), (1, 5), (1, 1), (0, 1), (4, 4), (0, 0)), ((1, 5), (0, 5), (0, 3), (2, 1), (1, 5), (2, 5), (2, 6), (1, 6)))", "nwot": {"score": 948.9603392740971, "time": 2.2445101140183397}, "val_accuracy": 45.68}, {"idx": "14", "arch": "(((0, 0), (1, 5), (0, 4), (1, 3), (2, 5), (1, 0), (4, 4), (3, 5)), ((1, 4), (0, 5), (0, 3), (2, 5), (0, 6), (2, 2), (3, 4), (4, 5)))", "nwot": {"score": 964.9211320186719, "time": 2.7087904259969946}, "val_accuracy": 44.56}, {"idx": "15", "arch": "(((0, 5), (1, 4), (2, 6), (1, 1), (1, 1), (0, 0), (4, 1), (1, 2)), ((1, 0), (0, 2), (0, 3), (1, 6), (0, 4), (3, 2), (2, 4), (0, 5)))", "nwot": {"score": 949.610303268604, "time": 2.387245891994098}, "val_accuracy": 46.21}, {"idx": "16", "arch": "(((0, 6), (1, 4), (0, 4), (2, 4), (1, 3), (3, 1), (0, 0), (2, 2)), ((1, 1), (0, 2), (1, 4), (0, 6), (0, 6), (2, 6), (3, 2), (0, 1)))", "nwot": {"score": 963.2822308542407, "time": 2.6638752320141066}, "val_accuracy": 43.98}, {"idx": "17", "arch": "(((0, 3), (1, 2), (0, 2), (2, 3), (1, 0), (2, 1), (0, 2), (3, 5)), ((1, 2), (0, 0), (2, 2), (1, 1), (0, 2), (3, 3), (4, 6), (0, 0)))", "nwot": {"score": 941.2910429685076, "time": 2.2861896559770685}, "val_accuracy": 48.31}, {"idx": "18", "arch": "(((1, 6), (0, 5), (2, 6), (0, 1), (3, 1), (1, 6), (4, 4), (0, 0)), ((1, 6), (0, 2), (2, 3), (0, 2), (0, 1), (3, 0), (4, 0), (1, 4)))", "nwot": {"score": 953.9029429042201, "time": 2.6901081039977726}, "val_accuracy": 47.33}, {"idx": "19", "arch": "(((0, 3), (1, 3), (1, 5), (2, 1), (3, 4), (0, 6), (2, 1), (0, 2)), ((1, 3), (0, 6), (2, 2), (0, 0), (2, 0), (3, 1), (4, 6), (2, 5)))", "nwot": {"score": 953.9953120132802, "time": 2.502193650987465}, "val_accuracy": 46.98}, {"idx": "20", "arch": "(((1, 5), (0, 3), (0, 0), (2, 1), (2, 6), (0, 0), (3, 2), (1, 6)), ((1, 4), (0, 5), (2, 1), (0, 0), (1, 1), (3, 3), (1, 2), (4, 3)))", "nwot": {"score": 947.422414559498, "time": 3.568177826004103}, "val_accuracy": 48.49}, {"idx": "21", "arch": "(((1, 5), (0, 2), (1, 1), (2, 1), (1, 6), (3, 6), (4, 2), (1, 6)), ((0, 1), (1, 0), (2, 6), (1, 1), (0, 4), (3, 6), (3, 4), (1, 1)))", "nwot": {"score": 938.0608706564752, "time": 2.4769411419983953}, "val_accuracy": 42.3}, {"idx": "22", "arch": "(((0, 4), (1, 5), (2, 1), (1, 3), (1, 0), (0, 4), (2, 5), (4, 0)), ((0, 0), (1, 3), (1, 5), (0, 2), (0, 2), (2, 1), (3, 1), (1, 4)))", "nwot": {"score": 961.1699640648544, "time": 3.6085790780198295}, "val_accuracy": 46.85}, {"idx": "23", "arch": "(((1, 3), (0, 6), (2, 5), (0, 5), (1, 5), (0, 1), (1, 4), (0, 0)), ((0, 3), (1, 4), (2, 3), (0, 4), (3, 6), (2, 0), (1, 4), (4, 1)))", "nwot": {"score": 960.961847840215, "time": 3.0209671950142365}, "val_accuracy": 45.43}, {"idx": "24", "arch": "(((0, 5), (1, 3), (2, 3), (0, 5), (3, 6), (0, 1), (0, 4), (2, 5)), ((0, 4), (1, 0), (2, 0), (0, 0), (1, 2), (2, 4), (4, 6), (3, 2)))", "nwot": {"score": 960.4886312078364, "time": 2.951198739989195}, "val_accuracy": 46.93}, {"idx": "25", "arch": "(((0, 3), (1, 3), (0, 3), (1, 3), (1, 5), (0, 1), (2, 5), (0, 2)), ((1, 6), (0, 5), (2, 4), (1, 0), (3, 2), (2, 3), (1, 1), (4, 3)))", "nwot": {"score": 960.4789572034101, "time": 3.119293210998876}, "val_accuracy": 46.44}, {"idx": "26", "arch": "(((0, 1), (1, 4), (2, 6), (0, 2), (0, 6), (2, 6), (3, 4), (1, 4)), ((0, 5), (1, 3), (0, 5), (1, 4), (3, 1), (0, 3), (4, 6), (2, 0)))", "nwot": {"score": 967.2949602316921, "time": 2.6157807129784487}, "val_accuracy": 44.41}, {"idx": "27", "arch": "(((1, 6), (0, 3), (1, 4), (0, 4), (3, 4), (2, 3), (2, 1), (0, 3)), ((0, 4), (1, 6), (1, 6), (0, 1), (0, 2), (2, 5), (1, 4), (2, 0)))", "nwot": {"score": 976.6510070580902, "time": 3.4783587559941225}, "val_accuracy": 46.31}, {"idx": "28", "arch": "(((1, 5), (0, 4), (1, 4), (2, 2), (0, 2), (1, 5), (4, 3), (3, 3)), ((0, 1), (1, 5), (2, 5), (1, 5), (1, 3), (2, 3), (1, 6), (0, 2)))", "nwot": {"score": 969.923181028275, "time": 2.8456736159860156}, "val_accuracy": 42.48}, {"idx": "29", "arch": "(((1, 3), (0, 6), (2, 5), (1, 2), (1, 6), (0, 0), (0, 0), (2, 6)), ((0, 4), (1, 5), (0, 0), (1, 2), (2, 5), (0, 0), (3, 6), (2, 1)))", "nwot": {"score": 950.26134286332, "time": 2.6010063879948575}, "val_accuracy": 45.95}, {"idx": "30", "arch": "(((1, 0), (0, 0), (1, 6), (2, 1), (3, 1), (0, 3), (1, 3), (3, 5)), ((0, 1), (1, 2), (1, 0), (2, 5), (0, 4), (3, 2), (1, 1), (4, 0)))", "nwot": {"score": 945.0859151882673, "time": 2.889720776001923}, "val_accuracy": 48.21}, {"idx": "31", "arch": "(((0, 1), (1, 4), (2, 1), (0, 0), (0, 1), (3, 4), (2, 2), (4, 4)), ((0, 5), (1, 3), (2, 3), (0, 0), (1, 5), (0, 2), (1, 1), (2, 2)))", "nwot": {"score": 950.8454705787339, "time": 2.7438222320051864}, "val_accuracy": 48.07}, {"idx": "32", "arch": "(((0, 3), (1, 2), (1, 6), (0, 2), (0, 4), (2, 1), (1, 1), (2, 1)), ((0, 3), (1, 3), (0, 6), (2, 0), (1, 3), (2, 3), (3, 6), (2, 1)))", "nwot": {"score": 948.7287301447383, "time": 2.4877738099894486}, "val_accuracy": 46.93}, {"idx": "33", "arch": "(((1, 6), (0, 0), (1, 3), (0, 0), (0, 1), (3, 3), (3, 1), (0, 4)), ((0, 0), (1, 3), (0, 5), (1, 1), (2, 4), (0, 0), (4, 2), (2, 0)))", "nwot": {"score": 947.3861876241069, "time": 2.942262116004713}, "val_accuracy": 49.88}, {"idx": "34", "arch": "(((1, 1), (0, 6), (2, 6), (0, 4), (0, 0), (1, 2), (3, 6), (2, 1)), ((0, 6), (1, 1), (0, 4), (2, 4), (0, 2), (3, 3), (3, 6), (1, 5)))", "nwot": {"score": 953.8541633174124, "time": 2.575003290985478}, "val_accuracy": 44.04}, {"idx": "35", "arch": "(((1, 2), (0, 2), (1, 0), (2, 0), (3, 6), (1, 2), (4, 5), (3, 2)), ((0, 1), (1, 6), (2, 4), (1, 3), (0, 3), (3, 5), (2, 6), (4, 5)))", "nwot": {"score": 939.029597703967, "time": 2.201835822983412}, "val_accuracy": 43.17}, {"idx": "36", "arch": "(((1, 5), (0, 4), (0, 2), (2, 1), (0, 6), (2, 3), (2, 5), (3, 3)), ((0, 3), (1, 5), (0, 2), (2, 5), (0, 4), (3, 4), (4, 1), (1, 1)))", "nwot": {"score": 963.9438468891707, "time": 2.811816931993235}, "val_accuracy": 44.68}, {"idx": "37", "arch": "(((0, 5), (1, 2), (1, 2), (0, 4), (3, 6), (0, 6), (0, 3), (1, 3)), ((1, 6), (0, 0), (2, 1), (1, 5), (1, 6), (2, 1), (2, 5), (4, 1)))", "nwot": {"score": 956.2795349190104, "time": 2.3775543549854774}, "val_accuracy": 47.76}, {"idx": "38", "arch": "(((0, 6), (1, 5), (2, 5), (1, 6), (3, 0), (1, 1), (1, 6), (2, 2)), ((1, 0), (0, 5), (0, 6), (2, 1), (1, 1), (0, 2), (1, 0), (0, 3)))", "nwot": {"score": 949.2914562897462, "time": 2.4339222709822934}, "val_accuracy": 43.84}, {"idx": "39", "arch": "(((0, 1), (1, 0), (1, 2), (0, 5), (3, 4), (2, 5), (1, 6), (4, 2)), ((0, 2), (1, 2), (1, 0), (2, 4), (0, 0), (3, 3), (3, 5), (2, 5)))", "nwot": {"score": 947.8917240537214, "time": 2.3946752169867977}, "val_accuracy": 44.49}, {"idx": "40", "arch": "(((0, 3), (1, 4), (2, 6), (0, 3), (3, 5), (0, 1), (2, 3), (1, 2)), ((1, 4), (0, 3), (2, 3), (0, 6), (0, 2), (2, 1), (4, 0), (0, 4)))", "nwot": {"score": 970.5430604184673, "time": 2.8932866459945217}, "val_accuracy": 47.21}, {"idx": "41", "arch": "(((1, 0), (0, 3), (2, 2), (0, 3), (1, 4), (2, 0), (0, 1), (2, 4)), ((0, 6), (1, 2), (0, 1), (2, 0), (3, 6), (1, 2), (0, 3), (1, 6)))", "nwot": {"score": 959.9219414484347, "time": 2.6561629320203792}, "val_accuracy": 47.46}, {"idx": "42", "arch": "(((1, 0), (0, 5), (0, 0), (2, 4), (2, 1), (1, 5), (4, 4), (3, 5)), ((1, 6), (0, 1), (0, 0), (1, 4), (2, 6), (0, 1), (2, 4), (0, 5)))", "nwot": {"score": 954.6082621369459, "time": 2.554915112006711}, "val_accuracy": 45.63}, {"idx": "43", "arch": "(((1, 4), (0, 4), (2, 1), (1, 2), (1, 4), (2, 2), (3, 0), (4, 5)), ((0, 4), (1, 4), (0, 6), (2, 2), (3, 1), (0, 0), (3, 4), (4, 6)))", "nwot": {"score": 958.2046652628788, "time": 2.3558124720002525}, "val_accuracy": 44.95}, {"idx": "44", "arch": "(((1, 2), (0, 4), (2, 0), (1, 4), (3, 3), (1, 5), (2, 5), (0, 0)), ((1, 2), (0, 4), (2, 6), (1, 4), (3, 1), (1, 1), (0, 2), (1, 4)))", "nwot": {"score": 964.0490653940093, "time": 2.7217958600085694}, "val_accuracy": 45.65}, {"idx": "45", "arch": "(((0, 3), (1, 3), (0, 6), (1, 2), (1, 3), (2, 4), (3, 6), (1, 0)), ((1, 3), (0, 4), (0, 6), (2, 4), (3, 6), (2, 5), (4, 4), (1, 5)))", "nwot": {"score": 970.9473449805296, "time": 2.75213908898877}, "val_accuracy": 46.02}, {"idx": "46", "arch": "(((0, 2), (1, 3), (0, 4), (1, 3), (1, 1), (3, 3), (3, 4), (0, 6)), ((0, 0), (1, 1), (2, 4), (0, 3), (0, 5), (2, 4), (4, 1), (1, 1)))", "nwot": {"score": 965.5953505364745, "time": 2.761493401019834}, "val_accuracy": 47.96}, {"idx": "47", "arch": "(((1, 5), (0, 6), (1, 4), (0, 2), (2, 2), (1, 6), (2, 1), (0, 4)), ((0, 5), (1, 2), (0, 2), (2, 0), (0, 2), (2, 4), (4, 5), (2, 5)))", "nwot": {"score": 955.4488273858741, "time": 2.2453965629974846}, "val_accuracy": 42.58}, {"idx": "48", "arch": "(((1, 2), (0, 2), (1, 4), (2, 4), (3, 2), (0, 6), (0, 3), (2, 6)), ((0, 2), (1, 2), (2, 6), (1, 0), (1, 2), (3, 4), (1, 4), (3, 3)))", "nwot": {"score": 961.1046074070873, "time": 2.2591683520004153}, "val_accuracy": 44.79}, {"idx": "49", "arch": "(((1, 0), (0, 0), (2, 2), (1, 6), (1, 5), (0, 3), (1, 0), (2, 0)), ((1, 3), (0, 1), (0, 2), (1, 1), (1, 1), (2, 5), (2, 4), (0, 4)))", "nwot": {"score": 942.5667483704749, "time": 2.5202544369967654}, "val_accuracy": 46.19}, {"idx": "50", "arch": "(((1, 5), (0, 6), (2, 2), (1, 2), (3, 1), (0, 2), (0, 6), (1, 5)), ((1, 1), (0, 0), (0, 5), (1, 0), (0, 2), (3, 3), (2, 0), (0, 1)))", "nwot": {"score": 937.4966323964002, "time": 1.8969468849827535}, "val_accuracy": 45.24}, {"idx": "51", "arch": "(((0, 0), (1, 5), (0, 3), (2, 0), (1, 4), (3, 4), (1, 1), (3, 2)), ((1, 0), (0, 6), (1, 2), (0, 1), (1, 5), (0, 3), (4, 4), (0, 3)))", "nwot": {"score": 957.840020424893, "time": 2.5321770520240534}, "val_accuracy": 46.75}, {"idx": "52", "arch": "(((0, 4), (1, 0), (1, 3), (0, 6), (3, 3), (1, 1), (2, 2), (1, 6)), ((0, 2), (1, 2), (0, 5), (1, 3), (1, 5), (3, 4), (0, 6), (4, 0)))", "nwot": {"score": 965.8927367757472, "time": 2.4804729140014388}, "val_accuracy": 44.35}, {"idx": "53", "arch": "(((1, 0), (0, 2), (1, 3), (2, 0), (1, 1), (3, 3), (4, 3), (1, 0)), ((0, 1), (1, 0), (1, 3), (0, 2), (0, 4), (3, 3), (2, 3), (1, 0)))", "nwot": {"score": 951.6374446665229, "time": 2.628580620017601}, "val_accuracy": 48.14}, {"idx": "54", "arch": "(((1, 3), (0, 1), (1, 4), (0, 2), (1, 4), (0, 1), (0, 0), (4, 6)), ((1, 3), (0, 6), (0, 1), (2, 5), (2, 2), (1, 4), (3, 3), (1, 2)))", "nwot": {"score": 957.2690003864892, "time": 2.392085113999201}, "val_accuracy": 47.8}, {"idx": "55", "arch": "(((0, 1), (1, 6), (0, 6), (2, 1), (0, 0), (3, 6), (4, 2), (2, 6)), ((0, 3), (1, 5), (1, 5), (2, 3), (1, 1), (2, 2), (1, 0), (0, 2)))", "nwot": {"score": 945.4496780467613, "time": 2.249470803013537}, "val_accuracy": 46.33}, {"idx": "56", "arch": "(((0, 3), (1, 0), (2, 6), (1, 2), (2, 2), (1, 1), (2, 6), (4, 4)), ((0, 4), (1, 6), (2, 4), (1, 2), (1, 6), (0, 3), (2, 5), (1, 5)))", "nwot": {"score": 959.6081395495637, "time": 2.3601672670047265}, "val_accuracy": 44.16}, {"idx": "57", "arch": "(((1, 6), (0, 5), (2, 3), (1, 6), (2, 6), (0, 2), (2, 5), (0, 1)), ((0, 3), (1, 4), (0, 3), (1, 2), (1, 4), (3, 2), (0, 1), (4, 3)))", "nwot": {"score": 964.5892393230598, "time": 2.263984788005473}, "val_accuracy": 42.81}, {"idx": "58", "arch": "(((1, 2), (0, 1), (0, 2), (2, 0), (2, 2), (3, 1), (4, 3), (0, 2)), ((0, 3), (1, 4), (0, 6), (2, 1), (1, 4), (3, 6), (0, 5), (4, 5)))", "nwot": {"score": 938.0518846403086, "time": 2.110769438004354}, "val_accuracy": 46.51}, {"idx": "59", "arch": "(((1, 6), (0, 3), (0, 1), (1, 4), (3, 1), (1, 5), (0, 0), (2, 2)), ((1, 5), (0, 0), (2, 2), (0, 3), (1, 1), (3, 0), (2, 2), (0, 6)))", "nwot": {"score": 945.5105008339087, "time": 2.3298752210102975}, "val_accuracy": 47.45}, {"idx": "60", "arch": "(((1, 3), (0, 6), (2, 4), (1, 5), (0, 0), (1, 3), (3, 6), (4, 6)), ((1, 0), (0, 2), (0, 6), (1, 5), (0, 4), (3, 0), (4, 6), (2, 6)))", "nwot": {"score": 968.069160415268, "time": 2.7314146620046813}, "val_accuracy": 45.4}, {"idx": "61", "arch": "(((1, 5), (0, 5), (2, 0), (1, 1), (0, 2), (3, 2), (0, 3), (3, 3)), ((0, 3), (1, 4), (2, 5), (1, 2), (1, 3), (0, 2), (4, 0), (1, 2)))", "nwot": {"score": 957.6470239268739, "time": 2.4294623960158788}, "val_accuracy": 45.91}, {"idx": "62", "arch": "(((0, 2), (1, 1), (2, 6), (0, 6), (1, 2), (2, 2), (0, 2), (3, 0)), ((1, 2), (0, 6), (0, 2), (2, 4), (2, 3), (1, 3), (3, 6), (4, 0)))", "nwot": {"score": 939.1633295615911, "time": 2.0406538330134936}, "val_accuracy": 43.15}, {"idx": "63", "arch": "(((1, 1), (0, 3), (1, 2), (2, 1), (0, 5), (3, 5), (4, 1), (0, 0)), ((1, 5), (0, 3), (0, 1), (1, 4), (0, 4), (2, 3), (2, 2), (1, 3)))", "nwot": {"score": 946.0984558838701, "time": 2.3360358309873845}, "val_accuracy": 46.46}, {"idx": "64", "arch": "(((0, 1), (1, 5), (1, 6), (0, 4), (2, 5), (1, 2), (0, 1), (1, 3)), ((0, 5), (1, 5), (2, 0), (0, 0), (0, 2), (1, 1), (1, 1), (0, 5)))", "nwot": {"score": 950.640032524499, "time": 2.253650608996395}, "val_accuracy": 45.75}, {"idx": "65", "arch": "(((0, 1), (1, 3), (2, 3), (1, 2), (1, 3), (3, 4), (2, 6), (4, 6)), ((0, 1), (1, 5), (2, 5), (0, 5), (1, 1), (3, 2), (0, 0), (3, 3)))", "nwot": {"score": 963.805149489649, "time": 2.3985162590106484}, "val_accuracy": 48.54}, {"idx": "66", "arch": "(((1, 2), (0, 0), (1, 4), (2, 2), (0, 6), (2, 6), (1, 1), (3, 1)), ((0, 0), (1, 0), (2, 4), (0, 0), (3, 2), (1, 4), (1, 5), (3, 1)))", "nwot": {"score": 938.2908774495636, "time": 2.1587791909987573}, "val_accuracy": 46.19}, {"idx": "67", "arch": "(((1, 0), (0, 5), (1, 4), (2, 0), (1, 5), (0, 0), (0, 4), (2, 5)), ((1, 5), (0, 4), (2, 4), (1, 0), (2, 0), (0, 6), (1, 6), (2, 1)))", "nwot": {"score": 954.969539935947, "time": 2.5746433560270816}, "val_accuracy": 46.38}, {"idx": "68", "arch": "(((0, 1), (1, 6), (1, 2), (0, 4), (1, 2), (2, 0), (0, 3), (4, 2)), ((0, 5), (1, 6), (2, 2), (0, 5), (2, 1), (3, 4), (4, 2), (3, 6)))", "nwot": {"score": 948.1502019273993, "time": 2.0897006019949913}, "val_accuracy": 46.06}, {"idx": "69", "arch": "(((0, 2), (1, 0), (0, 2), (1, 5), (2, 5), (0, 1), (2, 2), (3, 0)), ((0, 1), (1, 1), (0, 1), (2, 4), (0, 0), (1, 3), (2, 6), (3, 0)))", "nwot": {"score": 924.8430212404411, "time": 2.016438631020719}, "val_accuracy": 46.87}, {"idx": "70", "arch": "(((0, 4), (1, 0), (0, 1), (1, 3), (2, 2), (1, 5), (2, 2), (4, 4)), ((1, 4), (0, 4), (0, 1), (2, 4), (1, 0), (3, 1), (1, 1), (4, 0)))", "nwot": {"score": 951.3109540676913, "time": 2.417828511010157}, "val_accuracy": 48.05}, {"idx": "71", "arch": "(((0, 4), (1, 4), (2, 2), (0, 5), (1, 5), (0, 3), (1, 2), (2, 6)), ((0, 3), (1, 2), (0, 3), (2, 2), (1, 3), (3, 6), (3, 0), (4, 3)))", "nwot": {"score": 965.9770520226449, "time": 2.2772587449871935}, "val_accuracy": 44.48}, {"idx": "72", "arch": "(((0, 5), (1, 6), (1, 1), (0, 5), (3, 4), (2, 5), (4, 0), (2, 5)), ((1, 0), (0, 6), (2, 0), (1, 5), (1, 2), (0, 5), (3, 1), (0, 3)))", "nwot": {"score": 957.632732161361, "time": 2.387916214996949}, "val_accuracy": 45.79}, {"idx": "73", "arch": "(((0, 4), (1, 4), (2, 4), (0, 3), (3, 4), (1, 1), (0, 0), (3, 6)), ((0, 6), (1, 3), (2, 3), (0, 5), (2, 1), (0, 5), (0, 1), (1, 4)))", "nwot": {"score": 973.8150263470258, "time": 2.9953373090247624}, "val_accuracy": 47.0}, {"idx": "74", "arch": "(((0, 2), (1, 0), (2, 4), (0, 3), (1, 3), (0, 6), (4, 5), (3, 1)), ((0, 5), (1, 4), (0, 5), (2, 2), (2, 3), (1, 3), (1, 1), (0, 1)))", "nwot": {"score": 960.0667639252526, "time": 2.3961600679904222}, "val_accuracy": 46.44}, {"idx": "75", "arch": "(((0, 6), (1, 6), (1, 0), (2, 0), (0, 4), (1, 6), (4, 4), (2, 0)), ((1, 6), (0, 6), (1, 6), (2, 1), (3, 0), (2, 3), (0, 0), (4, 0)))", "nwot": {"score": 953.5818411680398, "time": 2.6697350969770923}, "val_accuracy": 44.62}, {"idx": "76", "arch": "(((1, 3), (0, 2), (0, 1), (2, 1), (0, 4), (2, 1), (4, 4), (1, 1)), ((1, 1), (0, 6), (2, 1), (0, 4), (0, 2), (2, 6), (1, 6), (3, 0)))", "nwot": {"score": 948.6472557711228, "time": 2.3339351010217797}, "val_accuracy": 46.03}, {"idx": "77", "arch": "(((1, 1), (0, 0), (0, 4), (1, 5), (1, 3), (0, 5), (4, 3), (0, 3)), ((1, 0), (0, 1), (0, 5), (2, 2), (2, 6), (1, 4), (1, 1), (3, 1)))", "nwot": {"score": 957.5893624273068, "time": 2.516179475001991}, "val_accuracy": 47.38}, {"idx": "78", "arch": "(((0, 4), (1, 6), (1, 3), (0, 5), (1, 2), (3, 0), (2, 5), (4, 3)), ((1, 6), (0, 6), (2, 0), (0, 0), (3, 1), (2, 6), (4, 4), (0, 6)))", "nwot": {"score": 960.1598987987917, "time": 2.363858679018449}, "val_accuracy": 46.69}, {"idx": "79", "arch": "(((1, 4), (0, 0), (1, 3), (0, 1), (0, 0), (2, 3), (2, 2), (3, 3)), ((1, 1), (0, 5), (0, 3), (1, 3), (0, 2), (1, 3), (1, 5), (2, 4)))", "nwot": {"score": 965.1017145135187, "time": 2.8080844610230997}, "val_accuracy": 45.82}, {"idx": "80", "arch": "(((0, 1), (1, 3), (2, 3), (1, 4), (1, 4), (2, 6), (1, 3), (2, 0)), ((0, 4), (1, 6), (1, 6), (2, 4), (1, 3), (0, 2), (0, 5), (1, 4)))", "nwot": {"score": 976.5873852148762, "time": 2.9518977389961947}, "val_accuracy": 46.96}, {"idx": "81", "arch": "(((0, 3), (1, 4), (0, 0), (2, 3), (0, 3), (2, 2), (2, 3), (3, 2)), ((1, 1), (0, 1), (2, 0), (1, 0), (2, 3), (0, 4), (4, 6), (0, 6)))", "nwot": {"score": 961.1041157225961, "time": 2.526258305006195}, "val_accuracy": 47.33}, {"idx": "82", "arch": "(((1, 4), (0, 4), (2, 0), (1, 1), (0, 6), (1, 4), (3, 6), (2, 1)), ((0, 3), (1, 5), (1, 5), (0, 4), (0, 5), (2, 6), (2, 1), (3, 6)))", "nwot": {"score": 963.8553079641873, "time": 2.5031736769888084}, "val_accuracy": 46.99}, {"idx": "83", "arch": "(((0, 5), (1, 1), (0, 0), (2, 1), (3, 0), (1, 4), (4, 4), (1, 0)), ((0, 6), (1, 2), (0, 1), (1, 2), (3, 5), (1, 2), (0, 2), (1, 3)))", "nwot": {"score": 954.3970047065416, "time": 2.632853023998905}, "val_accuracy": 48.77}, {"idx": "84", "arch": "(((0, 3), (1, 1), (2, 3), (1, 4), (0, 1), (1, 3), (1, 1), (2, 4)), ((1, 5), (0, 4), (0, 5), (1, 0), (3, 0), (0, 3), (0, 5), (4, 1)))", "nwot": {"score": 966.0961768175802, "time": 2.830951580981491}, "val_accuracy": 50.45}, {"idx": "85", "arch": "(((1, 3), (0, 0), (0, 0), (1, 1), (0, 6), (1, 2), (1, 5), (0, 3)), ((0, 0), (1, 0), (0, 5), (1, 1), (1, 1), (0, 4), (4, 4), (1, 5)))", "nwot": {"score": 946.6606948562719, "time": 2.3679258060001303}, "val_accuracy": 48.18}, {"idx": "86", "arch": "(((1, 4), (0, 2), (0, 2), (2, 2), (0, 1), (1, 0), (1, 5), (0, 4)), ((0, 0), (1, 6), (2, 0), (0, 5), (3, 6), (0, 2), (2, 4), (4, 2)))", "nwot": {"score": 944.0020230678335, "time": 2.152008702978492}, "val_accuracy": 46.66}, {"idx": "87", "arch": "(((1, 6), (0, 1), (2, 6), (0, 2), (3, 1), (1, 5), (3, 5), (1, 5)), ((1, 1), (0, 1), (0, 2), (2, 5), (3, 0), (0, 3), (3, 4), (4, 5)))", "nwot": {"score": 947.3316080726112, "time": 2.0283914920000825}, "val_accuracy": 44.61}, {"idx": "88", "arch": "(((1, 1), (0, 3), (2, 4), (1, 5), (1, 2), (3, 6), (4, 4), (3, 2)), ((0, 3), (1, 1), (2, 4), (1, 3), (0, 5), (2, 1), (2, 5), (4, 0)))", "nwot": {"score": 962.2130754544556, "time": 2.2345335359859746}, "val_accuracy": 46.99}, {"idx": "89", "arch": "(((1, 4), (0, 2), (0, 1), (1, 2), (0, 2), (3, 5), (4, 1), (1, 1)), ((0, 6), (1, 4), (2, 6), (0, 5), (3, 4), (1, 4), (2, 2), (3, 4)))", "nwot": {"score": 944.8615926325069, "time": 2.0069890989980195}, "val_accuracy": 43.57}, {"idx": "90", "arch": "(((0, 2), (1, 3), (0, 4), (1, 2), (1, 0), (2, 4), (0, 6), (3, 0)), ((0, 6), (1, 2), (2, 0), (0, 1), (0, 3), (2, 6), (4, 6), (2, 5)))", "nwot": {"score": 954.4471338025761, "time": 2.363946108991513}, "val_accuracy": 45.97}, {"idx": "91", "arch": "(((1, 5), (0, 5), (2, 6), (1, 4), (3, 3), (2, 6), (0, 1), (3, 0)), ((0, 2), (1, 3), (1, 3), (0, 3), (1, 5), (0, 2), (2, 6), (4, 2)))", "nwot": {"score": 968.460506043987, "time": 2.4694410960073583}, "val_accuracy": 44.51}, {"idx": "92", "arch": "(((1, 1), (0, 0), (1, 3), (0, 4), (3, 4), (0, 5), (3, 6), (2, 4)), ((1, 4), (0, 0), (0, 2), (1, 1), (1, 5), (3, 1), (1, 3), (0, 4)))", "nwot": {"score": 967.8363947567365, "time": 2.8256336489866953}, "val_accuracy": 48.11}, {"idx": "93", "arch": "(((0, 0), (1, 3), (0, 0), (1, 0), (3, 5), (0, 0), (3, 2), (0, 1)), ((0, 5), (1, 5), (2, 0), (1, 6), (1, 1), (2, 3), (0, 2), (2, 2)))", "nwot": {"score": 937.159843807979, "time": 2.4371419649978634}, "val_accuracy": 44.72}, {"idx": "94", "arch": "(((1, 5), (0, 2), (0, 0), (1, 1), (0, 4), (1, 1), (4, 5), (1, 5)), ((1, 3), (0, 4), (2, 1), (0, 2), (2, 2), (1, 4), (1, 6), (3, 4)))", "nwot": {"score": 952.4616619612387, "time": 2.2863124900031835}, "val_accuracy": 44.88}, {"idx": "95", "arch": "(((1, 1), (0, 2), (1, 4), (0, 3), (3, 5), (0, 1), (0, 6), (2, 5)), ((0, 2), (1, 1), (2, 5), (0, 3), (2, 0), (3, 5), (3, 4), (1, 3)))", "nwot": {"score": 955.3225026633456, "time": 2.256349308998324}, "val_accuracy": 47.14}, {"idx": "96", "arch": "(((1, 6), (0, 2), (2, 3), (0, 1), (1, 4), (0, 3), (2, 5), (0, 1)), ((1, 6), (0, 2), (2, 6), (0, 2), (2, 1), (1, 5), (0, 0), (2, 3)))", "nwot": {"score": 960.4083366317309, "time": 2.306458433973603}, "val_accuracy": 46.59}, {"idx": "97", "arch": "(((1, 2), (0, 1), (1, 1), (2, 0), (1, 1), (2, 1), (1, 2), (0, 6)), ((1, 6), (0, 3), (0, 1), (1, 4), (0, 2), (2, 2), (0, 5), (3, 1)))", "nwot": {"score": 932.4904186573528, "time": 2.1032681399956346}, "val_accuracy": 46.57}, {"idx": "98", "arch": "(((1, 5), (0, 1), (0, 0), (2, 0), (1, 0), (0, 0), (1, 1), (3, 0)), ((1, 1), (0, 3), (2, 4), (1, 0), (3, 6), (2, 3), (0, 1), (2, 5)))", "nwot": {"score": 924.0598633623883, "time": 2.4947469170147087}, "val_accuracy": 47.41}, {"idx": "99", "arch": "(((0, 1), (1, 2), (0, 3), (1, 5), (1, 0), (0, 5), (3, 6), (0, 2)), ((0, 6), (1, 5), (1, 2), (2, 6), (3, 0), (2, 1), (3, 6), (4, 5)))", "nwot": {"score": 945.498872696469, "time": 2.100375044014072}, "val_accuracy": 46.26}, {"idx": "100", "arch": "(((0, 0), (1, 6), (2, 4), (1, 1), (0, 1), (2, 6), (1, 5), (2, 2)), ((1, 6), (0, 2), (2, 4), (1, 1), (3, 6), (2, 5), (0, 2), (1, 2)))", "nwot": {"score": 949.6272281597427, "time": 2.2390609699941706}, "val_accuracy": 44.87}, {"idx": "101", "arch": "(((1, 4), (0, 2), (1, 4), (2, 4), (3, 3), (2, 5), (4, 1), (0, 5)), ((1, 3), (0, 1), (2, 6), (0, 5), (3, 0), (2, 6), (4, 1), (0, 3)))", "nwot": {"score": 967.0058350478324, "time": 2.483849562006071}, "val_accuracy": 43.34}, {"idx": "102", "arch": "(((0, 5), (1, 3), (1, 2), (2, 2), (0, 2), (2, 2), (0, 2), (4, 4)), ((1, 4), (0, 6), (0, 1), (2, 1), (2, 0), (0, 3), (2, 3), (0, 4)))", "nwot": {"score": 950.442112069882, "time": 1.9268377120024525}, "val_accuracy": 45.06}, {"idx": "103", "arch": "(((0, 4), (1, 0), (1, 0), (2, 3), (1, 0), (0, 4), (4, 4), (1, 6)), ((1, 4), (0, 2), (1, 1), (2, 2), (0, 2), (3, 3), (4, 4), (2, 5)))", "nwot": {"score": 961.9301415136308, "time": 2.9230018079979345}, "val_accuracy": 44.6}, {"idx": "104", "arch": "(((1, 0), (0, 2), (2, 5), (0, 1), (1, 3), (0, 3), (2, 6), (3, 4)), ((0, 4), (1, 2), (0, 0), (2, 2), (1, 3), (0, 1), (0, 6), (4, 5)))", "nwot": {"score": 957.1261050654673, "time": 2.450239761004923}, "val_accuracy": 47.2}, {"idx": "105", "arch": "(((1, 4), (0, 6), (1, 4), (2, 2), (2, 4), (1, 5), (4, 0), (3, 1)), ((0, 2), (1, 5), (0, 5), (2, 0), (2, 1), (0, 3), (3, 0), (1, 4)))", "nwot": {"score": 964.1621659353482, "time": 2.538637006015051}, "val_accuracy": 44.42}, {"idx": "106", "arch": "(((1, 0), (0, 3), (2, 3), (0, 1), (3, 3), (1, 2), (3, 3), (0, 4)), ((0, 4), (1, 2), (2, 5), (1, 2), (3, 6), (2, 0), (3, 4), (2, 6)))", "nwot": {"score": 964.1066999270922, "time": 2.6960621739854105}, "val_accuracy": 49.51}, {"idx": "107", "arch": "(((0, 0), (1, 3), (1, 0), (2, 6), (2, 6), (1, 6), (0, 6), (3, 2)), ((1, 1), (0, 4), (2, 6), (1, 2), (3, 6), (1, 0), (0, 2), (1, 5)))", "nwot": {"score": 956.1741246264636, "time": 2.3260693619959056}, "val_accuracy": 46.15}, {"idx": "108", "arch": "(((1, 3), (0, 6), (0, 2), (1, 5), (3, 0), (0, 4), (2, 2), (1, 0)), ((0, 2), (1, 2), (2, 0), (1, 1), (2, 3), (0, 5), (0, 1), (2, 4)))", "nwot": {"score": 949.4133234935686, "time": 2.2700490199786145}, "val_accuracy": 45.64}, {"idx": "109", "arch": "(((1, 0), (0, 6), (0, 3), (2, 3), (1, 4), (2, 5), (2, 0), (4, 2)), ((1, 6), (0, 5), (0, 1), (1, 3), (2, 4), (3, 5), (3, 3), (1, 5)))", "nwot": {"score": 963.2628986931837, "time": 2.551057306001894}, "val_accuracy": 45.94}, {"idx": "110", "arch": "(((1, 0), (0, 3), (0, 5), (2, 4), (0, 1), (2, 2), (0, 2), (2, 1)), ((0, 2), (1, 2), (1, 5), (0, 0), (3, 1), (2, 3), (0, 3), (2, 5)))", "nwot": {"score": 947.2196846208784, "time": 2.2931743290100712}, "val_accuracy": 46.56}, {"idx": "111", "arch": "(((1, 6), (0, 0), (1, 2), (2, 1), (2, 4), (3, 5), (4, 5), (0, 3)), ((0, 1), (1, 6), (0, 6), (1, 6), (1, 1), (2, 4), (2, 2), (4, 6)))", "nwot": {"score": 954.4201287921884, "time": 2.2573528130014893}, "val_accuracy": 45.89}, {"idx": "112", "arch": "(((1, 0), (0, 2), (1, 2), (0, 5), (3, 3), (1, 5), (1, 2), (2, 6)), ((0, 5), (1, 5), (0, 3), (1, 0), (1, 4), (0, 4), (1, 5), (0, 0)))", "nwot": {"score": 954.6515569578756, "time": 2.1765317359822802}, "val_accuracy": 45.26}, {"idx": "113", "arch": "(((0, 4), (1, 0), (2, 1), (1, 4), (1, 5), (3, 2), (4, 3), (2, 1)), ((0, 4), (1, 4), (2, 6), (1, 4), (2, 6), (0, 3), (0, 0), (3, 6)))", "nwot": {"score": 961.7938176155737, "time": 2.4355756109871436}, "val_accuracy": 44.11}, {"idx": "114", "arch": "(((1, 1), (0, 4), (1, 6), (2, 1), (3, 0), (1, 4), (2, 2), (0, 4)), ((1, 3), (0, 4), (1, 6), (0, 1), (2, 0), (3, 2), (0, 6), (4, 5)))", "nwot": {"score": 956.5311850596534, "time": 2.42183534099604}, "val_accuracy": 44.57}, {"idx": "115", "arch": "(((0, 0), (1, 2), (1, 0), (2, 0), (0, 1), (1, 3), (0, 2), (3, 3)), ((1, 0), (0, 1), (0, 0), (1, 1), (2, 5), (1, 4), (0, 4), (2, 6)))", "nwot": {"score": 937.5987506659653, "time": 2.349135872005718}, "val_accuracy": 49.32}, {"idx": "116", "arch": "(((1, 2), (0, 5), (1, 2), (0, 4), (1, 4), (0, 4), (4, 4), (3, 4)), ((1, 0), (0, 5), (2, 5), (0, 5), (2, 0), (0, 2), (1, 0), (2, 3)))", "nwot": {"score": 966.1540840871432, "time": 2.620125168003142}, "val_accuracy": 46.68}, {"idx": "117", "arch": "(((0, 4), (1, 3), (2, 0), (1, 4), (2, 3), (0, 3), (1, 6), (4, 0)), ((0, 1), (1, 5), (0, 3), (1, 2), (0, 3), (2, 6), (4, 4), (0, 5)))", "nwot": {"score": 972.4246598446475, "time": 3.0376679889741354}, "val_accuracy": 47.3}, {"idx": "118", "arch": "(((1, 4), (0, 6), (1, 6), (0, 3), (2, 1), (1, 4), (3, 6), (1, 1)), ((0, 3), (1, 2), (2, 1), (1, 5), (3, 6), (1, 2), (1, 0), (0, 5)))", "nwot": {"score": 965.11272906175, "time": 2.4748814500053413}, "val_accuracy": 47.61}, {"idx": "119", "arch": "(((0, 0), (1, 3), (1, 1), (2, 3), (0, 5), (1, 2), (2, 4), (4, 1)), ((1, 5), (0, 3), (0, 0), (2, 4), (2, 4), (3, 2), (1, 2), (0, 0)))", "nwot": {"score": 954.5305042868264, "time": 2.3809091669972986}, "val_accuracy": 50.31}, {"idx": "120", "arch": "(((0, 5), (1, 2), (1, 5), (0, 5), (3, 5), (2, 5), (4, 2), (1, 5)), ((0, 0), (1, 5), (1, 3), (0, 1), (2, 6), (1, 4), (4, 5), (0, 3)))", "nwot": {"score": 956.157030649207, "time": 2.0806384879979305}, "val_accuracy": 43.4}, {"idx": "121", "arch": "(((0, 3), (1, 4), (0, 2), (2, 3), (1, 6), (3, 0), (2, 1), (3, 0)), ((1, 3), (0, 4), (2, 3), (1, 2), (1, 0), (3, 3), (4, 2), (1, 3)))", "nwot": {"score": 961.0221511720805, "time": 2.629730853019282}, "val_accuracy": 48.32}, {"idx": "122", "arch": "(((1, 0), (0, 0), (1, 4), (0, 2), (1, 0), (3, 0), (0, 6), (2, 2)), ((1, 3), (0, 0), (0, 5), (1, 2), (0, 4), (2, 3), (2, 3), (1, 4)))", "nwot": {"score": 948.1207502947157, "time": 2.4793097149813548}, "val_accuracy": 44.89}, {"idx": "123", "arch": "(((0, 4), (1, 3), (2, 5), (0, 4), (2, 4), (3, 6), (0, 4), (4, 5)), ((1, 0), (0, 2), (2, 0), (1, 4), (2, 0), (0, 6), (3, 1), (0, 0)))", "nwot": {"score": 972.0970677999801, "time": 2.804254852992017}, "val_accuracy": 48.85}, {"idx": "124", "arch": "(((1, 5), (0, 4), (2, 6), (1, 3), (0, 4), (3, 5), (0, 5), (3, 3)), ((1, 4), (0, 0), (1, 4), (0, 0), (1, 0), (2, 2), (0, 4), (1, 2)))", "nwot": {"score": 973.2476673684222, "time": 2.5404425149899907}, "val_accuracy": 46.71}, {"idx": "125", "arch": "(((0, 1), (1, 0), (2, 4), (0, 1), (1, 0), (3, 5), (3, 5), (2, 4)), ((0, 3), (1, 1), (2, 2), (1, 0), (0, 4), (3, 5), (1, 1), (0, 3)))", "nwot": {"score": 950.040601622842, "time": 2.5210264479974285}, "val_accuracy": 47.23}, {"idx": "126", "arch": "(((1, 6), (0, 6), (0, 6), (1, 1), (2, 1), (1, 3), (2, 5), (3, 4)), ((0, 5), (1, 3), (0, 1), (2, 6), (1, 3), (2, 5), (4, 0), (1, 6)))", "nwot": {"score": 961.4805884843666, "time": 2.332245365018025}, "val_accuracy": 43.68}, {"idx": "127", "arch": "(((1, 5), (0, 0), (1, 1), (2, 1), (3, 5), (2, 4), (3, 2), (1, 3)), ((1, 6), (0, 5), (1, 2), (2, 0), (0, 2), (2, 2), (3, 3), (4, 6)))", "nwot": {"score": 950.4357611406006, "time": 2.2971870840119664}, "val_accuracy": 47.83}, {"idx": "128", "arch": "(((1, 1), (0, 5), (1, 1), (0, 0), (2, 0), (0, 3), (2, 6), (3, 3)), ((1, 5), (0, 3), (0, 5), (1, 3), (0, 0), (3, 5), (3, 4), (1, 2)))", "nwot": {"score": 955.371334997769, "time": 2.5407136589928996}, "val_accuracy": 47.15}, {"idx": "129", "arch": "(((0, 3), (1, 2), (1, 6), (0, 5), (1, 0), (3, 6), (2, 0), (4, 3)), ((1, 0), (0, 5), (2, 1), (1, 0), (3, 2), (2, 1), (4, 0), (0, 0)))", "nwot": {"score": 945.8367676506346, "time": 2.3567951190052554}, "val_accuracy": 49.52}, {"idx": "130", "arch": "(((0, 0), (1, 3), (2, 5), (0, 2), (1, 0), (3, 4), (0, 2), (1, 0)), ((1, 6), (0, 2), (1, 5), (2, 5), (1, 5), (2, 1), (0, 5), (2, 4)))", "nwot": {"score": 951.2776663227581, "time": 2.3726711040071677}, "val_accuracy": 46.54}, {"idx": "131", "arch": "(((1, 6), (0, 1), (1, 0), (2, 1), (2, 6), (3, 3), (0, 4), (3, 3)), ((1, 1), (0, 3), (0, 0), (2, 3), (0, 1), (2, 3), (2, 0), (1, 2)))", "nwot": {"score": 956.3520052329894, "time": 2.476603029004764}, "val_accuracy": 49.1}, {"idx": "132", "arch": "(((1, 5), (0, 1), (1, 6), (0, 6), (2, 1), (1, 0), (2, 5), (4, 4)), ((1, 1), (0, 1), (0, 6), (1, 3), (3, 5), (2, 1), (0, 1), (2, 2)))", "nwot": {"score": 945.2443731087747, "time": 2.2141272299923003}, "val_accuracy": 46.36}, {"idx": "133", "arch": "(((1, 6), (0, 1), (0, 6), (1, 5), (2, 6), (1, 1), (4, 0), (3, 6)), ((1, 2), (0, 1), (1, 0), (0, 2), (3, 1), (0, 3), (4, 5), (3, 4)))", "nwot": {"score": 948.4588632620727, "time": 2.2321535060182214}, "val_accuracy": 45.39}, {"idx": "134", "arch": "(((1, 3), (0, 5), (2, 1), (0, 0), (3, 1), (2, 0), (3, 4), (0, 5)), ((1, 3), (0, 0), (0, 2), (1, 6), (2, 0), (0, 3), (1, 6), (0, 0)))", "nwot": {"score": 952.4041662350099, "time": 2.566550207993714}, "val_accuracy": 47.99}, {"idx": "135", "arch": "(((0, 6), (1, 0), (1, 1), (2, 5), (1, 2), (0, 2), (4, 6), (2, 6)), ((0, 0), (1, 1), (0, 1), (2, 3), (0, 3), (2, 6), (0, 2), (2, 1)))", "nwot": {"score": 939.7208719315014, "time": 2.0326492239837535}, "val_accuracy": 44.44}, {"idx": "136", "arch": "(((0, 6), (1, 0), (1, 3), (0, 1), (3, 2), (1, 6), (1, 6), (0, 0)), ((0, 1), (1, 6), (1, 5), (0, 1), (2, 4), (1, 0), (2, 3), (4, 0)))", "nwot": {"score": 943.391006885697, "time": 2.294020425993949}, "val_accuracy": 47.26}, {"idx": "137", "arch": "(((1, 5), (0, 5), (0, 2), (2, 2), (0, 0), (3, 2), (1, 1), (3, 6)), ((0, 2), (1, 3), (1, 5), (0, 0), (2, 4), (3, 5), (0, 6), (4, 5)))", "nwot": {"score": 942.7082753497045, "time": 2.1073633920168504}, "val_accuracy": 41.64}, {"idx": "138", "arch": "(((1, 5), (0, 4), (2, 6), (1, 5), (0, 2), (2, 3), (2, 1), (1, 5)), ((1, 2), (0, 2), (1, 0), (0, 1), (3, 3), (0, 4), (2, 5), (4, 3)))", "nwot": {"score": 959.9794551301426, "time": 2.2431816469761543}, "val_accuracy": 45.52}, {"idx": "139", "arch": "(((0, 3), (1, 2), (1, 3), (0, 6), (3, 2), (0, 3), (0, 5), (3, 5)), ((1, 4), (0, 2), (2, 2), (0, 0), (3, 3), (1, 0), (0, 2), (4, 6)))", "nwot": {"score": 960.341826393709, "time": 2.2250806789961644}, "val_accuracy": 48.6}, {"idx": "140", "arch": "(((0, 3), (1, 5), (2, 2), (1, 5), (1, 2), (2, 5), (3, 3), (4, 4)), ((1, 2), (0, 3), (1, 2), (0, 2), (1, 2), (2, 1), (4, 4), (1, 2)))", "nwot": {"score": 970.0994472855448, "time": 2.4344783409906086}, "val_accuracy": 45.13}, {"idx": "141", "arch": "(((1, 4), (0, 6), (0, 2), (1, 0), (3, 6), (1, 3), (4, 2), (3, 4)), ((0, 0), (1, 3), (1, 2), (0, 5), (1, 3), (0, 3), (1, 1), (3, 4)))", "nwot": {"score": 964.1197749715841, "time": 2.384778149978956}, "val_accuracy": 46.45}, {"idx": "142", "arch": "(((1, 2), (0, 4), (0, 4), (1, 0), (0, 5), (2, 2), (4, 0), (1, 1)), ((1, 4), (0, 4), (1, 5), (0, 4), (0, 6), (1, 0), (1, 5), (0, 6)))", "nwot": {"score": 955.4792993079275, "time": 2.433585939987097}, "val_accuracy": 43.75}, {"idx": "143", "arch": "(((1, 5), (0, 5), (2, 2), (1, 3), (1, 0), (0, 6), (1, 0), (3, 0)), ((0, 0), (1, 4), (1, 5), (0, 4), (1, 2), (0, 3), (2, 6), (3, 4)))", "nwot": {"score": 954.1359787709865, "time": 2.4732825529936235}, "val_accuracy": 46.46}, {"idx": "144", "arch": "(((0, 6), (1, 3), (0, 1), (1, 1), (3, 0), (1, 1), (1, 3), (0, 1)), ((0, 3), (1, 4), (2, 0), (1, 3), (1, 0), (0, 2), (1, 6), (4, 4)))", "nwot": {"score": 949.7245565837708, "time": 2.4749787530163303}, "val_accuracy": 47.17}, {"idx": "145", "arch": "(((0, 2), (1, 3), (2, 2), (0, 4), (3, 5), (2, 2), (1, 1), (3, 5)), ((1, 5), (0, 2), (2, 1), (1, 5), (0, 1), (1, 6), (3, 2), (1, 3)))", "nwot": {"score": 953.3434264911739, "time": 2.054731039010221}, "val_accuracy": 44.76}, {"idx": "146", "arch": "(((1, 4), (0, 4), (0, 0), (1, 6), (1, 3), (3, 6), (0, 0), (2, 1)), ((0, 3), (1, 2), (1, 3), (2, 2), (3, 5), (2, 2), (1, 3), (3, 6)))", "nwot": {"score": 962.1707501841292, "time": 2.5604713519860525}, "val_accuracy": 45.35}, {"idx": "147", "arch": "(((0, 1), (1, 3), (0, 2), (2, 4), (0, 1), (1, 1), (0, 4), (4, 0)), ((1, 1), (0, 0), (0, 5), (1, 4), (1, 0), (3, 5), (4, 0), (0, 4)))", "nwot": {"score": 946.0494792378145, "time": 2.4147840990044642}, "val_accuracy": 48.73}, {"idx": "148", "arch": "(((1, 1), (0, 4), (0, 1), (1, 5), (2, 5), (0, 4), (3, 6), (4, 4)), ((0, 6), (1, 3), (1, 6), (0, 6), (2, 5), (0, 3), (3, 0), (0, 4)))", "nwot": {"score": 966.6406211061585, "time": 2.6439010580070317}, "val_accuracy": 44.31}, {"idx": "149", "arch": "(((1, 3), (0, 6), (1, 1), (2, 0), (2, 4), (1, 1), (0, 6), (3, 4)), ((1, 5), (0, 6), (2, 4), (1, 6), (0, 5), (2, 0), (4, 6), (0, 5)))", "nwot": {"score": 963.4047330427069, "time": 2.5261348449857906}, "val_accuracy": 45.86}, {"idx": "150", "arch": "(((0, 5), (1, 1), (1, 4), (2, 4), (0, 6), (3, 0), (4, 0), (1, 1)), ((1, 5), (0, 6), (1, 1), (2, 2), (3, 4), (1, 2), (2, 1), (4, 1)))", "nwot": {"score": 949.1861452570984, "time": 2.43688477500109}, "val_accuracy": 45.44}, {"idx": "151", "arch": "(((1, 3), (0, 3), (2, 5), (0, 6), (1, 5), (2, 0), (4, 3), (1, 5)), ((1, 2), (0, 1), (1, 5), (2, 3), (1, 3), (0, 6), (2, 1), (0, 2)))", "nwot": {"score": 966.9447260557913, "time": 2.6720953450130764}, "val_accuracy": 46.32}, {"idx": "152", "arch": "(((1, 6), (0, 2), (0, 3), (1, 3), (1, 4), (0, 3), (0, 2), (4, 5)), ((1, 1), (0, 4), (2, 5), (0, 2), (2, 1), (3, 5), (4, 5), (1, 0)))", "nwot": {"score": 961.3956022835745, "time": 2.3093035399797373}, "val_accuracy": 45.93}, {"idx": "153", "arch": "(((1, 2), (0, 6), (2, 0), (1, 2), (1, 1), (3, 0), (4, 0), (1, 5)), ((0, 5), (1, 1), (2, 1), (0, 2), (3, 4), (1, 2), (3, 5), (4, 1)))", "nwot": {"score": 933.6853511509772, "time": 2.1953118139936123}, "val_accuracy": 45.0}, {"idx": "154", "arch": "(((0, 2), (1, 1), (2, 6), (0, 5), (2, 1), (0, 1), (2, 0), (1, 5)), ((1, 1), (0, 0), (1, 0), (0, 6), (1, 5), (2, 2), (3, 6), (1, 0)))", "nwot": {"score": 930.1230581947292, "time": 2.1168491299904417}, "val_accuracy": 48.86}, {"idx": "155", "arch": "(((0, 3), (1, 0), (2, 4), (0, 1), (3, 4), (1, 6), (1, 0), (2, 1)), ((0, 1), (1, 6), (1, 1), (0, 2), (1, 2), (3, 4), (1, 1), (3, 6)))", "nwot": {"score": 952.7169103630633, "time": 2.573030124010984}, "val_accuracy": 47.56}, {"idx": "156", "arch": "(((1, 2), (0, 0), (0, 0), (1, 5), (2, 2), (1, 5), (3, 2), (1, 1)), ((1, 1), (0, 3), (0, 5), (2, 3), (1, 6), (0, 0), (4, 2), (0, 6)))", "nwot": {"score": 933.8100896261323, "time": 2.0833875029929914}, "val_accuracy": 44.76}, {"idx": "157", "arch": "(((1, 2), (0, 0), (1, 4), (0, 1), (0, 6), (3, 6), (4, 3), (0, 5)), ((1, 2), (0, 0), (1, 4), (0, 2), (1, 5), (3, 5), (1, 3), (2, 3)))", "nwot": {"score": 962.4136053506511, "time": 2.3832582339819055}, "val_accuracy": 47.08}, {"idx": "158", "arch": "(((0, 3), (1, 1), (0, 3), (1, 1), (3, 3), (2, 0), (3, 3), (1, 5)), ((0, 0), (1, 6), (2, 1), (0, 5), (3, 2), (2, 2), (2, 4), (4, 1)))", "nwot": {"score": 953.6619367048554, "time": 2.486657178000314}, "val_accuracy": 52.6}, {"idx": "159", "arch": "(((1, 6), (0, 4), (1, 3), (0, 6), (2, 1), (0, 0), (1, 3), (4, 0)), ((1, 6), (0, 5), (1, 5), (2, 1), (1, 5), (2, 3), (3, 2), (1, 0)))", "nwot": {"score": 958.5356271787562, "time": 2.539250717993127}, "val_accuracy": 47.13}, {"idx": "160", "arch": "(((1, 1), (0, 1), (2, 3), (0, 3), (2, 4), (3, 0), (1, 4), (2, 3)), ((1, 1), (0, 0), (2, 0), (0, 4), (1, 6), (3, 1), (2, 5), (4, 1)))", "nwot": {"score": 956.4964397143093, "time": 2.809635346988216}, "val_accuracy": 51.25}, {"idx": "161", "arch": "(((1, 6), (0, 5), (2, 0), (1, 1), (2, 2), (3, 5), (4, 6), (3, 2)), ((1, 6), (0, 0), (2, 1), (1, 5), (3, 1), (2, 2), (2, 6), (3, 0)))", "nwot": {"score": 938.239264498009, "time": 2.0111084440140985}, "val_accuracy": 44.25}, {"idx": "162", "arch": "(((0, 2), (1, 5), (1, 3), (0, 0), (3, 3), (2, 6), (1, 1), (2, 3)), ((1, 0), (0, 4), (1, 6), (2, 2), (0, 1), (2, 4), (1, 4), (4, 6)))", "nwot": {"score": 958.8385316056266, "time": 2.3988213160191663}, "val_accuracy": 47.46}, {"idx": "163", "arch": "(((1, 1), (0, 1), (1, 3), (2, 4), (2, 0), (1, 6), (2, 5), (1, 4)), ((1, 5), (0, 6), (2, 0), (0, 3), (3, 2), (0, 3), (2, 2), (1, 3)))", "nwot": {"score": 960.1966060765193, "time": 2.471975845983252}, "val_accuracy": 46.54}, {"idx": "164", "arch": "(((1, 1), (0, 2), (1, 5), (0, 5), (3, 6), (2, 4), (3, 5), (4, 1)), ((1, 1), (0, 2), (1, 6), (0, 2), (0, 3), (2, 4), (2, 6), (3, 4)))", "nwot": {"score": 955.7438023469123, "time": 2.196867602993734}, "val_accuracy": 44.58}, {"idx": "165", "arch": "(((1, 2), (0, 3), (1, 6), (2, 2), (3, 5), (2, 6), (3, 3), (2, 1)), ((0, 0), (1, 5), (0, 2), (2, 0), (1, 2), (2, 2), (4, 3), (2, 1)))", "nwot": {"score": 954.924593112449, "time": 2.1206670829851646}, "val_accuracy": 47.43}, {"idx": "166", "arch": "(((1, 6), (0, 4), (2, 3), (1, 0), (2, 4), (0, 0), (0, 4), (1, 4)), ((1, 3), (0, 5), (0, 4), (2, 6), (1, 3), (2, 4), (1, 1), (0, 4)))", "nwot": {"score": 974.0048101884117, "time": 3.055407062987797}, "val_accuracy": 45.3}, {"idx": "167", "arch": "(((0, 3), (1, 1), (2, 1), (1, 5), (2, 0), (3, 6), (4, 3), (1, 5)), ((0, 6), (1, 5), (1, 0), (2, 4), (1, 5), (0, 4), (1, 3), (0, 3)))", "nwot": {"score": 964.3863609963608, "time": 2.560898852010723}, "val_accuracy": 48.14}, {"idx": "168", "arch": "(((1, 2), (0, 0), (1, 6), (0, 5), (3, 3), (2, 6), (2, 6), (4, 1)), ((0, 2), (1, 6), (2, 1), (1, 1), (0, 1), (1, 6), (1, 4), (0, 5)))", "nwot": {"score": 956.0543334094965, "time": 2.2373723420023452}, "val_accuracy": 44.77}, {"idx": "169", "arch": "(((1, 0), (0, 6), (0, 1), (2, 2), (3, 5), (2, 1), (4, 4), (2, 5)), ((1, 0), (0, 6), (0, 6), (2, 2), (3, 0), (0, 1), (1, 3), (4, 3)))", "nwot": {"score": 946.5485608930805, "time": 2.3095062030188274}, "val_accuracy": 46.94}, {"idx": "170", "arch": "(((0, 2), (1, 1), (1, 1), (2, 4), (3, 0), (2, 5), (1, 2), (4, 0)), ((1, 1), (0, 5), (0, 2), (2, 0), (3, 3), (2, 0), (0, 2), (4, 6)))", "nwot": {"score": 938.2903846338323, "time": 2.260855150001589}, "val_accuracy": 48.42}, {"idx": "171", "arch": "(((1, 2), (0, 2), (1, 4), (0, 3), (2, 1), (3, 6), (3, 1), (1, 4)), ((1, 6), (0, 4), (0, 2), (2, 6), (2, 6), (3, 3), (1, 3), (2, 6)))", "nwot": {"score": 962.2194547613717, "time": 2.268910187005531}, "val_accuracy": 44.68}, {"idx": "172", "arch": "(((0, 2), (1, 3), (1, 4), (2, 3), (2, 4), (1, 5), (2, 0), (1, 4)), ((0, 1), (1, 3), (0, 5), (2, 4), (0, 4), (3, 4), (3, 0), (0, 2)))", "nwot": {"score": 970.8439684637244, "time": 2.806627007026691}, "val_accuracy": 44.81}, {"idx": "173", "arch": "(((1, 6), (0, 3), (2, 4), (1, 1), (3, 0), (2, 4), (4, 3), (1, 0)), ((0, 1), (1, 3), (1, 6), (0, 1), (1, 5), (2, 2), (1, 0), (0, 1)))", "nwot": {"score": 961.023673789706, "time": 2.629236389999278}, "val_accuracy": 47.51}, {"idx": "174", "arch": "(((1, 6), (0, 6), (0, 0), (1, 4), (1, 0), (3, 0), (3, 4), (2, 1)), ((0, 2), (1, 0), (2, 5), (1, 5), (2, 4), (3, 1), (0, 5), (1, 2)))", "nwot": {"score": 951.7238058118705, "time": 2.5470418669865467}, "val_accuracy": 45.62}, {"idx": "175", "arch": "(((1, 3), (0, 5), (2, 3), (0, 4), (1, 3), (3, 1), (0, 2), (3, 4)), ((1, 6), (0, 4), (2, 6), (0, 1), (1, 3), (0, 1), (4, 4), (1, 1)))", "nwot": {"score": 967.5615636326921, "time": 2.610616234014742}, "val_accuracy": 44.99}, {"idx": "176", "arch": "(((1, 3), (0, 6), (0, 5), (2, 4), (0, 5), (2, 4), (0, 0), (2, 1)), ((1, 0), (0, 1), (0, 3), (1, 2), (2, 1), (1, 2), (2, 2), (0, 6)))", "nwot": {"score": 961.8276534039329, "time": 2.4296642739791423}, "val_accuracy": 47.07}, {"idx": "177", "arch": "(((0, 1), (1, 4), (1, 1), (2, 0), (1, 6), (2, 4), (0, 2), (2, 5)), ((1, 1), (0, 4), (0, 3), (2, 3), (2, 6), (3, 3), (2, 3), (4, 3)))", "nwot": {"score": 955.9224430090402, "time": 2.3006769079947844}, "val_accuracy": 45.89}, {"idx": "178", "arch": "(((0, 1), (1, 6), (1, 4), (2, 5), (3, 2), (2, 6), (3, 6), (1, 5)), ((0, 1), (1, 5), (1, 4), (0, 1), (1, 2), (0, 4), (1, 5), (2, 0)))", "nwot": {"score": 962.2061221791541, "time": 2.171993037016364}, "val_accuracy": 43.33}, {"idx": "179", "arch": "(((1, 6), (0, 1), (2, 2), (1, 4), (0, 2), (1, 0), (3, 3), (0, 3)), ((0, 3), (1, 6), (2, 2), (1, 1), (0, 1), (1, 4), (0, 4), (3, 3)))", "nwot": {"score": 956.7899760677193, "time": 2.295513030985603}, "val_accuracy": 46.74}, {"idx": "180", "arch": "(((0, 2), (1, 2), (1, 4), (0, 2), (3, 1), (1, 0), (2, 5), (3, 2)), ((1, 3), (0, 2), (2, 5), (0, 2), (0, 3), (1, 0), (2, 3), (0, 5)))", "nwot": {"score": 944.7091086856725, "time": 2.043466475995956}, "val_accuracy": 45.51}, {"idx": "181", "arch": "(((1, 0), (0, 5), (0, 3), (1, 2), (3, 1), (1, 0), (2, 6), (0, 4)), ((0, 3), (1, 3), (0, 1), (1, 3), (3, 0), (1, 2), (2, 5), (0, 6)))", "nwot": {"score": 953.5297770537848, "time": 2.473699959984515}, "val_accuracy": 45.85}, {"idx": "182", "arch": "(((1, 6), (0, 5), (2, 3), (1, 0), (2, 0), (1, 3), (4, 3), (2, 2)), ((1, 3), (0, 3), (1, 1), (0, 4), (3, 3), (0, 0), (0, 6), (1, 3)))", "nwot": {"score": 963.8793963335979, "time": 2.61047556399717}, "val_accuracy": 45.59}, {"idx": "183", "arch": "(((0, 2), (1, 6), (1, 5), (0, 6), (3, 6), (1, 4), (0, 6), (3, 5)), ((1, 2), (0, 2), (0, 4), (1, 5), (1, 1), (3, 1), (1, 1), (0, 2)))", "nwot": {"score": 961.6654464011607, "time": 2.1252699219912756}, "val_accuracy": 42.33}, {"idx": "184", "arch": "(((1, 6), (0, 5), (0, 3), (2, 1), (3, 2), (0, 5), (4, 5), (0, 6)), ((0, 5), (1, 5), (2, 4), (1, 2), (1, 6), (2, 4), (2, 0), (4, 0)))", "nwot": {"score": 956.9502105987123, "time": 2.1961420250008814}, "val_accuracy": 42.36}, {"idx": "185", "arch": "(((0, 2), (1, 2), (0, 4), (1, 6), (1, 2), (2, 2), (1, 6), (3, 1)), ((0, 4), (1, 3), (0, 1), (2, 2), (2, 1), (3, 3), (0, 5), (4, 5)))", "nwot": {"score": 943.5159854832068, "time": 1.8551601619983558}, "val_accuracy": 42.41}, {"idx": "186", "arch": "(((0, 5), (1, 1), (0, 2), (2, 5), (2, 1), (3, 6), (3, 6), (0, 6)), ((1, 5), (0, 5), (1, 4), (2, 4), (2, 6), (3, 2), (2, 4), (3, 0)))", "nwot": {"score": 949.1098089330081, "time": 2.056436214974383}, "val_accuracy": 41.24}, {"idx": "187", "arch": "(((1, 5), (0, 5), (2, 0), (0, 2), (0, 0), (2, 1), (4, 5), (3, 0)), ((1, 4), (0, 6), (2, 5), (0, 2), (2, 3), (3, 0), (2, 1), (1, 6)))", "nwot": {"score": 940.3184831654294, "time": 2.3195694330206607}, "val_accuracy": 43.94}, {"idx": "188", "arch": "(((0, 4), (1, 4), (0, 2), (2, 1), (3, 6), (1, 3), (2, 6), (4, 3)), ((0, 2), (1, 5), (1, 4), (0, 2), (1, 1), (2, 6), (4, 3), (2, 4)))", "nwot": {"score": 970.3314927711422, "time": 2.4698297299910337}, "val_accuracy": 45.28}, {"idx": "189", "arch": "(((0, 1), (1, 6), (1, 0), (2, 6), (1, 3), (0, 2), (2, 6), (1, 1)), ((1, 2), (0, 4), (2, 5), (0, 0), (2, 4), (1, 5), (0, 3), (1, 2)))", "nwot": {"score": 955.542466421835, "time": 2.3133397530182265}, "val_accuracy": 47.22}, {"idx": "190", "arch": "(((0, 0), (1, 0), (0, 4), (1, 6), (1, 2), (3, 4), (4, 1), (1, 5)), ((1, 3), (0, 5), (2, 5), (0, 6), (3, 6), (1, 3), (0, 2), (1, 1)))", "nwot": {"score": 959.0209496903188, "time": 2.4260701879975386}, "val_accuracy": 44.38}, {"idx": "191", "arch": "(((0, 4), (1, 1), (2, 4), (0, 1), (1, 0), (2, 6), (2, 3), (3, 4)), ((0, 6), (1, 3), (1, 6), (0, 0), (1, 4), (0, 0), (4, 4), (2, 5)))", "nwot": {"score": 964.5747396858161, "time": 2.672455345018534}, "val_accuracy": 46.93}, {"idx": "192", "arch": "(((1, 1), (0, 3), (1, 6), (2, 4), (3, 5), (1, 0), (1, 0), (0, 1)), ((1, 2), (0, 4), (1, 1), (0, 1), (3, 2), (2, 3), (3, 2), (0, 1)))", "nwot": {"score": 947.1855843704317, "time": 2.3802823289879598}, "val_accuracy": 48.01}, {"idx": "193", "arch": "(((1, 4), (0, 3), (0, 0), (2, 3), (1, 4), (3, 1), (0, 2), (1, 4)), ((1, 5), (0, 3), (2, 3), (0, 1), (3, 4), (1, 1), (3, 0), (2, 4)))", "nwot": {"score": 963.0562907414499, "time": 2.567134014010662}, "val_accuracy": 45.89}, {"idx": "194", "arch": "(((0, 5), (1, 4), (0, 4), (1, 0), (1, 1), (2, 5), (1, 5), (3, 6)), ((1, 3), (0, 5), (0, 5), (2, 2), (0, 1), (1, 0), (1, 4), (4, 1)))", "nwot": {"score": 959.4362128831366, "time": 2.417843609000556}, "val_accuracy": 46.55}, {"idx": "195", "arch": "(((1, 5), (0, 6), (0, 5), (1, 4), (3, 3), (1, 4), (2, 1), (4, 6)), ((1, 0), (0, 1), (1, 4), (2, 3), (1, 4), (0, 6), (3, 2), (0, 4)))", "nwot": {"score": 967.5083790679989, "time": 2.5142276819969993}, "val_accuracy": 45.09}, {"idx": "196", "arch": "(((1, 0), (0, 1), (2, 6), (1, 3), (2, 4), (3, 1), (1, 3), (4, 0)), ((0, 6), (1, 1), (1, 5), (0, 6), (2, 0), (0, 2), (1, 5), (0, 2)))", "nwot": {"score": 959.3854595488999, "time": 2.5883419500023592}, "val_accuracy": 49.48}, {"idx": "197", "arch": "(((0, 2), (1, 0), (1, 4), (2, 4), (0, 6), (2, 2), (0, 2), (1, 1)), ((1, 6), (0, 2), (1, 5), (0, 6), (2, 2), (1, 6), (4, 4), (1, 2)))", "nwot": {"score": 954.6933891650383, "time": 2.157320102007361}, "val_accuracy": 45.68}, {"idx": "198", "arch": "(((0, 4), (1, 0), (0, 2), (1, 1), (3, 2), (0, 4), (3, 2), (0, 1)), ((0, 0), (1, 1), (1, 6), (0, 3), (2, 2), (1, 2), (1, 6), (3, 6)))", "nwot": {"score": 940.5119664726988, "time": 2.1219283009995706}, "val_accuracy": 46.49}]