[{"idx": "0", "arch": "(((0, 5), (1, 3), (1, 5), (2, 0), (1, 5), (2, 1), (0, 5), (4, 4)), ((0, 4), (1, 0), (0, 5), (2, 5), (0, 2), (3, 1), (2, 3), (4, 1)))", "plain": {"score": 0.12031935155391693, "time": 2.5390246440074407}, "val_accuracy": 92.4127455206308}, {"idx": "1", "arch": "(((1, 5), (0, 4), (0, 2), (1, 3), (3, 0), (2, 5), (3, 3), (1, 5)), ((1, 3), (0, 1), (2, 5), (1, 1), (0, 1), (3, 0), (0, 4), (4, 6)))", "plain": {"score": 0.23246820271015167, "time": 1.4148861550202128}, "val_accuracy": 93.01972461289448}, {"idx": "2", "arch": "(((0, 3), (1, 6), (1, 3), (0, 5), (2, 3), (0, 0), (2, 1), (4, 1)), ((1, 4), (0, 1), (2, 5), (0, 0), (1, 2), (2, 4), (4, 4), (1, 2)))", "plain": {"score": 0.2725434899330139, "time": 1.4287242449936457}, "val_accuracy": 92.26100001241079}, {"idx": "3", "arch": "(((0, 3), (1, 5), (0, 1), (2, 3), (0, 3), (1, 6), (0, 2), (4, 3)), ((0, 2), (1, 5), (2, 3), (1, 6), (3, 6), (0, 4), (0, 0), (1, 6)))", "plain": {"score": -0.0796087309718132, "time": 1.4829379389993846}, "val_accuracy": 91.35052819027705}, {"idx": "4", "arch": "(((1, 1), (0, 4), (0, 5), (2, 3), (1, 1), (3, 5), (2, 0), (0, 3)), ((0, 2), (1, 4), (1, 1), (0, 4), (2, 1), (1, 2), (3, 3), (1, 4)))", "plain": {"score": 0.12667807936668396, "time": 1.440466303989524}, "val_accuracy": 93.17147042212247}, {"idx": "5", "arch": "(((1, 6), (0, 3), (0, 1), (2, 4), (0, 6), (1, 5), (0, 3), (3, 2)), ((1, 1), (0, 1), (1, 2), (2, 5), (0, 5), (3, 5), (0, 4), (1, 4)))", "plain": {"score": 0.2766059637069702, "time": 1.4527359129860997}, "val_accuracy": 91.65402010974103}, {"idx": "6", "arch": "(((1, 6), (0, 2), (1, 5), (2, 1), (1, 2), (0, 1), (3, 2), (0, 3)), ((1, 1), (0, 3), (0, 6), (1, 1), (3, 6), (1, 0), (3, 4), (4, 6)))", "plain": {"score": 0.14727672934532166, "time": 1.1671760480094235}, "val_accuracy": 92.26099941039483}, {"idx": "7", "arch": "(((0, 6), (1, 4), (0, 0), (1, 1), (3, 3), (2, 6), (2, 0), (3, 2)), ((0, 0), (1, 3), (2, 2), (1, 4), (2, 1), (0, 2), (3, 6), (4, 4)))", "plain": {"score": -0.03971223533153534, "time": 1.384822192019783}, "val_accuracy": 93.01972542330057}, {"idx": "8", "arch": "(((0, 4), (1, 1), (1, 6), (0, 1), (1, 1), (2, 6), (2, 0), (1, 6)), ((1, 6), (0, 0), (0, 3), (2, 2), (0, 6), (3, 6), (4, 0), (2, 2)))", "plain": {"score": 0.12055673450231552, "time": 1.3914962739800103}, "val_accuracy": 92.71623491625866}, {"idx": "9", "arch": "(((0, 1), (1, 5), (0, 4), (2, 1), (3, 1), (1, 0), (3, 3), (0, 6)), ((0, 4), (1, 0), (1, 5), (0, 0), (2, 2), (1, 0), (0, 0), (3, 3)))", "plain": {"score": 0.5236082673072815, "time": 1.359603499993682}, "val_accuracy": 93.0197243118865}, {"idx": "10", "arch": "(((0, 5), (1, 6), (1, 3), (2, 5), (3, 3), (1, 5), (1, 6), (2, 3)), ((1, 6), (0, 0), (0, 2), (2, 0), (1, 1), (0, 4), (1, 0), (3, 2)))", "plain": {"score": 0.24907849729061127, "time": 1.4839046529959887}, "val_accuracy": 91.35052819027705}, {"idx": "11", "arch": "(((0, 6), (1, 1), (0, 0), (2, 5), (2, 5), (1, 4), (2, 2), (0, 4)), ((0, 5), (1, 0), (1, 6), (0, 4), (1, 6), (0, 4), (1, 2), (2, 6)))", "plain": {"score": 0.6012639403343201, "time": 1.4591627710033208}, "val_accuracy": 93.62670541858817}, {"idx": "12", "arch": "(((1, 1), (0, 2), (1, 0), (0, 5), (2, 3), (3, 2), (4, 6), (2, 3)), ((0, 5), (1, 3), (2, 6), (1, 5), (2, 2), (3, 5), (0, 6), (3, 4)))", "plain": {"score": 0.18903517723083496, "time": 1.2658233150141314}, "val_accuracy": 92.41274359881064}, {"idx": "13", "arch": "(((1, 5), (0, 5), (0, 2), (1, 5), (1, 1), (0, 1), (4, 4), (0, 0)), ((1, 5), (0, 5), (0, 3), (2, 1), (1, 5), (2, 5), (2, 6), (1, 6)))", "plain": {"score": 0.009355729445815086, "time": 1.267287000984652}, "val_accuracy": 93.17147042212247}, {"idx": "14", "arch": "(((0, 0), (1, 5), (0, 4), (1, 3), (2, 5), (1, 0), (4, 4), (3, 5)), ((1, 4), (0, 5), (0, 3), (2, 5), (0, 6), (2, 2), (3, 4), (4, 5)))", "plain": {"score": 0.2061351090669632, "time": 1.5597618260071613}, "val_accuracy": 92.71623581928259}, {"idx": "15", "arch": "(((0, 5), (1, 4), (2, 6), (1, 1), (1, 1), (0, 0), (4, 1), (1, 2)), ((1, 0), (0, 2), (0, 3), (1, 6), (0, 4), (3, 2), (2, 4), (0, 5)))", "plain": {"score": 0.07930909842252731, "time": 1.3133511070045643}, "val_accuracy": 93.77844972277629}, {"idx": "16", "arch": "(((0, 6), (1, 4), (0, 4), (2, 4), (1, 3), (3, 1), (0, 0), (2, 2)), ((1, 1), (0, 2), (1, 4), (0, 6), (0, 6), (2, 6), (3, 2), (0, 1)))", "plain": {"score": -0.037729643285274506, "time": 1.5120496900053695}, "val_accuracy": 93.6267059279863}, {"idx": "17", "arch": "(((0, 3), (1, 2), (0, 2), (2, 3), (1, 0), (2, 1), (0, 2), (3, 5)), ((1, 2), (0, 0), (2, 2), (1, 1), (0, 2), (3, 3), (4, 6), (0, 0)))", "plain": {"score": 0.19404996931552887, "time": 1.1273094679927453}, "val_accuracy": 92.71623521726663}, {"idx": "18", "arch": "(((1, 6), (0, 5), (2, 6), (0, 1), (3, 1), (1, 6), (4, 4), (0, 0)), ((1, 6), (0, 2), (2, 3), (0, 2), (0, 1), (3, 0), (4, 0), (1, 4)))", "plain": {"score": 0.15717919170856476, "time": 1.547231078002369}, "val_accuracy": 92.26099859998874}, {"idx": "19", "arch": "(((0, 3), (1, 3), (1, 5), (2, 1), (3, 4), (0, 6), (2, 1), (0, 2)), ((1, 3), (0, 6), (2, 2), (0, 0), (2, 0), (3, 1), (4, 6), (2, 5)))", "plain": {"score": 0.13856633007526398, "time": 1.3524235259974375}, "val_accuracy": 91.50227460152101}, {"idx": "20", "arch": "(((1, 5), (0, 3), (0, 0), (2, 1), (2, 6), (0, 0), (3, 2), (1, 6)), ((1, 4), (0, 5), (2, 1), (0, 0), (1, 1), (3, 3), (1, 2), (4, 3)))", "plain": {"score": 0.11226848512887955, "time": 1.3178392690024339}, "val_accuracy": 91.95750890335292}, {"idx": "21", "arch": "(((1, 5), (0, 2), (1, 1), (2, 1), (1, 6), (3, 6), (4, 2), (1, 6)), ((0, 1), (1, 0), (2, 6), (1, 1), (0, 4), (3, 6), (3, 4), (1, 1)))", "plain": {"score": 0.1987610161304474, "time": 1.2803945250052493}, "val_accuracy": 92.4127455206308}, {"idx": "22", "arch": "(((0, 4), (1, 5), (2, 1), (1, 3), (1, 0), (0, 4), (2, 5), (4, 0)), ((0, 0), (1, 3), (1, 5), (0, 2), (0, 2), (2, 1), (3, 1), (1, 4)))", "plain": {"score": 0.24367494881153107, "time": 1.457551107974723}, "val_accuracy": 91.95750899597076}, {"idx": "23", "arch": "(((1, 3), (0, 6), (2, 5), (0, 5), (1, 5), (0, 1), (1, 4), (0, 0)), ((0, 3), (1, 4), (2, 3), (0, 4), (3, 6), (2, 0), (1, 4), (4, 1)))", "plain": {"score": 0.01091053243726492, "time": 1.4696251009881962}, "val_accuracy": 92.10925501358889}, {"idx": "24", "arch": "(((0, 5), (1, 3), (2, 3), (0, 5), (3, 6), (0, 1), (0, 4), (2, 5)), ((0, 4), (1, 0), (2, 0), (0, 0), (1, 2), (2, 4), (4, 6), (3, 2)))", "plain": {"score": -0.06200435757637024, "time": 1.4739172459812835}, "val_accuracy": 91.95750920436089}, {"idx": "25", "arch": "(((0, 3), (1, 3), (0, 3), (1, 3), (1, 5), (0, 1), (2, 5), (0, 2)), ((1, 6), (0, 5), (2, 4), (1, 0), (3, 2), (2, 3), (1, 1), (4, 3)))", "plain": {"score": 0.15981854498386383, "time": 1.3526180969784036}, "val_accuracy": 93.01972602531653}, {"idx": "26", "arch": "(((0, 1), (1, 4), (2, 6), (0, 2), (0, 6), (2, 6), (3, 4), (1, 4)), ((0, 5), (1, 3), (0, 5), (1, 4), (3, 1), (0, 3), (4, 6), (2, 0)))", "plain": {"score": 0.13570071756839752, "time": 1.5782667429884896}, "val_accuracy": 92.86797880366647}, {"idx": "27", "arch": "(((1, 6), (0, 3), (1, 4), (0, 4), (3, 4), (2, 3), (2, 1), (0, 3)), ((0, 4), (1, 6), (1, 6), (0, 1), (0, 2), (2, 5), (1, 4), (2, 0)))", "plain": {"score": 0.13115988671779633, "time": 1.7191541450156365}, "val_accuracy": 93.47496041976628}, {"idx": "28", "arch": "(((1, 5), (0, 4), (1, 4), (2, 2), (0, 2), (1, 5), (4, 3), (3, 3)), ((0, 1), (1, 5), (2, 5), (1, 5), (1, 3), (2, 3), (1, 6), (0, 2)))", "plain": {"score": -0.0011776488972827792, "time": 1.4518480810220353}, "val_accuracy": 92.10925480519874}, {"idx": "29", "arch": "(((1, 3), (0, 6), (2, 5), (1, 2), (1, 6), (0, 0), (0, 0), (2, 6)), ((0, 4), (1, 5), (0, 0), (1, 2), (2, 5), (0, 0), (3, 6), (2, 1)))", "plain": {"score": 0.1227174922823906, "time": 1.3590683189977426}, "val_accuracy": 93.01972572430856}, {"idx": "30", "arch": "(((1, 0), (0, 0), (1, 6), (2, 1), (3, 1), (0, 3), (1, 3), (3, 5)), ((0, 1), (1, 2), (1, 0), (2, 5), (0, 4), (3, 2), (1, 1), (4, 0)))", "plain": {"score": 0.2284119427204132, "time": 1.3094715640181676}, "val_accuracy": 92.86797991508055}, {"idx": "31", "arch": "(((0, 1), (1, 4), (2, 1), (0, 0), (0, 1), (3, 4), (2, 2), (4, 4)), ((0, 5), (1, 3), (2, 3), (0, 0), (1, 5), (0, 2), (1, 1), (2, 2)))", "plain": {"score": -0.19846706092357635, "time": 1.3782200300192926}, "val_accuracy": 92.56449082046069}, {"idx": "32", "arch": "(((0, 3), (1, 2), (1, 6), (0, 2), (0, 4), (2, 1), (1, 1), (2, 1)), ((0, 3), (1, 3), (0, 6), (2, 0), (1, 3), (2, 3), (3, 6), (2, 1)))", "plain": {"score": 0.209981307387352, "time": 1.283369615994161}, "val_accuracy": 93.62670472395438}, {"idx": "33", "arch": "(((1, 6), (0, 0), (1, 3), (0, 0), (0, 1), (3, 3), (3, 1), (0, 4)), ((0, 0), (1, 3), (0, 5), (1, 1), (2, 4), (0, 0), (4, 2), (2, 0)))", "plain": {"score": 0.083110012114048, "time": 1.4200644719821867}, "val_accuracy": 92.56448991743676}, {"idx": "34", "arch": "(((1, 1), (0, 6), (2, 6), (0, 4), (0, 0), (1, 2), (3, 6), (2, 1)), ((0, 6), (1, 1), (0, 4), (2, 4), (0, 2), (3, 3), (3, 6), (1, 5)))", "plain": {"score": -0.09416322410106659, "time": 1.4163578689913265}, "val_accuracy": 92.86797910467446}, {"idx": "35", "arch": "(((1, 2), (0, 2), (1, 0), (2, 0), (3, 6), (1, 2), (4, 5), (3, 2)), ((0, 1), (1, 6), (2, 4), (1, 3), (0, 3), (3, 5), (2, 6), (4, 5)))", "plain": {"score": 0.04980000853538513, "time": 1.1075003859878052}, "val_accuracy": 91.19878490488519}, {"idx": "36", "arch": "(((1, 5), (0, 4), (0, 2), (2, 1), (0, 6), (2, 3), (2, 5), (3, 3)), ((0, 3), (1, 5), (0, 2), (2, 5), (0, 4), (3, 4), (4, 1), (1, 1)))", "plain": {"score": 0.2901773154735565, "time": 1.4341070819937158}, "val_accuracy": 91.19878379347111}, {"idx": "37", "arch": "(((0, 5), (1, 2), (1, 2), (0, 4), (3, 6), (0, 6), (0, 3), (1, 3)), ((1, 6), (0, 0), (2, 1), (1, 5), (1, 6), (2, 1), (2, 5), (4, 1)))", "plain": {"score": 0.17035186290740967, "time": 1.3692462460021488}, "val_accuracy": 92.71623521726663}, {"idx": "38", "arch": "(((0, 6), (1, 5), (2, 5), (1, 6), (3, 0), (1, 1), (1, 6), (2, 2)), ((1, 0), (0, 5), (0, 6), (2, 1), (1, 1), (0, 2), (1, 0), (0, 3)))", "plain": {"score": 0.29631108045578003, "time": 1.3389947460091207}, "val_accuracy": 92.71623581928259}, {"idx": "39", "arch": "(((0, 1), (1, 0), (1, 2), (0, 5), (3, 4), (2, 5), (1, 6), (4, 2)), ((0, 2), (1, 2), (1, 0), (2, 4), (0, 0), (3, 3), (3, 5), (2, 5)))", "plain": {"score": 0.1355161815881729, "time": 1.272378455993021}, "val_accuracy": 91.65401950772507}, {"idx": "40", "arch": "(((0, 3), (1, 4), (2, 6), (0, 3), (3, 5), (0, 1), (2, 3), (1, 2)), ((1, 4), (0, 3), (2, 3), (0, 6), (0, 2), (2, 1), (4, 0), (0, 4)))", "plain": {"score": 0.13101798295974731, "time": 1.5026803619985003}, "val_accuracy": 92.56449132985881}, {"idx": "41", "arch": "(((1, 0), (0, 3), (2, 2), (0, 3), (1, 4), (2, 0), (0, 1), (2, 4)), ((0, 6), (1, 2), (0, 1), (2, 0), (3, 6), (1, 2), (0, 3), (1, 6)))", "plain": {"score": 0.17106826603412628, "time": 1.4708208499941975}, "val_accuracy": 92.86797961407258}, {"idx": "42", "arch": "(((1, 0), (0, 5), (0, 0), (2, 4), (2, 1), (1, 5), (4, 4), (3, 5)), ((1, 6), (0, 1), (0, 0), (1, 4), (2, 6), (0, 1), (2, 4), (0, 5)))", "plain": {"score": 0.34172502160072327, "time": 1.436093953991076}, "val_accuracy": 92.7162343142427}, {"idx": "43", "arch": "(((1, 4), (0, 4), (2, 1), (1, 2), (1, 4), (2, 2), (3, 0), (4, 5)), ((0, 4), (1, 4), (0, 6), (2, 2), (3, 1), (0, 0), (3, 4), (4, 6)))", "plain": {"score": 0.09826906770467758, "time": 1.3989366560126655}, "val_accuracy": 92.10925531459687}, {"idx": "44", "arch": "(((1, 2), (0, 4), (2, 0), (1, 4), (3, 3), (1, 5), (2, 5), (0, 0)), ((1, 2), (0, 4), (2, 6), (1, 4), (3, 1), (1, 1), (0, 2), (1, 4)))", "plain": {"score": 0.08096887916326523, "time": 1.5094096410030033}, "val_accuracy": 92.86797961407258}, {"idx": "45", "arch": "(((0, 3), (1, 3), (0, 6), (1, 2), (1, 3), (2, 4), (3, 6), (1, 0)), ((1, 3), (0, 4), (0, 6), (2, 4), (3, 6), (2, 5), (4, 4), (1, 5)))", "plain": {"score": 0.06783314049243927, "time": 1.569898332003504}, "val_accuracy": 91.04703990606328}, {"idx": "46", "arch": "(((0, 2), (1, 3), (0, 4), (1, 3), (1, 1), (3, 3), (3, 4), (0, 6)), ((0, 0), (1, 1), (2, 4), (0, 3), (0, 5), (2, 4), (4, 1), (1, 1)))", "plain": {"score": -0.01234198547899723, "time": 1.524448982992908}, "val_accuracy": 92.10925501358889}, {"idx": "47", "arch": "(((1, 5), (0, 6), (1, 4), (0, 2), (2, 2), (1, 6), (2, 1), (0, 4)), ((0, 5), (1, 2), (0, 2), (2, 0), (0, 2), (2, 4), (4, 5), (2, 5)))", "plain": {"score": 0.10358165204524994, "time": 1.38307005999377}, "val_accuracy": 91.80576480755495}, {"idx": "48", "arch": "(((1, 2), (0, 2), (1, 4), (2, 4), (3, 2), (0, 6), (0, 3), (2, 6)), ((0, 2), (1, 2), (2, 6), (1, 0), (1, 2), (3, 4), (1, 4), (3, 3)))", "plain": {"score": 0.18306636810302734, "time": 1.4238971410086378}, "val_accuracy": 92.56448889864052}, {"idx": "49", "arch": "(((1, 0), (0, 0), (2, 2), (1, 6), (1, 5), (0, 3), (1, 0), (2, 0)), ((1, 3), (0, 1), (0, 2), (1, 1), (1, 1), (2, 5), (2, 4), (0, 4)))", "plain": {"score": 0.17332834005355835, "time": 1.2684084929933306}, "val_accuracy": 92.26100112382487}, {"idx": "50", "arch": "(((1, 5), (0, 6), (2, 2), (1, 2), (3, 1), (0, 2), (0, 6), (1, 5)), ((1, 1), (0, 0), (0, 5), (1, 0), (0, 2), (3, 3), (2, 0), (0, 1)))", "plain": {"score": -0.0035200929269194603, "time": 1.1690718820027541}, "val_accuracy": 92.10925501358889}, {"idx": "51", "arch": "(((0, 0), (1, 5), (0, 3), (2, 0), (1, 4), (3, 4), (1, 1), (3, 2)), ((1, 0), (0, 6), (1, 2), (0, 1), (1, 5), (0, 3), (4, 4), (0, 3)))", "plain": {"score": 0.1838265359401703, "time": 1.4092118550033774}, "val_accuracy": 93.32321370751434}, {"idx": "52", "arch": "(((0, 4), (1, 0), (1, 3), (0, 6), (3, 3), (1, 1), (2, 2), (1, 6)), ((0, 2), (1, 2), (0, 5), (1, 3), (1, 5), (3, 4), (0, 6), (4, 0)))", "plain": {"score": 0.11665178090333939, "time": 1.4527528790058568}, "val_accuracy": 92.71623410585256}, {"idx": "53", "arch": "(((1, 0), (0, 2), (1, 3), (2, 0), (1, 1), (3, 3), (4, 3), (1, 0)), ((0, 1), (1, 0), (1, 3), (0, 2), (0, 4), (3, 3), (2, 3), (1, 0)))", "plain": {"score": 0.015177862718701363, "time": 1.3215239639976062}, "val_accuracy": 91.35052869967517}, {"idx": "54", "arch": "(((1, 3), (0, 1), (1, 4), (0, 2), (1, 4), (0, 1), (0, 0), (4, 6)), ((1, 3), (0, 6), (0, 1), (2, 5), (2, 2), (1, 4), (3, 3), (1, 2)))", "plain": {"score": 0.04138137400150299, "time": 1.4125353370036464}, "val_accuracy": 91.80576390453102}, {"idx": "55", "arch": "(((0, 1), (1, 6), (0, 6), (2, 1), (0, 0), (3, 6), (4, 2), (2, 6)), ((0, 3), (1, 5), (1, 5), (2, 3), (1, 1), (2, 2), (1, 0), (0, 2)))", "plain": {"score": 0.004956991411745548, "time": 1.3472181690158322}, "val_accuracy": 92.56449021844473}, {"idx": "56", "arch": "(((0, 3), (1, 0), (2, 6), (1, 2), (2, 2), (1, 1), (2, 6), (4, 4)), ((0, 4), (1, 6), (2, 4), (1, 2), (1, 6), (0, 3), (2, 5), (1, 5)))", "plain": {"score": 0.32448938488960266, "time": 1.3730466160050128}, "val_accuracy": 92.10925450419077}, {"idx": "57", "arch": "(((1, 6), (0, 5), (2, 3), (1, 6), (2, 6), (0, 2), (2, 5), (0, 1)), ((0, 3), (1, 4), (0, 3), (1, 2), (1, 4), (3, 2), (0, 1), (4, 3)))", "plain": {"score": 0.07380471378564835, "time": 1.3841559599968605}, "val_accuracy": 92.71623440686054}, {"idx": "58", "arch": "(((1, 2), (0, 1), (0, 2), (2, 0), (2, 2), (3, 1), (4, 3), (0, 2)), ((0, 3), (1, 4), (0, 6), (2, 1), (1, 4), (3, 6), (0, 5), (4, 5)))", "plain": {"score": 0.05693957954645157, "time": 1.103027553006541}, "val_accuracy": 93.62670532597033}, {"idx": "59", "arch": "(((1, 6), (0, 3), (0, 1), (1, 4), (3, 1), (1, 5), (0, 0), (2, 2)), ((1, 5), (0, 0), (2, 2), (0, 3), (1, 1), (3, 0), (2, 2), (0, 6)))", "plain": {"score": 0.29455989599227905, "time": 1.2945285459863953}, "val_accuracy": 92.56448940803864}, {"idx": "60", "arch": "(((1, 3), (0, 6), (2, 4), (1, 5), (0, 0), (1, 3), (3, 6), (4, 6)), ((1, 0), (0, 2), (0, 6), (1, 5), (0, 4), (3, 0), (4, 6), (2, 6)))", "plain": {"score": -0.0996825098991394, "time": 1.6020340820250567}, "val_accuracy": 91.65402061913915}, {"idx": "61", "arch": "(((1, 5), (0, 5), (2, 0), (1, 1), (0, 2), (3, 2), (0, 3), (3, 3)), ((0, 3), (1, 4), (2, 5), (1, 2), (1, 3), (0, 2), (4, 0), (1, 2)))", "plain": {"score": 0.27577975392341614, "time": 1.228429465991212}, "val_accuracy": 92.26099971140282}, {"idx": "62", "arch": "(((0, 2), (1, 1), (2, 6), (0, 6), (1, 2), (2, 2), (0, 2), (3, 0)), ((1, 2), (0, 6), (0, 2), (2, 4), (2, 3), (1, 3), (3, 6), (4, 0)))", "plain": {"score": -0.05245564132928848, "time": 1.1441949179861695}, "val_accuracy": 93.01972491390245}, {"idx": "63", "arch": "(((1, 1), (0, 3), (1, 2), (2, 1), (0, 5), (3, 5), (4, 1), (0, 0)), ((1, 5), (0, 3), (0, 1), (1, 4), (0, 4), (2, 3), (2, 2), (1, 3)))", "plain": {"score": 0.1907295286655426, "time": 1.258683302992722}, "val_accuracy": 93.17147042212247}, {"idx": "64", "arch": "(((0, 1), (1, 5), (1, 6), (0, 4), (2, 5), (1, 2), (0, 1), (1, 3)), ((0, 5), (1, 5), (2, 0), (0, 0), (0, 2), (1, 1), (1, 1), (0, 5)))", "plain": {"score": 0.12774591147899628, "time": 1.3361783779982943}, "val_accuracy": 92.41274440921673}, {"idx": "65", "arch": "(((0, 1), (1, 3), (2, 3), (1, 2), (1, 3), (3, 4), (2, 6), (4, 6)), ((0, 1), (1, 5), (2, 5), (0, 5), (1, 1), (3, 2), (0, 0), (3, 3)))", "plain": {"score": 0.07545733451843262, "time": 1.435640076000709}, "val_accuracy": 92.41274491861485}, {"idx": "66", "arch": "(((1, 2), (0, 0), (1, 4), (2, 2), (0, 6), (2, 6), (1, 1), (3, 1)), ((0, 0), (1, 0), (2, 4), (0, 0), (3, 2), (1, 4), (1, 5), (3, 1)))", "plain": {"score": 0.3140288293361664, "time": 1.2786354550044052}, "val_accuracy": 91.80576309412491}, {"idx": "67", "arch": "(((1, 0), (0, 5), (1, 4), (2, 0), (1, 5), (0, 0), (0, 4), (2, 5)), ((1, 5), (0, 4), (2, 4), (1, 0), (2, 0), (0, 6), (1, 6), (2, 1)))", "plain": {"score": 0.0023012273013591766, "time": 1.4536098430107813}, "val_accuracy": 92.2609992020047}, {"idx": "68", "arch": "(((0, 1), (1, 6), (1, 2), (0, 4), (1, 2), (2, 0), (0, 3), (4, 2)), ((0, 5), (1, 6), (2, 2), (0, 5), (2, 1), (3, 4), (4, 2), (3, 6)))", "plain": {"score": 0.23033346235752106, "time": 1.219690972007811}, "val_accuracy": 92.56448919964849}, {"idx": "69", "arch": "(((0, 2), (1, 0), (0, 2), (1, 5), (2, 5), (0, 1), (2, 2), (3, 0)), ((0, 1), (1, 1), (0, 1), (2, 4), (0, 0), (1, 3), (2, 6), (3, 0)))", "plain": {"score": 0.16648514568805695, "time": 1.1318436599976849}, "val_accuracy": 92.71623512464879}, {"idx": "70", "arch": "(((0, 4), (1, 0), (0, 1), (1, 3), (2, 2), (1, 5), (2, 2), (4, 4)), ((1, 4), (0, 4), (0, 1), (2, 4), (1, 0), (3, 1), (1, 1), (4, 0)))", "plain": {"score": 0.2088586986064911, "time": 1.343781620991649}, "val_accuracy": 91.65401839631099}, {"idx": "71", "arch": "(((0, 4), (1, 4), (2, 2), (0, 5), (1, 5), (0, 3), (1, 2), (2, 6)), ((0, 3), (1, 2), (0, 3), (2, 2), (1, 3), (3, 6), (3, 0), (4, 3)))", "plain": {"score": 0.06189851090312004, "time": 1.38650427601533}, "val_accuracy": 92.1092542031828}, {"idx": "72", "arch": "(((0, 5), (1, 6), (1, 1), (0, 5), (3, 4), (2, 5), (4, 0), (2, 5)), ((1, 0), (0, 6), (2, 0), (1, 5), (1, 2), (0, 5), (3, 1), (0, 3)))", "plain": {"score": 0.09241632372140884, "time": 1.3750636230106466}, "val_accuracy": 92.10925501358889}, {"idx": "73", "arch": "(((0, 4), (1, 4), (2, 4), (0, 3), (3, 4), (1, 1), (0, 0), (3, 6)), ((0, 6), (1, 3), (2, 3), (0, 5), (2, 1), (0, 5), (0, 1), (1, 4)))", "plain": {"score": 0.046133484691381454, "time": 1.720099489990389}, "val_accuracy": 92.56448889864052}, {"idx": "74", "arch": "(((0, 2), (1, 0), (2, 4), (0, 3), (1, 3), (0, 6), (4, 5), (3, 1)), ((0, 5), (1, 4), (0, 5), (2, 2), (2, 3), (1, 3), (1, 1), (0, 1)))", "plain": {"score": 0.10473975539207458, "time": 1.3803270059870556}, "val_accuracy": 93.4749601187583}, {"idx": "75", "arch": "(((0, 6), (1, 6), (1, 0), (2, 0), (0, 4), (1, 6), (4, 4), (2, 0)), ((1, 6), (0, 6), (1, 6), (2, 1), (3, 0), (2, 3), (0, 0), (4, 0)))", "plain": {"score": -0.03983846679329872, "time": 1.5428209120000247}, "val_accuracy": 91.19878349246314}, {"idx": "76", "arch": "(((1, 3), (0, 2), (0, 1), (2, 1), (0, 4), (2, 1), (4, 4), (1, 1)), ((1, 1), (0, 6), (2, 1), (0, 4), (0, 2), (2, 6), (1, 6), (3, 0)))", "plain": {"score": 0.07125041633844376, "time": 1.368356239021523}, "val_accuracy": 91.80576369614087}, {"idx": "77", "arch": "(((1, 1), (0, 0), (0, 4), (1, 5), (1, 3), (0, 5), (4, 3), (0, 3)), ((1, 0), (0, 1), (0, 5), (2, 2), (2, 6), (1, 4), (1, 1), (3, 1)))", "plain": {"score": 0.04716360196471214, "time": 1.442901703005191}, "val_accuracy": 91.80576582635118}, {"idx": "78", "arch": "(((0, 4), (1, 6), (1, 3), (0, 5), (1, 2), (3, 0), (2, 5), (4, 3)), ((1, 6), (0, 6), (2, 0), (0, 0), (3, 1), (2, 6), (4, 4), (0, 6)))", "plain": {"score": 0.25721558928489685, "time": 1.4335493459948339}, "val_accuracy": 93.32321461053829}, {"idx": "79", "arch": "(((1, 4), (0, 0), (1, 3), (0, 1), (0, 0), (2, 3), (2, 2), (3, 3)), ((1, 1), (0, 5), (0, 3), (1, 3), (0, 2), (1, 3), (1, 5), (2, 4)))", "plain": {"score": 0.12426359951496124, "time": 1.4532837379956618}, "val_accuracy": 92.71623299443849}, {"idx": "80", "arch": "(((0, 1), (1, 3), (2, 3), (1, 4), (1, 4), (2, 6), (1, 3), (2, 0)), ((0, 4), (1, 6), (1, 6), (2, 4), (1, 3), (0, 2), (0, 5), (1, 4)))", "plain": {"score": 0.11390180885791779, "time": 1.653729497018503}, "val_accuracy": 93.01972572430856}, {"idx": "81", "arch": "(((0, 3), (1, 4), (0, 0), (2, 3), (0, 3), (2, 2), (2, 3), (3, 2)), ((1, 1), (0, 1), (2, 0), (1, 0), (2, 3), (0, 4), (4, 6), (0, 6)))", "plain": {"score": 0.029937434941530228, "time": 1.4116072529868688}, "val_accuracy": 91.50227480991114}, {"idx": "82", "arch": "(((1, 4), (0, 4), (2, 0), (1, 1), (0, 6), (1, 4), (3, 6), (2, 1)), ((0, 3), (1, 5), (1, 5), (0, 4), (0, 5), (2, 6), (2, 1), (3, 6)))", "plain": {"score": 0.028017263859510422, "time": 1.5937906079925597}, "val_accuracy": 91.50227420789518}, {"idx": "83", "arch": "(((0, 5), (1, 1), (0, 0), (2, 1), (3, 0), (1, 4), (4, 4), (1, 0)), ((0, 6), (1, 2), (0, 1), (1, 2), (3, 5), (1, 2), (0, 2), (1, 3)))", "plain": {"score": 0.47791972756385803, "time": 1.3887777639902197}, "val_accuracy": 93.3232159303425}, {"idx": "84", "arch": "(((0, 3), (1, 1), (2, 3), (1, 4), (0, 1), (1, 3), (1, 1), (2, 4)), ((1, 5), (0, 4), (0, 5), (1, 0), (3, 0), (0, 3), (0, 5), (4, 1)))", "plain": {"score": -0.03844946250319481, "time": 1.517812498001149}, "val_accuracy": 92.26100052180891}, {"idx": "85", "arch": "(((1, 3), (0, 0), (0, 0), (1, 1), (0, 6), (1, 2), (1, 5), (0, 3)), ((0, 0), (1, 0), (0, 5), (1, 1), (1, 1), (0, 4), (4, 4), (1, 5)))", "plain": {"score": 0.23928287625312805, "time": 1.3121133880049456}, "val_accuracy": 92.56449021844473}, {"idx": "86", "arch": "(((1, 4), (0, 2), (0, 2), (2, 2), (0, 1), (1, 0), (1, 5), (0, 4)), ((0, 0), (1, 6), (2, 0), (0, 5), (3, 6), (0, 2), (2, 4), (4, 2)))", "plain": {"score": 0.10104990005493164, "time": 1.238429617980728}, "val_accuracy": 92.1092542031828}, {"idx": "87", "arch": "(((1, 6), (0, 1), (2, 6), (0, 2), (3, 1), (1, 5), (3, 5), (1, 5)), ((1, 1), (0, 1), (0, 2), (2, 5), (3, 0), (0, 3), (3, 4), (4, 5)))", "plain": {"score": 0.40426284074783325, "time": 1.2613559490127955}, "val_accuracy": 92.41274410820876}, {"idx": "88", "arch": "(((1, 1), (0, 3), (2, 4), (1, 5), (1, 2), (3, 6), (4, 4), (3, 2)), ((0, 3), (1, 1), (2, 4), (1, 3), (0, 5), (2, 1), (2, 5), (4, 0)))", "plain": {"score": -0.013351737521588802, "time": 1.3564313710085116}, "val_accuracy": 92.41274521962283}, {"idx": "89", "arch": "(((1, 4), (0, 2), (0, 1), (1, 2), (0, 2), (3, 5), (4, 1), (1, 1)), ((0, 6), (1, 4), (2, 6), (0, 5), (3, 4), (1, 4), (2, 2), (3, 4)))", "plain": {"score": 0.06258746236562729, "time": 1.1956927569990512}, "val_accuracy": 92.56449082046069}, {"idx": "90", "arch": "(((0, 2), (1, 3), (0, 4), (1, 2), (1, 0), (2, 4), (0, 6), (3, 0)), ((0, 6), (1, 2), (2, 0), (0, 1), (0, 3), (2, 6), (4, 6), (2, 5)))", "plain": {"score": 0.31957146525382996, "time": 1.3906195540039334}, "val_accuracy": 93.47496153118036}, {"idx": "91", "arch": "(((1, 5), (0, 5), (2, 6), (1, 4), (3, 3), (2, 6), (0, 1), (3, 0)), ((0, 2), (1, 3), (1, 3), (0, 3), (1, 5), (0, 2), (2, 6), (4, 2)))", "plain": {"score": 0.18821991980075836, "time": 1.4606585300061852}, "val_accuracy": 92.71623602767274}, {"idx": "92", "arch": "(((1, 1), (0, 0), (1, 3), (0, 4), (3, 4), (0, 5), (3, 6), (2, 4)), ((1, 4), (0, 0), (0, 2), (1, 1), (1, 5), (3, 1), (1, 3), (0, 4)))", "plain": {"score": 0.05148601531982422, "time": 1.6271207469981164}, "val_accuracy": 93.1714701211145}, {"idx": "93", "arch": "(((0, 0), (1, 3), (0, 0), (1, 0), (3, 5), (0, 0), (3, 2), (0, 1)), ((0, 5), (1, 5), (2, 0), (1, 6), (1, 1), (2, 3), (0, 2), (2, 2)))", "plain": {"score": 0.20799216628074646, "time": 1.211285912024323}, "val_accuracy": 91.80576480755495}, {"idx": "94", "arch": "(((1, 5), (0, 2), (0, 0), (1, 1), (0, 4), (1, 1), (4, 5), (1, 5)), ((1, 3), (0, 4), (2, 1), (0, 2), (2, 2), (1, 4), (1, 6), (3, 4)))", "plain": {"score": -0.04032350704073906, "time": 1.2964042439998593}, "val_accuracy": 93.17147123252857}, {"idx": "95", "arch": "(((1, 1), (0, 2), (1, 4), (0, 3), (3, 5), (0, 1), (0, 6), (2, 5)), ((0, 2), (1, 1), (2, 5), (0, 3), (2, 0), (3, 5), (3, 4), (1, 3)))", "plain": {"score": 0.06430094689130783, "time": 1.3382711509766523}, "val_accuracy": 91.95750899597076}, {"idx": "96", "arch": "(((1, 6), (0, 2), (2, 3), (0, 1), (1, 4), (0, 3), (2, 5), (0, 1)), ((1, 6), (0, 2), (2, 6), (0, 2), (2, 1), (1, 5), (0, 0), (2, 3)))", "plain": {"score": 0.3367951512336731, "time": 1.3864627910079435}, "val_accuracy": 92.41274471022471}, {"idx": "97", "arch": "(((1, 2), (0, 1), (1, 1), (2, 0), (1, 1), (2, 1), (1, 2), (0, 6)), ((1, 6), (0, 3), (0, 1), (1, 4), (0, 2), (2, 2), (0, 5), (3, 1)))", "plain": {"score": -0.025217140093445778, "time": 1.137938972999109}, "val_accuracy": 92.71623380484458}, {"idx": "98", "arch": "(((1, 5), (0, 1), (0, 0), (2, 0), (1, 0), (0, 0), (1, 1), (3, 0)), ((1, 1), (0, 3), (2, 4), (1, 0), (3, 6), (2, 3), (0, 1), (2, 5)))", "plain": {"score": -0.015791533514857292, "time": 1.2071740700048395}, "val_accuracy": 91.50227318909896}, {"idx": "99", "arch": "(((0, 1), (1, 2), (0, 3), (1, 5), (1, 0), (0, 5), (3, 6), (0, 2)), ((0, 6), (1, 5), (1, 2), (2, 6), (3, 0), (2, 1), (3, 6), (4, 5)))", "plain": {"score": 0.1330135017633438, "time": 1.2210070060100406}, "val_accuracy": 91.95750890335292}, {"idx": "100", "arch": "(((0, 0), (1, 6), (2, 4), (1, 1), (0, 1), (2, 6), (1, 5), (2, 2)), ((1, 6), (0, 2), (2, 4), (1, 1), (3, 6), (2, 5), (0, 2), (1, 2)))", "plain": {"score": 0.13177861273288727, "time": 1.363566001993604}, "val_accuracy": 92.26100052180891}, {"idx": "101", "arch": "(((1, 4), (0, 2), (1, 4), (2, 4), (3, 3), (2, 5), (4, 1), (0, 5)), ((1, 3), (0, 1), (2, 6), (0, 5), (3, 0), (2, 6), (4, 1), (0, 3)))", "plain": {"score": -0.01791347563266754, "time": 1.5042713149741758}, "val_accuracy": 91.65402010974103}, {"idx": "102", "arch": "(((0, 5), (1, 3), (1, 2), (2, 2), (0, 2), (2, 2), (0, 2), (4, 4)), ((1, 4), (0, 6), (0, 1), (2, 1), (2, 0), (0, 3), (2, 3), (0, 4)))", "plain": {"score": 0.0043978141620755196, "time": 1.1474136150209233}, "val_accuracy": 92.86798051709651}, {"idx": "103", "arch": "(((0, 4), (1, 0), (1, 0), (2, 3), (1, 0), (0, 4), (4, 4), (1, 6)), ((1, 4), (0, 2), (1, 1), (2, 2), (0, 2), (3, 3), (4, 4), (2, 5)))", "plain": {"score": 0.0745776817202568, "time": 1.6502737069968134}, "val_accuracy": 92.41274491861485}, {"idx": "104", "arch": "(((1, 0), (0, 2), (2, 5), (0, 1), (1, 3), (0, 3), (2, 6), (3, 4)), ((0, 4), (1, 2), (0, 0), (2, 2), (1, 3), (0, 1), (0, 6), (4, 5)))", "plain": {"score": 0.18583330512046814, "time": 1.3801578679995146}, "val_accuracy": 92.4127458216388}, {"idx": "105", "arch": "(((1, 4), (0, 6), (1, 4), (2, 2), (2, 4), (1, 5), (4, 0), (3, 1)), ((0, 2), (1, 5), (0, 5), (2, 0), (2, 1), (0, 3), (3, 0), (1, 4)))", "plain": {"score": 0.042588964104652405, "time": 1.4720285809889901}, "val_accuracy": 91.1987846038772}, {"idx": "106", "arch": "(((1, 0), (0, 3), (2, 3), (0, 1), (3, 3), (1, 2), (3, 3), (0, 4)), ((0, 4), (1, 2), (2, 5), (1, 2), (3, 6), (2, 0), (3, 4), (2, 6)))", "plain": {"score": 0.07575798779726028, "time": 1.498958850017516}, "val_accuracy": 91.04703879464921}, {"idx": "107", "arch": "(((0, 0), (1, 3), (1, 0), (2, 6), (2, 6), (1, 6), (0, 6), (3, 2)), ((1, 1), (0, 4), (2, 6), (1, 2), (3, 6), (1, 0), (0, 2), (1, 5)))", "plain": {"score": 0.3946421444416046, "time": 1.4109325819881633}, "val_accuracy": 93.01972380248839}, {"idx": "108", "arch": "(((1, 3), (0, 6), (0, 2), (1, 5), (3, 0), (0, 4), (2, 2), (1, 0)), ((0, 2), (1, 2), (2, 0), (1, 1), (2, 3), (0, 5), (0, 1), (2, 4)))", "plain": {"score": 0.24908964335918427, "time": 1.2920923769997898}, "val_accuracy": 92.71623491625866}, {"idx": "109", "arch": "(((1, 0), (0, 6), (0, 3), (2, 3), (1, 4), (2, 5), (2, 0), (4, 2)), ((1, 6), (0, 5), (0, 1), (1, 3), (2, 4), (3, 5), (3, 3), (1, 5)))", "plain": {"score": 0.16318629682064056, "time": 1.4273138810240198}, "val_accuracy": 92.26099859998874}, {"idx": "110", "arch": "(((1, 0), (0, 3), (0, 5), (2, 4), (0, 1), (2, 2), (0, 2), (2, 1)), ((0, 2), (1, 2), (1, 5), (0, 0), (3, 1), (2, 3), (0, 3), (2, 5)))", "plain": {"score": 0.12418942153453827, "time": 1.246516965009505}, "val_accuracy": 93.17146982010652}, {"idx": "111", "arch": "(((1, 6), (0, 0), (1, 2), (2, 1), (2, 4), (3, 5), (4, 5), (0, 3)), ((0, 1), (1, 6), (0, 6), (1, 6), (1, 1), (2, 4), (2, 2), (4, 6)))", "plain": {"score": -0.09149177372455597, "time": 1.354472993989475}, "val_accuracy": 90.89529430522542}, {"idx": "112", "arch": "(((1, 0), (0, 2), (1, 2), (0, 5), (3, 3), (1, 5), (1, 2), (2, 6)), ((0, 5), (1, 5), (0, 3), (1, 0), (1, 4), (0, 4), (1, 5), (0, 0)))", "plain": {"score": 0.13510771095752716, "time": 1.2139506429957692}, "val_accuracy": 92.41274440921673}, {"idx": "113", "arch": "(((0, 4), (1, 0), (2, 1), (1, 4), (1, 5), (3, 2), (4, 3), (2, 1)), ((0, 4), (1, 4), (2, 6), (1, 4), (2, 6), (0, 3), (0, 0), (3, 6)))", "plain": {"score": 0.21334272623062134, "time": 1.4466023980057798}, "val_accuracy": 91.95750971375901}, {"idx": "114", "arch": "(((1, 1), (0, 4), (1, 6), (2, 1), (3, 0), (1, 4), (2, 2), (0, 4)), ((1, 3), (0, 4), (1, 6), (0, 1), (2, 0), (3, 2), (0, 6), (4, 5)))", "plain": {"score": 0.21120204031467438, "time": 1.4427227230044082}, "val_accuracy": 91.95751112618106}, {"idx": "115", "arch": "(((0, 0), (1, 2), (1, 0), (2, 0), (0, 1), (1, 3), (0, 2), (3, 3)), ((1, 0), (0, 1), (0, 0), (1, 1), (2, 5), (1, 4), (0, 4), (2, 6)))", "plain": {"score": 0.16324016451835632, "time": 1.2109478350030258}, "val_accuracy": 91.80576531695307}, {"idx": "116", "arch": "(((1, 2), (0, 5), (1, 2), (0, 4), (1, 4), (0, 4), (4, 4), (3, 4)), ((1, 0), (0, 5), (2, 5), (0, 5), (2, 0), (0, 2), (1, 0), (2, 3)))", "plain": {"score": 0.03932292386889458, "time": 1.586806084989803}, "val_accuracy": 91.8057633951329}, {"idx": "117", "arch": "(((0, 4), (1, 3), (2, 0), (1, 4), (2, 3), (0, 3), (1, 6), (4, 0)), ((0, 1), (1, 5), (0, 3), (1, 2), (0, 3), (2, 6), (4, 4), (0, 5)))", "plain": {"score": -0.04377104341983795, "time": 1.650568037002813}, "val_accuracy": 92.10925450419077}, {"idx": "118", "arch": "(((1, 4), (0, 6), (1, 6), (0, 3), (2, 1), (1, 4), (3, 6), (1, 1)), ((0, 3), (1, 2), (2, 1), (1, 5), (3, 6), (1, 2), (1, 0), (0, 5)))", "plain": {"score": 0.13985666632652283, "time": 1.561202292010421}, "val_accuracy": 92.26100001241079}, {"idx": "119", "arch": "(((0, 0), (1, 3), (1, 1), (2, 3), (0, 5), (1, 2), (2, 4), (4, 1)), ((1, 5), (0, 3), (0, 0), (2, 4), (2, 4), (3, 2), (1, 2), (0, 0)))", "plain": {"score": 0.046863291412591934, "time": 1.3866261419898365}, "val_accuracy": 92.26100001241079}, {"idx": "120", "arch": "(((0, 5), (1, 2), (1, 5), (0, 5), (3, 5), (2, 5), (4, 2), (1, 5)), ((0, 0), (1, 5), (1, 3), (0, 1), (2, 6), (1, 4), (4, 5), (0, 3)))", "plain": {"score": 0.23154081404209137, "time": 1.2097767759987619}, "val_accuracy": 92.10925612500296}, {"idx": "121", "arch": "(((0, 3), (1, 4), (0, 2), (2, 3), (1, 6), (3, 0), (2, 1), (3, 0)), ((1, 3), (0, 4), (2, 3), (1, 2), (1, 0), (3, 3), (4, 2), (1, 3)))", "plain": {"score": -0.021955501288175583, "time": 1.385705335997045}, "val_accuracy": 91.04703849364122}, {"idx": "122", "arch": "(((1, 0), (0, 0), (1, 4), (0, 2), (1, 0), (3, 0), (0, 6), (2, 2)), ((1, 3), (0, 0), (0, 5), (1, 2), (0, 4), (2, 3), (2, 3), (1, 4)))", "plain": {"score": 0.47734367847442627, "time": 1.3020125679904595}, "val_accuracy": 92.56448940803864}, {"idx": "123", "arch": "(((0, 4), (1, 3), (2, 5), (0, 4), (2, 4), (3, 6), (0, 4), (4, 5)), ((1, 0), (0, 2), (2, 0), (1, 4), (2, 0), (0, 6), (3, 1), (0, 0)))", "plain": {"score": 0.0510256253182888, "time": 1.7140766989905387}, "val_accuracy": 91.50227369849708}, {"idx": "124", "arch": "(((1, 5), (0, 4), (2, 6), (1, 3), (0, 4), (3, 5), (0, 5), (3, 3)), ((1, 4), (0, 0), (1, 4), (0, 0), (1, 0), (2, 2), (0, 4), (1, 2)))", "plain": {"score": -0.016938205808401108, "time": 1.6004972420050763}, "val_accuracy": 91.80576471493711}, {"idx": "125", "arch": "(((0, 1), (1, 0), (2, 4), (0, 1), (1, 0), (3, 5), (3, 5), (2, 4)), ((0, 3), (1, 1), (2, 2), (1, 0), (0, 4), (3, 5), (1, 1), (0, 3)))", "plain": {"score": 0.2649138569831848, "time": 1.3703816620109137}, "val_accuracy": 92.1092542031828}, {"idx": "126", "arch": "(((1, 6), (0, 6), (0, 6), (1, 1), (2, 1), (1, 3), (2, 5), (3, 4)), ((0, 5), (1, 3), (0, 1), (2, 6), (1, 3), (2, 5), (4, 0), (1, 6)))", "plain": {"score": 0.0018744892440736294, "time": 1.4864275850122795}, "val_accuracy": 90.89529187400714}, {"idx": "127", "arch": "(((1, 5), (0, 0), (1, 1), (2, 1), (3, 5), (2, 4), (3, 2), (1, 3)), ((1, 6), (0, 5), (1, 2), (2, 0), (0, 2), (2, 2), (3, 3), (4, 6)))", "plain": {"score": 0.16990883648395538, "time": 1.2998730390099809}, "val_accuracy": 91.95750869496277}, {"idx": "128", "arch": "(((1, 1), (0, 5), (1, 1), (0, 0), (2, 0), (0, 3), (2, 6), (3, 3)), ((1, 5), (0, 3), (0, 5), (1, 3), (0, 0), (3, 5), (3, 4), (1, 2)))", "plain": {"score": 0.360933393239975, "time": 1.3653603290149476}, "val_accuracy": 93.32321674074859}, {"idx": "129", "arch": "(((0, 3), (1, 2), (1, 6), (0, 5), (1, 0), (3, 6), (2, 0), (4, 3)), ((1, 0), (0, 5), (2, 1), (1, 0), (3, 2), (2, 1), (4, 0), (0, 0)))", "plain": {"score": 0.055211141705513, "time": 1.3007594009977765}, "val_accuracy": 92.56449163086678}, {"idx": "130", "arch": "(((0, 0), (1, 3), (2, 5), (0, 2), (1, 0), (3, 4), (0, 2), (1, 0)), ((1, 6), (0, 2), (1, 5), (2, 5), (1, 5), (2, 1), (0, 5), (2, 4)))", "plain": {"score": 0.23848286271095276, "time": 1.2715808649954852}, "val_accuracy": 92.86798042447867}, {"idx": "131", "arch": "(((1, 6), (0, 1), (1, 0), (2, 1), (2, 6), (3, 3), (0, 4), (3, 3)), ((1, 1), (0, 3), (0, 0), (2, 3), (0, 1), (2, 3), (2, 0), (1, 2)))", "plain": {"score": 0.23652729392051697, "time": 1.4520978959917556}, "val_accuracy": 91.19878289044718}, {"idx": "132", "arch": "(((1, 5), (0, 1), (1, 6), (0, 6), (2, 1), (1, 0), (2, 5), (4, 4)), ((1, 1), (0, 1), (0, 6), (1, 3), (3, 5), (2, 1), (0, 1), (2, 2)))", "plain": {"score": 0.03885030373930931, "time": 1.358920484984992}, "val_accuracy": 91.04703849364122}, {"idx": "133", "arch": "(((1, 6), (0, 1), (0, 6), (1, 5), (2, 6), (1, 1), (4, 0), (3, 6)), ((1, 2), (0, 1), (1, 0), (0, 2), (3, 1), (0, 3), (4, 5), (3, 4)))", "plain": {"score": 0.20245087146759033, "time": 1.4325251879927237}, "val_accuracy": 92.26100052180891}, {"idx": "134", "arch": "(((1, 3), (0, 5), (2, 1), (0, 0), (3, 1), (2, 0), (3, 4), (0, 5)), ((1, 3), (0, 0), (0, 2), (1, 6), (2, 0), (0, 3), (1, 6), (0, 0)))", "plain": {"score": 0.12872128188610077, "time": 1.3939196119899862}, "val_accuracy": 93.62670532597033}, {"idx": "135", "arch": "(((0, 6), (1, 0), (1, 1), (2, 5), (1, 2), (0, 2), (4, 6), (2, 6)), ((0, 0), (1, 1), (0, 1), (2, 3), (0, 3), (2, 6), (0, 2), (2, 1)))", "plain": {"score": 0.03216543793678284, "time": 1.24942017099238}, "val_accuracy": 92.10925552298701}, {"idx": "136", "arch": "(((0, 6), (1, 0), (1, 3), (0, 1), (3, 2), (1, 6), (1, 6), (0, 0)), ((0, 1), (1, 6), (1, 5), (0, 1), (2, 4), (1, 0), (2, 3), (4, 0)))", "plain": {"score": 0.3855242133140564, "time": 1.3370725709828548}, "val_accuracy": 92.10925612500296}, {"idx": "137", "arch": "(((1, 5), (0, 5), (0, 2), (2, 2), (0, 0), (3, 2), (1, 1), (3, 6)), ((0, 2), (1, 3), (1, 5), (0, 0), (2, 4), (3, 5), (0, 6), (4, 5)))", "plain": {"score": 0.11803611367940903, "time": 1.14733982400503}, "val_accuracy": 92.86798123488477}, {"idx": "138", "arch": "(((1, 5), (0, 4), (2, 6), (1, 5), (0, 2), (2, 3), (2, 1), (1, 5)), ((1, 2), (0, 2), (1, 0), (0, 1), (3, 3), (0, 4), (2, 5), (4, 3)))", "plain": {"score": 0.1886248141527176, "time": 1.3690020049980376}, "val_accuracy": 91.80576480755495}, {"idx": "139", "arch": "(((0, 3), (1, 2), (1, 3), (0, 6), (3, 2), (0, 3), (0, 5), (3, 5)), ((1, 4), (0, 2), (2, 2), (0, 0), (3, 3), (1, 0), (0, 2), (4, 6)))", "plain": {"score": 0.10083434730768204, "time": 1.3159114510053769}, "val_accuracy": 93.01972653471465}, {"idx": "140", "arch": "(((0, 3), (1, 5), (2, 2), (1, 5), (1, 2), (2, 5), (3, 3), (4, 4)), ((1, 2), (0, 3), (1, 2), (0, 2), (1, 2), (2, 1), (4, 4), (1, 2)))", "plain": {"score": 0.09129457920789719, "time": 1.36237245000666}, "val_accuracy": 91.80576420553899}, {"idx": "141", "arch": "(((1, 4), (0, 6), (0, 2), (1, 0), (3, 6), (1, 3), (4, 2), (3, 4)), ((0, 0), (1, 3), (1, 2), (0, 5), (1, 3), (0, 3), (1, 1), (3, 4)))", "plain": {"score": -0.20019280910491943, "time": 1.460212006000802}, "val_accuracy": 92.10925552298701}, {"idx": "142", "arch": "(((1, 2), (0, 4), (0, 4), (1, 0), (0, 5), (2, 2), (4, 0), (1, 1)), ((1, 4), (0, 4), (1, 5), (0, 4), (0, 6), (1, 0), (1, 5), (0, 6)))", "plain": {"score": -0.08576785773038864, "time": 1.3615406299941242}, "val_accuracy": 93.01972461289448}, {"idx": "143", "arch": "(((1, 5), (0, 5), (2, 2), (1, 3), (1, 0), (0, 6), (1, 0), (3, 0)), ((0, 0), (1, 4), (1, 5), (0, 4), (1, 2), (0, 3), (2, 6), (3, 4)))", "plain": {"score": 0.3011375665664673, "time": 1.348555420001503}, "val_accuracy": 91.95750950536888}, {"idx": "144", "arch": "(((0, 6), (1, 3), (0, 1), (1, 1), (3, 0), (1, 1), (1, 3), (0, 1)), ((0, 3), (1, 4), (2, 0), (1, 3), (1, 0), (0, 2), (1, 6), (4, 4)))", "plain": {"score": -0.020734721794724464, "time": 1.3450952179846354}, "val_accuracy": 91.95751031577497}, {"idx": "145", "arch": "(((0, 2), (1, 3), (2, 2), (0, 4), (3, 5), (2, 2), (1, 1), (3, 5)), ((1, 5), (0, 2), (2, 1), (1, 5), (0, 1), (1, 6), (3, 2), (1, 3)))", "plain": {"score": 0.005490035749971867, "time": 1.1939935839909595}, "val_accuracy": 92.26100082281688}, {"idx": "146", "arch": "(((1, 4), (0, 4), (0, 0), (1, 6), (1, 3), (3, 6), (0, 0), (2, 1)), ((0, 3), (1, 2), (1, 3), (2, 2), (3, 5), (2, 2), (1, 3), (3, 6)))", "plain": {"score": -0.18216650187969208, "time": 1.5069182710140012}, "val_accuracy": 93.01972461289448}, {"idx": "147", "arch": "(((0, 1), (1, 3), (0, 2), (2, 4), (0, 1), (1, 1), (0, 4), (4, 0)), ((1, 1), (0, 0), (0, 5), (1, 4), (1, 0), (3, 5), (4, 0), (0, 4)))", "plain": {"score": -0.027865363284945488, "time": 1.3574392500158865}, "val_accuracy": 91.50227279547313}, {"idx": "148", "arch": "(((1, 1), (0, 4), (0, 1), (1, 5), (2, 5), (0, 4), (3, 6), (4, 4)), ((0, 6), (1, 3), (1, 6), (0, 6), (2, 5), (0, 3), (3, 0), (0, 4)))", "plain": {"score": 0.12507815659046173, "time": 1.5752185749879573}, "val_accuracy": 92.10925531459687}, {"idx": "149", "arch": "(((1, 3), (0, 6), (1, 1), (2, 0), (2, 4), (1, 1), (0, 6), (3, 4)), ((1, 5), (0, 6), (2, 4), (1, 6), (0, 5), (2, 0), (4, 6), (0, 5)))", "plain": {"score": -0.03344891965389252, "time": 1.5334465560154058}, "val_accuracy": 92.10925390217481}, {"idx": "150", "arch": "(((0, 5), (1, 1), (1, 4), (2, 4), (0, 6), (3, 0), (4, 0), (1, 1)), ((1, 5), (0, 6), (1, 1), (2, 2), (3, 4), (1, 2), (2, 1), (4, 1)))", "plain": {"score": 0.22870709002017975, "time": 1.4052798580087256}, "val_accuracy": 91.35052960269911}, {"idx": "151", "arch": "(((1, 3), (0, 3), (2, 5), (0, 6), (1, 5), (2, 0), (4, 3), (1, 5)), ((1, 2), (0, 1), (1, 5), (2, 3), (1, 3), (0, 6), (2, 1), (0, 2)))", "plain": {"score": 0.3883100748062134, "time": 1.4670501649961807}, "val_accuracy": 92.56448859763255}, {"idx": "152", "arch": "(((1, 6), (0, 2), (0, 3), (1, 3), (1, 4), (0, 3), (0, 2), (4, 5)), ((1, 1), (0, 4), (2, 5), (0, 2), (2, 1), (3, 5), (4, 5), (1, 0)))", "plain": {"score": 0.2802812159061432, "time": 1.3850701650080737}, "val_accuracy": 92.86797820165053}, {"idx": "153", "arch": "(((1, 2), (0, 6), (2, 0), (1, 2), (1, 1), (3, 0), (4, 0), (1, 5)), ((0, 5), (1, 1), (2, 1), (0, 2), (3, 4), (1, 2), (3, 5), (4, 1)))", "plain": {"score": 0.3052481412887573, "time": 1.1671297900029458}, "val_accuracy": 91.04703708121917}, {"idx": "154", "arch": "(((0, 2), (1, 1), (2, 6), (0, 5), (2, 1), (0, 1), (2, 0), (1, 5)), ((1, 1), (0, 0), (1, 0), (0, 6), (1, 5), (2, 2), (3, 6), (1, 0)))", "plain": {"score": 0.128242626786232, "time": 1.1905348440050147}, "val_accuracy": 93.93019613402024}, {"idx": "155", "arch": "(((0, 3), (1, 0), (2, 4), (0, 1), (3, 4), (1, 6), (1, 0), (2, 1)), ((0, 1), (1, 6), (1, 1), (0, 2), (1, 2), (3, 4), (1, 1), (3, 6)))", "plain": {"score": 0.24767866730690002, "time": 1.4622038019879255}, "val_accuracy": 91.65402061913915}, {"idx": "156", "arch": "(((1, 2), (0, 0), (0, 0), (1, 5), (2, 2), (1, 5), (3, 2), (1, 1)), ((1, 1), (0, 3), (0, 5), (2, 3), (1, 6), (0, 0), (4, 2), (0, 6)))", "plain": {"score": 0.16161318123340607, "time": 1.0932178299990483}, "val_accuracy": 92.56449072784285}, {"idx": "157", "arch": "(((1, 2), (0, 0), (1, 4), (0, 1), (0, 6), (3, 6), (4, 3), (0, 5)), ((1, 2), (0, 0), (1, 4), (0, 2), (1, 5), (3, 5), (1, 3), (2, 3)))", "plain": {"score": 0.08707483857870102, "time": 1.422675937996246}, "val_accuracy": 92.41274501123269}, {"idx": "158", "arch": "(((0, 3), (1, 1), (0, 3), (1, 1), (3, 3), (2, 0), (3, 3), (1, 5)), ((0, 0), (1, 6), (2, 1), (0, 5), (3, 2), (2, 2), (2, 4), (4, 1)))", "plain": {"score": 0.312112033367157, "time": 1.3436877689964604}, "val_accuracy": 92.41274410820876}, {"idx": "159", "arch": "(((1, 6), (0, 4), (1, 3), (0, 6), (2, 1), (0, 0), (1, 3), (4, 0)), ((1, 6), (0, 5), (1, 5), (2, 1), (1, 5), (2, 3), (3, 2), (1, 0)))", "plain": {"score": 0.19542883336544037, "time": 1.454828396992525}, "val_accuracy": 91.35052900068315}, {"idx": "160", "arch": "(((1, 1), (0, 1), (2, 3), (0, 3), (2, 4), (3, 0), (1, 4), (2, 3)), ((1, 1), (0, 0), (2, 0), (0, 4), (1, 6), (3, 1), (2, 5), (4, 1)))", "plain": {"score": 0.39280396699905396, "time": 1.5436606790171936}, "val_accuracy": 91.19878430286923}, {"idx": "161", "arch": "(((1, 6), (0, 5), (2, 0), (1, 1), (2, 2), (3, 5), (4, 6), (3, 2)), ((1, 6), (0, 0), (2, 1), (1, 5), (3, 1), (2, 2), (2, 6), (3, 0)))", "plain": {"score": 0.14918838441371918, "time": 1.1925553570035845}, "val_accuracy": 91.35052930169113}, {"idx": "162", "arch": "(((0, 2), (1, 5), (1, 3), (0, 0), (3, 3), (2, 6), (1, 1), (2, 3)), ((1, 0), (0, 4), (1, 6), (2, 2), (0, 1), (2, 4), (1, 4), (4, 6)))", "plain": {"score": 0.18833725154399872, "time": 1.3826674729934894}, "val_accuracy": 92.71623521726663}, {"idx": "163", "arch": "(((1, 1), (0, 1), (1, 3), (2, 4), (2, 0), (1, 6), (2, 5), (1, 4)), ((1, 5), (0, 6), (2, 0), (0, 3), (3, 2), (0, 3), (2, 2), (1, 3)))", "plain": {"score": 0.041346415877342224, "time": 1.4899438639986329}, "val_accuracy": 92.56448991743676}, {"idx": "164", "arch": "(((1, 1), (0, 2), (1, 5), (0, 5), (3, 6), (2, 4), (3, 5), (4, 1)), ((1, 1), (0, 2), (1, 6), (0, 2), (0, 3), (2, 4), (2, 6), (3, 4)))", "plain": {"score": 0.1652287095785141, "time": 1.341263987007551}, "val_accuracy": 92.26100001241079}, {"idx": "165", "arch": "(((1, 2), (0, 3), (1, 6), (2, 2), (3, 5), (2, 6), (3, 3), (2, 1)), ((0, 0), (1, 5), (0, 2), (2, 0), (1, 2), (2, 2), (4, 3), (2, 1)))", "plain": {"score": 0.13328056037425995, "time": 1.258731557027204}, "val_accuracy": 92.26100052180891}, {"idx": "166", "arch": "(((1, 6), (0, 4), (2, 3), (1, 0), (2, 4), (0, 0), (0, 4), (1, 4)), ((1, 3), (0, 5), (0, 4), (2, 6), (1, 3), (2, 4), (1, 1), (0, 4)))", "plain": {"score": 0.07138656079769135, "time": 1.7485988199769054}, "val_accuracy": 91.3505312235113}, {"idx": "167", "arch": "(((0, 3), (1, 1), (2, 1), (1, 5), (2, 0), (3, 6), (4, 3), (1, 5)), ((0, 6), (1, 5), (1, 0), (2, 4), (1, 5), (0, 4), (1, 3), (0, 3)))", "plain": {"score": 0.10710010677576065, "time": 1.4111249650013633}, "val_accuracy": 90.74354798659931}, {"idx": "168", "arch": "(((1, 2), (0, 0), (1, 6), (0, 5), (3, 3), (2, 6), (2, 6), (4, 1)), ((0, 2), (1, 6), (2, 1), (1, 1), (0, 1), (1, 6), (1, 4), (0, 5)))", "plain": {"score": 0.076724112033844, "time": 1.3667129649838898}, "val_accuracy": 92.26099728018453}, {"idx": "169", "arch": "(((1, 0), (0, 6), (0, 1), (2, 2), (3, 5), (2, 1), (4, 4), (2, 5)), ((1, 0), (0, 6), (0, 6), (2, 2), (3, 0), (0, 1), (1, 3), (4, 3)))", "plain": {"score": 0.17909309267997742, "time": 1.2904644000227563}, "val_accuracy": 92.41274471022471}, {"idx": "170", "arch": "(((0, 2), (1, 1), (1, 1), (2, 4), (3, 0), (2, 5), (1, 2), (4, 0)), ((1, 1), (0, 5), (0, 2), (2, 0), (3, 3), (2, 0), (0, 2), (4, 6)))", "plain": {"score": 0.24531464278697968, "time": 1.261279668979114}, "val_accuracy": 92.41274471022471}, {"idx": "171", "arch": "(((1, 2), (0, 2), (1, 4), (0, 3), (2, 1), (3, 6), (3, 1), (1, 4)), ((1, 6), (0, 4), (0, 2), (2, 6), (2, 6), (3, 3), (1, 3), (2, 6)))", "plain": {"score": 0.08458346873521805, "time": 1.3979438669921365}, "val_accuracy": 92.86797910467446}, {"idx": "172", "arch": "(((0, 2), (1, 3), (1, 4), (2, 3), (2, 4), (1, 5), (2, 0), (1, 4)), ((0, 1), (1, 3), (0, 5), (2, 4), (0, 4), (3, 4), (3, 0), (0, 2)))", "plain": {"score": 0.0767533928155899, "time": 1.5710187350050546}, "val_accuracy": 92.41274389981862}, {"idx": "173", "arch": "(((1, 6), (0, 3), (2, 4), (1, 1), (3, 0), (2, 4), (4, 3), (1, 0)), ((0, 1), (1, 3), (1, 6), (0, 1), (1, 5), (2, 2), (1, 0), (0, 1)))", "plain": {"score": 0.11125527322292328, "time": 1.4897425369999837}, "val_accuracy": 90.13656889433564}, {"idx": "174", "arch": "(((1, 6), (0, 6), (0, 0), (1, 4), (1, 0), (3, 0), (3, 4), (2, 1)), ((0, 2), (1, 0), (2, 5), (1, 5), (2, 4), (3, 1), (0, 5), (1, 2)))", "plain": {"score": 0.2595037817955017, "time": 1.4698288310028147}, "val_accuracy": 91.95750950536888}, {"idx": "175", "arch": "(((1, 3), (0, 5), (2, 3), (0, 4), (1, 3), (3, 1), (0, 2), (3, 4)), ((1, 6), (0, 4), (2, 6), (0, 1), (1, 3), (0, 1), (4, 4), (1, 1)))", "plain": {"score": 0.13175609707832336, "time": 1.5090773710107896}, "val_accuracy": 92.86797940568243}, {"idx": "176", "arch": "(((1, 3), (0, 6), (0, 5), (2, 4), (0, 5), (2, 4), (0, 0), (2, 1)), ((1, 0), (0, 1), (0, 3), (1, 2), (2, 1), (1, 2), (2, 2), (0, 6)))", "plain": {"score": -0.07492535561323166, "time": 1.4878282429999672}, "val_accuracy": 92.71623440686054}, {"idx": "177", "arch": "(((0, 1), (1, 4), (1, 1), (2, 0), (1, 6), (2, 4), (0, 2), (2, 5)), ((1, 1), (0, 4), (0, 3), (2, 3), (2, 6), (3, 3), (2, 3), (4, 3)))", "plain": {"score": 0.23248131573200226, "time": 1.3990745240007527}, "val_accuracy": 91.65401950772507}, {"idx": "178", "arch": "(((0, 1), (1, 6), (1, 4), (2, 5), (3, 2), (2, 6), (3, 6), (1, 5)), ((0, 1), (1, 5), (1, 4), (0, 1), (1, 2), (0, 4), (1, 5), (2, 0)))", "plain": {"score": 0.45922017097473145, "time": 1.4159362639766186}, "val_accuracy": 91.35053011209722}, {"idx": "179", "arch": "(((1, 6), (0, 1), (2, 2), (1, 4), (0, 2), (1, 0), (3, 3), (0, 3)), ((0, 3), (1, 6), (2, 2), (1, 1), (0, 1), (1, 4), (0, 4), (3, 3)))", "plain": {"score": 0.1911829710006714, "time": 1.341678608005168}, "val_accuracy": 92.71623329544646}, {"idx": "180", "arch": "(((0, 2), (1, 2), (1, 4), (0, 2), (3, 1), (1, 0), (2, 5), (3, 2)), ((1, 3), (0, 2), (2, 5), (0, 2), (0, 3), (1, 0), (2, 3), (0, 5)))", "plain": {"score": -0.013855911791324615, "time": 1.1278274850046728}, "val_accuracy": 91.80576531695307}, {"idx": "181", "arch": "(((1, 0), (0, 5), (0, 3), (1, 2), (3, 1), (1, 0), (2, 6), (0, 4)), ((0, 3), (1, 3), (0, 1), (1, 3), (3, 0), (1, 2), (2, 5), (0, 6)))", "plain": {"score": 0.29844582080841064, "time": 1.3438309299817774}, "val_accuracy": 92.71623410585256}, {"idx": "182", "arch": "(((1, 6), (0, 5), (2, 3), (1, 0), (2, 0), (1, 3), (4, 3), (2, 2)), ((1, 3), (0, 3), (1, 1), (0, 4), (3, 3), (0, 0), (0, 6), (1, 3)))", "plain": {"score": -0.01907254196703434, "time": 1.399465459981002}, "val_accuracy": 93.01972542330057}, {"idx": "183", "arch": "(((0, 2), (1, 6), (1, 5), (0, 6), (3, 6), (1, 4), (0, 6), (3, 5)), ((1, 2), (0, 2), (0, 4), (1, 5), (1, 1), (3, 1), (1, 1), (0, 2)))", "plain": {"score": 0.07974621653556824, "time": 1.4604255349840969}, "val_accuracy": 92.26099941039483}, {"idx": "184", "arch": "(((1, 6), (0, 5), (0, 3), (2, 1), (3, 2), (0, 5), (4, 5), (0, 6)), ((0, 5), (1, 5), (2, 4), (1, 2), (1, 6), (2, 4), (2, 0), (4, 0)))", "plain": {"score": 0.15267913043498993, "time": 1.3376391530036926}, "val_accuracy": 92.41274521962283}, {"idx": "185", "arch": "(((0, 2), (1, 2), (0, 4), (1, 6), (1, 2), (2, 2), (1, 6), (3, 1)), ((0, 4), (1, 3), (0, 1), (2, 2), (2, 1), (3, 3), (0, 5), (4, 5)))", "plain": {"score": -0.008150095120072365, "time": 1.1815261950250715}, "val_accuracy": 93.17147042212247}, {"idx": "186", "arch": "(((0, 5), (1, 1), (0, 2), (2, 5), (2, 1), (3, 6), (3, 6), (0, 6)), ((1, 5), (0, 5), (1, 4), (2, 4), (2, 6), (3, 2), (2, 4), (3, 0)))", "plain": {"score": 0.2502068281173706, "time": 1.3360360619844869}, "val_accuracy": 92.5644905194527}, {"idx": "187", "arch": "(((1, 5), (0, 5), (2, 0), (0, 2), (0, 0), (2, 1), (4, 5), (3, 0)), ((1, 4), (0, 6), (2, 5), (0, 2), (2, 3), (3, 0), (2, 1), (1, 6)))", "plain": {"score": 0.014447437599301338, "time": 1.2200852730020415}, "val_accuracy": 92.56448910703065}, {"idx": "188", "arch": "(((0, 4), (1, 4), (0, 2), (2, 1), (3, 6), (1, 3), (2, 6), (4, 3)), ((0, 2), (1, 5), (1, 4), (0, 2), (1, 1), (2, 6), (4, 3), (2, 4)))", "plain": {"score": 0.010749050416052341, "time": 1.5799799830128904}, "val_accuracy": 91.80576369614087}, {"idx": "189", "arch": "(((0, 1), (1, 6), (1, 0), (2, 6), (1, 3), (0, 2), (2, 6), (1, 1)), ((1, 2), (0, 4), (2, 5), (0, 0), (2, 4), (1, 5), (0, 3), (1, 2)))", "plain": {"score": -0.1533728986978531, "time": 1.361216635996243}, "val_accuracy": 92.56449021844473}, {"idx": "190", "arch": "(((0, 0), (1, 0), (0, 4), (1, 6), (1, 2), (3, 4), (4, 1), (1, 5)), ((1, 3), (0, 5), (2, 5), (0, 6), (3, 6), (1, 3), (0, 2), (1, 1)))", "plain": {"score": 0.22222286462783813, "time": 1.4210505199735053}, "val_accuracy": 92.26100001241079}, {"idx": "191", "arch": "(((0, 4), (1, 1), (2, 4), (0, 1), (1, 0), (2, 6), (2, 3), (3, 4)), ((0, 6), (1, 3), (1, 6), (0, 0), (1, 4), (0, 0), (4, 4), (2, 5)))", "plain": {"score": 0.05997385457158089, "time": 1.6086294180131517}, "val_accuracy": 92.86797961407258}, {"idx": "192", "arch": "(((1, 1), (0, 3), (1, 6), (2, 4), (3, 5), (1, 0), (1, 0), (0, 1)), ((1, 2), (0, 4), (1, 1), (0, 1), (3, 2), (2, 3), (3, 2), (0, 1)))", "plain": {"score": 0.11689414829015732, "time": 1.3400079800048843}, "val_accuracy": 93.32321511993639}, {"idx": "193", "arch": "(((1, 4), (0, 3), (0, 0), (2, 3), (1, 4), (3, 1), (0, 2), (1, 4)), ((1, 5), (0, 3), (2, 3), (0, 1), (3, 4), (1, 1), (3, 0), (2, 4)))", "plain": {"score": 0.11129072308540344, "time": 1.5538636849960312}, "val_accuracy": 92.41274410820876}, {"idx": "194", "arch": "(((0, 5), (1, 4), (0, 4), (1, 0), (1, 1), (2, 5), (1, 5), (3, 6)), ((1, 3), (0, 5), (0, 5), (2, 2), (0, 1), (1, 0), (1, 4), (4, 1)))", "plain": {"score": -0.033683426678180695, "time": 1.4281629849865567}, "val_accuracy": 92.10925390217481}, {"idx": "195", "arch": "(((1, 5), (0, 6), (0, 5), (1, 4), (3, 3), (1, 4), (2, 1), (4, 6)), ((1, 0), (0, 1), (1, 4), (2, 3), (1, 4), (0, 6), (3, 2), (0, 4)))", "plain": {"score": 0.007441949564963579, "time": 1.594144453003537}, "val_accuracy": 91.95750950536888}, {"idx": "196", "arch": "(((1, 0), (0, 1), (2, 6), (1, 3), (2, 4), (3, 1), (1, 3), (4, 0)), ((0, 6), (1, 1), (1, 5), (0, 6), (2, 0), (0, 2), (1, 5), (0, 2)))", "plain": {"score": 0.2522547245025635, "time": 1.4389246059872676}, "val_accuracy": 91.80576390453102}, {"idx": "197", "arch": "(((0, 2), (1, 0), (1, 4), (2, 4), (0, 6), (2, 2), (0, 2), (1, 1)), ((1, 6), (0, 2), (1, 5), (0, 6), (2, 2), (1, 6), (4, 4), (1, 2)))", "plain": {"score": 0.27735328674316406, "time": 1.3110925439978018}, "val_accuracy": 93.17146900970042}, {"idx": "198", "arch": "(((0, 4), (1, 0), (0, 2), (1, 1), (3, 2), (0, 4), (3, 2), (0, 1)), ((0, 0), (1, 1), (1, 6), (0, 3), (2, 2), (1, 2), (1, 6), (3, 6)))", "plain": {"score": 0.0059493184089660645, "time": 1.2217002560209949}, "val_accuracy": 92.86798042447867}]